target_id,prot_ps,prot_acf,prot_cs,e_prot_ps,E_prot_ps,e_prot_acf,E_prot_acf,e_prot_cs,E_prot_cs,sph_ps,sph_acf,sph_cs,h_ps,fa_prob_ps,hacf,gacf,hcs
001,33.054981850152835,11.208261600106198,16.348645368155832,4.861871307690382,6.916977503800993,-1.0,-1.0,3.8748610075264938,3.8748610075264938,196.0024317223067,197.57300078904322,217.81895919517794,0.01611371572599543,0.0,-0.15425810399587198,0.0006490969608855812,0.48920896808901543
