target_id,prot_ps,prot_acf,prot_cs,e_prot_ps,E_prot_ps,e_prot_acf,E_prot_acf,e_prot_cs,E_prot_cs,sph_ps,sph_acf,sph_cs,h_ps,fa_prob_ps,hacf,gacf,hcs
002,17.35386547133024,18.215161200172588,17.308823752723825,2.362524952970613,3.23435835676964,-1.0,-1.0,0.4244937812292807,0.4244937812292807,130.5301991300816,132.0355348055242,130.5414379231379,0.08386558531512751,0.0,0.27129930744210196,0.6264257598429378,0.8898725816753527
