target_id,prot_ps,prot_acf,prot_cs,e_prot_ps,E_prot_ps,e_prot_acf,E_prot_acf,e_prot_cs,E_prot_cs,sph_ps,sph_acf,sph_cs,h_ps,fa_prob_ps,hacf,gacf,hcs
003,21.034988450097263,20.92347720019825,20.924821771109073,2.2484530517891734,2.852079681392329,-1.0,-1.0,0.7276128499543149,0.7276128499543149,107.46990682559051,107.61950359458955,107.61950359458955,0.15217007415924683,0.0,0.5520956100116438,1.054497464375204,0.9832887898007047
