target_id,prot_ps,prot_acf,prot_cs,e_prot_ps,E_prot_ps,e_prot_acf,E_prot_acf,e_prot_cs,E_prot_cs,sph_ps,sph_acf,sph_cs,h_ps,fa_prob_ps,hacf,gacf,hcs
007,43.3846636783256,33.034510800313,29.830434084282647,1.771328304456972,1.9271170621258378,-1.0,-1.0,1.3453240396829067,1.3453240396829067,509.0726078509349,496.27938986059826,460.4051328970554,0.21868829065478276,0.0,0.19069833667206978,0.38611107619082274,0.43866410355049895
