target_id,prot_ps,prot_acf,prot_cs,e_prot_ps,E_prot_ps,e_prot_acf,E_prot_acf,e_prot_cs,E_prot_cs,sph_ps,sph_acf,sph_cs,h_ps,fa_prob_ps,hacf,gacf,hcs
008,43.3846636783256,34.1317260003234,43.212868903414005,1.9213939809592588,2.1085557586700574,-1.0,-1.0,2.6832356889722355,2.6832356889722355,268.79261126390395,264.9227955628041,269.7838152035874,0.2745728659759136,0.0,0.2290978932300621,0.4463821250989719,0.5068874645626179
