target_id,prot_ps,prot_acf,prot_cs,e_prot_ps,E_prot_ps,e_prot_acf,E_prot_acf,e_prot_cs,E_prot_cs,sph_ps,sph_acf,sph_cs,h_ps,fa_prob_ps,hacf,gacf,hcs
010,15.090317801156733,14.812405200140347,15.269138388144674,1.5888064826134727,2.014159930627315,-1.0,-1.0,0.9989694704846582,0.9989694704846582,713.833155967069,706.589243947338,713.3136490649524,0.28722775153839475,0.0,0.7426470866683567,1.5040140094796957,0.9107506298601197
