target_id,prot_ps,prot_acf,prot_cs,e_prot_ps,E_prot_ps,e_prot_acf,E_prot_acf,e_prot_cs,E_prot_cs,sph_ps,sph_acf,sph_cs,h_ps,fa_prob_ps,hacf,gacf,hcs
011,13.610874879474698,13.312414800126135,13.712559477651721,1.9157917860916758,2.656003842461363,-1.0,-1.0,1.3587553217694104,1.3587553217694104,821.6551330924876,834.3195383650003,819.2461407577791,0.11993708044477834,0.0,0.633746930383581,1.3253892123377229,0.9904061269374662
