target_id,prot_ps,prot_acf,prot_cs,e_prot_ps,E_prot_ps,e_prot_acf,E_prot_acf,e_prot_cs,E_prot_cs,sph_ps,sph_acf,sph_cs,h_ps,fa_prob_ps,hacf,gacf,hcs
016,38.564145491844975,37.340038800353796,38.63006810759299,4.5351266404880946,5.948105817860714,-1.0,-1.0,1.5370069322962805,1.5370069322962805,661.0935198404949,655.6662066529716,661.4417798659238,0.35638092125161874,0.0,0.6645771934964405,1.1120704325684112,0.9610595640320861
