target_id,prot_ps,prot_acf,prot_cs,e_prot_ps,E_prot_ps,e_prot_acf,E_prot_acf,e_prot_cs,E_prot_cs,sph_ps,sph_acf,sph_cs,h_ps,fa_prob_ps,hacf,gacf,hcs
023,30.180635602313465,28.826204400273127,30.27165126456634,4.052321253057279,5.560442264791622,-1.0,-1.0,1.5203821026867577,1.5203821026867577,486.2582323967673,480.2592313893626,486.3873494287453,0.3114021079863349,0.0,0.7073687657996762,1.3985674264707268,0.9344722875758501
