target_id,prot_ps,prot_acf,prot_cs,e_prot_ps,E_prot_ps,e_prot_acf,E_prot_acf,e_prot_cs,E_prot_cs,sph_ps,sph_acf,sph_cs,h_ps,fa_prob_ps,hacf,gacf,hcs
024,43.3846636783256,30.430360800288327,29.21967410427685,0.7636584043597523,0.7915184789081522,-1.0,-1.0,2.0515808879785036,2.0515808879785036,916.0836722071913,828.3541535731644,844.4636233295439,0.1993532403555361,0.0,0.18388188584692816,0.4480518726308983,0.6083441174875643
