target_id,prot_ps,prot_acf,prot_cs,e_prot_ps,E_prot_ps,e_prot_acf,E_prot_acf,e_prot_cs,E_prot_cs,sph_ps,sph_acf,sph_cs,h_ps,fa_prob_ps,hacf,gacf,hcs
027,43.3846636783256,33.23589840031491,43.878608064415744,1.7058852373844715,1.8499071942009024,-1.0,-1.0,2.963848448073678,2.963848448073678,816.7712982201894,806.6834730022024,811.5962316561642,0.2474559305340438,0.0,0.18236233964777057,0.3782070463131194,0.5163302346962918
