target_id,prot_ps,prot_acf,prot_cs,e_prot_ps,E_prot_ps,e_prot_acf,E_prot_acf,e_prot_cs,E_prot_cs,sph_ps,sph_acf,sph_cs,h_ps,fa_prob_ps,hacf,gacf,hcs
032,38.564145491844975,33.53450760031774,38.156005800361534,10.257489379488451,22.168288341393854,-1.0,-1.0,6.602952690219622,6.602952690219622,379.39895904780377,394.413139265311,380.28100029255256,0.08299736501469325,0.0,0.305040480882396,0.5849388863873421,0.6934954032498478
