target_id,prot_ps,prot_acf,prot_cs,e_prot_ps,E_prot_ps,e_prot_acf,E_prot_acf,e_prot_cs,E_prot_cs,sph_ps,sph_acf,sph_cs,h_ps,fa_prob_ps,hacf,gacf,hcs
033,28.923109118883737,29.131758000276022,29.21967410427685,2.826429976536737,3.5045192889743717,-1.0,-1.0,1.9756786335243477,1.9756786335243477,669.4648229325217,665.7989777346301,665.0334037615444,0.33634558251743485,0.0,0.8294197255594215,1.6333163337274108,0.9972219030328054
