target_id,prot_ps,prot_acf,prot_cs,e_prot_ps,E_prot_ps,e_prot_acf,E_prot_acf,e_prot_cs,E_prot_cs,sph_ps,sph_acf,sph_cs,h_ps,fa_prob_ps,hacf,gacf,hcs
035,43.3846636783256,33.83311680032057,29.21967410427685,1.3057933835249074,1.3885423440741391,-1.0,-1.0,1.2344576982683741,1.2344576982683741,1034.2737168146944,1027.1945703572462,977.7305894167588,0.2241701470530181,0.0,0.1997111323899856,0.4041929058470351,0.44777954034930006
