target_id,prot_ps,prot_acf,prot_cs,e_prot_ps,E_prot_ps,e_prot_acf,E_prot_acf,e_prot_cs,E_prot_cs,sph_ps,sph_acf,sph_cs,h_ps,fa_prob_ps,hacf,gacf,hcs
036,53.396509142554585,52.15244400049414,53.58138689721207,2.0066773675944702,2.167997533937587,-1.0,-1.0,2.833820220308055,2.833820220308055,315.82374359840816,312.3658065511307,316.23324514869836,0.12419384169879945,0.0,0.37371096854299607,0.7125695120565441,0.9535594801445506
