target_id,prot_ps,prot_acf,prot_cs,e_prot_ps,E_prot_ps,e_prot_acf,E_prot_acf,e_prot_cs,E_prot_cs,sph_ps,sph_acf,sph_cs,h_ps,fa_prob_ps,hacf,gacf,hcs
037,16.143130671004872,16.215174000153638,16.279131924154242,2.2860293702604917,3.17675217019163,-1.0,-1.0,1.2929727784525498,1.2929727784525498,348.90137438130455,353.6736004594083,356.4584020565814,0.18752956586507188,0.0,0.7142510469308402,1.4681902253021235,0.9920962079693961
