target_id,prot_ps,prot_acf,prot_cs,e_prot_ps,E_prot_ps,e_prot_acf,E_prot_acf,e_prot_cs,E_prot_cs,sph_ps,sph_acf,sph_cs,h_ps,fa_prob_ps,hacf,gacf,hcs
039,46.27697459021399,43.340000400410645,44.59131066546698,2.2463492544210197,2.490557462402883,-1.0,-1.0,3.296968710123242,3.296968710123242,403.0173035123942,375.10855022045604,406.79296719401344,0.11202484341294089,0.0,0.33597575266268936,0.6160401640016459,0.905478637522029
