target_id,prot_ps,prot_acf,prot_cs,e_prot_ps,E_prot_ps,e_prot_acf,E_prot_acf,e_prot_cs,E_prot_cs,sph_ps,sph_acf,sph_cs,h_ps,fa_prob_ps,hacf,gacf,hcs
041,17.79883638085153,18.117939600171667,17.997523704170522,2.030449922154208,2.6228926596185644,-1.0,-1.0,1.3729910787378043,1.3729910787378043,340.09334668736005,340.0250869505668,341.1723344327668,0.1845797641175007,0.0,0.3812108177119798,0.9651488912877447,0.9606796377965287
