target_id,prot_ps,prot_acf,prot_cs,e_prot_ps,E_prot_ps,e_prot_acf,E_prot_acf,e_prot_cs,E_prot_cs,sph_ps,sph_acf,sph_cs,h_ps,fa_prob_ps,hacf,gacf,hcs
044,33.054981850152835,27.826210800263652,26.996285556255785,8.030451730482014,15.76896779910686,-1.0,-1.0,1.588992533452032,1.588992533452032,870.8249051172568,846.7037721326063,857.4101451335971,0.1750807664304067,0.0,0.5204190416160095,0.9961983125273692,0.7870837840107936
