target_id,prot_ps,prot_acf,prot_cs,e_prot_ps,E_prot_ps,e_prot_acf,E_prot_acf,e_prot_cs,E_prot_cs,sph_ps,sph_acf,sph_cs,h_ps,fa_prob_ps,hacf,gacf,hcs
046,28.923109118883737,31.63174200029971,29.21967410427685,0.6768069855430561,0.7096885795923917,-1.0,-1.0,1.1736603620219541,1.1736603620219541,548.2343162776864,581.7848081900146,547.3530018120794,0.17691240060777993,0.0,0.19132630523007524,0.4180053132459971,0.8190115400360306
