target_id,prot_ps,prot_acf,prot_cs,e_prot_ps,E_prot_ps,e_prot_acf,E_prot_acf,e_prot_cs,E_prot_cs,sph_ps,sph_acf,sph_cs,h_ps,fa_prob_ps,hacf,gacf,hcs
047,27.766184754128385,27.027604800256086,27.451699308260107,4.2467334506853405,6.145346987929543,-1.0,-1.0,3.665414562153495,3.665414562153495,1049.0432814006053,1054.1832948933989,1048.0120168460842,0.16597023377172937,0.0,0.3068366162464246,0.705992933484695,0.9581737555615701
