target_id,prot_ps,prot_acf,prot_cs,e_prot_ps,E_prot_ps,e_prot_acf,E_prot_acf,e_prot_cs,E_prot_cs,sph_ps,sph_acf,sph_cs,h_ps,fa_prob_ps,hacf,gacf,hcs
048,16.143130671004872,15.416568000146071,15.956772876151192,1.5817273981153974,1.9646392440161193,-1.0,-1.0,0.4588609781484714,0.4588609781484714,291.9419957671237,289.2169784333862,290.91197517817926,0.17247533410583,0.0,0.4954898987711759,1.0760933006863993,0.9448183066657015
