target_id,prot_ps,prot_acf,prot_cs,e_prot_ps,E_prot_ps,e_prot_acf,E_prot_acf,e_prot_cs,E_prot_cs,sph_ps,sph_acf,sph_cs,h_ps,fa_prob_ps,hacf,gacf,hcs
054,31.55248267514589,30.02758560028451,31.219175196295804,2.2432906210902175,2.619492067263785,-1.0,-1.0,1.64989359848571,1.64989359848571,672.7446920458752,656.4078356755518,638.2677611764365,0.379546851017265,0.0,0.8662437677766932,1.7021646321036397,0.9471819357649925
