target_id,prot_ps,prot_acf,prot_cs,e_prot_ps,E_prot_ps,e_prot_acf,E_prot_acf,e_prot_cs,E_prot_cs,sph_ps,sph_acf,sph_cs,h_ps,fa_prob_ps,hacf,gacf,hcs
056,24.79123638761463,26.02761120024661,25.074492300237576,3.1335317093592607,4.179522192887283,-1.0,-1.0,3.4110056781955813,3.4110056781955813,1419.7367804597682,1330.9424496153624,1431.493757116605,0.19211838073778253,0.0,0.6730707516059213,1.335467114902702,0.9499267557774058
