target_id,prot_ps,prot_acf,prot_cs,e_prot_ps,E_prot_ps,e_prot_acf,E_prot_acf,e_prot_cs,E_prot_cs,sph_ps,sph_acf,sph_cs,h_ps,fa_prob_ps,hacf,gacf,hcs
064,43.3846636783256,41.74278840039551,43.241101602948994,3.6143170175519685,4.345611454919826,-1.0,-1.0,2.0858382818562036,2.0858382818562036,454.63893154723155,464.591252032287,456.3595468416618,0.6237292967805698,0.0,0.8510543463228908,1.681482423517095,0.9544500950203899
