target_id,prot_ps,prot_acf,prot_cs,e_prot_ps,E_prot_ps,e_prot_acf,E_prot_acf,e_prot_cs,E_prot_cs,sph_ps,sph_acf,sph_cs,h_ps,fa_prob_ps,hacf,gacf,hcs
068,43.3846636783256,32.034517200303526,43.651410553633404,1.4965025227767512,1.6062025457048676,-1.0,-1.0,2.0873941713305206,2.0873941713305206,277.6997171474853,272.30615527402534,277.2289279907133,0.28284422757942146,0.0,0.17028619138659584,0.32690947555269656,0.9332900483865537
