target_id,prot_ps,prot_acf,prot_cs,e_prot_ps,E_prot_ps,e_prot_acf,E_prot_acf,e_prot_cs,E_prot_cs,sph_ps,sph_acf,sph_cs,h_ps,fa_prob_ps,hacf,gacf,hcs
070,25.70943032789666,24.32623320023049,24.967990947460684,4.634302388645221,7.288002060334158,-1.0,-1.0,1.838633570486639,1.838633570486639,232.67731968103948,226.1158811394421,222.36792672480036,0.1138524502830012,0.0,0.5226676987646727,1.045402179726902,0.9506468619264955
