target_id,prot_ps,prot_acf,prot_cs,e_prot_ps,E_prot_ps,e_prot_acf,E_prot_acf,e_prot_cs,E_prot_cs,sph_ps,sph_acf,sph_cs,h_ps,fa_prob_ps,hacf,gacf,hcs
071,43.3846636783256,31.4303544002978,29.21967410427685,1.268655102214609,1.3466235199922139,-1.0,-1.0,1.2979368854973552,1.2979368854973552,846.186276525491,853.7634551705486,765.7628673557499,0.2637688964028649,0.0,0.2559428478415763,0.5321014652732958,0.6212000993270534
