target_id,prot_ps,prot_acf,prot_cs,e_prot_ps,E_prot_ps,e_prot_acf,E_prot_acf,e_prot_cs,E_prot_cs,sph_ps,sph_acf,sph_cs,h_ps,fa_prob_ps,hacf,gacf,hcs
075,23.138487295106984,23.124852000219107,23.11055362681415,5.374564428499163,9.97107879662833,-1.0,-1.0,1.244386366758346,1.244386366758346,288.97833094820265,289.0287722572143,289.07951741486113,0.17483334129583133,0.0,0.38124818570727137,0.8421671742021297,0.9872631896695615
