target_id,prot_ps,prot_acf,prot_cs,e_prot_ps,E_prot_ps,e_prot_acf,E_prot_acf,e_prot_cs,E_prot_cs,sph_ps,sph_acf,sph_cs,h_ps,fa_prob_ps,hacf,gacf,hcs
077,10.517494225048633,10.61104320010054,10.618959816100613,0.7271954931347189,0.8425392917668191,-1.0,-1.0,0.5971629046412635,0.5971629046412635,2069.5838585193756,2068.935126268958,2069.2553890004065,0.20937311991068366,0.0,0.7426421110000928,1.5308884250481978,0.9755425266932582
