target_id,prot_ps,prot_acf,prot_cs,e_prot_ps,E_prot_ps,e_prot_acf,E_prot_acf,e_prot_cs,E_prot_cs,sph_ps,sph_acf,sph_cs,h_ps,fa_prob_ps,hacf,gacf,hcs
078,43.3846636783256,34.1317260003234,35.083247688332406,3.3400751215615756,3.9551606299867217,-1.0,-1.0,14.682886817135584,14.682886817135584,522.9984104973064,511.6315210052422,498.03005133684246,0.15505186152159448,0.0,0.3441655024191137,0.7459393571944221,0.6077184669993251
