target_id,prot_ps,prot_acf,prot_cs,e_prot_ps,E_prot_ps,e_prot_acf,E_prot_acf,e_prot_cs,E_prot_cs,sph_ps,sph_acf,sph_cs,h_ps,fa_prob_ps,hacf,gacf,hcs
079,26.698254571277293,26.32622040024944,26.996285556255785,3.1716138960949607,4.147059039241068,-1.0,-1.0,1.3285212646844775,1.3285212646844775,1187.792426411347,1181.8084623501643,1202.0461358144519,0.3652922907490995,0.0,0.8403515229813059,1.633363682241204,0.9884135627958354
