target_id,prot_ps,prot_acf,prot_cs,e_prot_ps,E_prot_ps,e_prot_acf,E_prot_acf,e_prot_cs,E_prot_cs,sph_ps,sph_acf,sph_cs,h_ps,fa_prob_ps,hacf,gacf,hcs
080,13.097256959494521,11.909646000112843,11.320344216107257,1.8241568718440089,2.5382791625191174,-1.0,-1.0,1.639880586429039,1.639880586429039,269.81331087523563,269.72046876254666,273.76457066232734,0.09728890365268851,0.0,0.5156913706029939,0.9853976409298517,0.7249873120270273
