target_id,prot_ps,prot_acf,prot_cs,e_prot_ps,E_prot_ps,e_prot_acf,E_prot_acf,e_prot_cs,E_prot_cs,sph_ps,sph_acf,sph_cs,h_ps,fa_prob_ps,hacf,gacf,hcs
084,30.180635602313465,28.631761200271285,29.96206582276781,5.0568797796868665,7.644087210594709,-1.0,-1.0,1.3215724348850089,1.3215724348850089,566.2909323835543,543.8114702994302,561.980312917961,0.3002984868779271,0.0,0.5453694209456217,1.107644465116,0.9284683507959484
