target_id,prot_ps,prot_acf,prot_cs,e_prot_ps,E_prot_ps,e_prot_acf,E_prot_acf,e_prot_cs,E_prot_cs,sph_ps,sph_acf,sph_cs,h_ps,fa_prob_ps,hacf,gacf,hcs
085,31.55248267514589,26.62482960025227,28.104472908266285,4.085475689937734,5.493993859393203,-1.0,-1.0,3.660567071177329,3.660567071177329,120.08500157283711,116.88507645766317,116.0352341523367,0.12791816799318462,0.0,0.3322252682136258,0.5360298353661719,0.2208944332427592
