target_id,prot_ps,prot_acf,prot_cs,e_prot_ps,E_prot_ps,e_prot_acf,E_prot_acf,e_prot_cs,E_prot_cs,sph_ps,sph_acf,sph_cs,h_ps,fa_prob_ps,hacf,gacf,hcs
088,28.923109118883737,31.131745200294972,29.21967410427685,0.6932632532560206,0.7278040927406337,-1.0,-1.0,1.3474775539291775,1.3474775539291775,445.30182359997855,412.62491520274205,438.1021679467361,0.1843294364638629,0.0,0.19768113522288538,0.41853194670795996,0.8549256180210534
