target_id,prot_ps,prot_acf,prot_cs,e_prot_ps,E_prot_ps,e_prot_acf,E_prot_acf,e_prot_cs,E_prot_cs,sph_ps,sph_acf,sph_cs,h_ps,fa_prob_ps,hacf,gacf,hcs
091,43.3846636783256,33.937282800321555,29.68985439749104,1.5711081967847278,1.692462175917889,-1.0,-1.0,1.3396207001631357,1.3396207001631357,818.1140939010005,821.613217963676,763.7535548972426,0.20223464982348388,0.0,0.19108365922347187,0.40633849487019125,0.3727806137756645
