target_id,prot_ps,prot_acf,prot_cs,e_prot_ps,E_prot_ps,e_prot_acf,E_prot_acf,e_prot_cs,E_prot_cs,sph_ps,sph_acf,sph_cs,h_ps,fa_prob_ps,hacf,gacf,hcs
096,46.27697459021399,41.242791600390774,45.78720696043384,2.738568206162306,3.1061018325066385,-1.0,-1.0,4.028321831172024,4.028321831172024,1020.5132368419763,1047.564986183844,1020.707786817703,0.1507319195769472,0.0,0.3354360927046887,0.389173057111473,0.7501525721853378
