target_id,prot_ps,prot_acf,prot_cs,e_prot_ps,E_prot_ps,e_prot_acf,E_prot_acf,e_prot_cs,E_prot_cs,sph_ps,sph_acf,sph_cs,h_ps,fa_prob_ps,hacf,gacf,hcs
097,6.87281800844762,6.3055152000597445,6.368570352060341,0.9217215833415509,1.2641987687578915,-1.0,-1.0,0.4993699967032349,0.4993699967032349,1330.2792999382364,1322.8366776881674,1318.8557431679415,0.11257019742750037,0.0,0.577207040932483,1.0203303050751182,0.6591805350412794
