target_id,prot_ps,prot_acf,prot_cs,e_prot_ps,E_prot_ps,e_prot_acf,E_prot_acf,e_prot_cs,E_prot_cs,sph_ps,sph_acf,sph_cs,h_ps,fa_prob_ps,hacf,gacf,hcs
099,27.766184754128385,30.527582400289248,28.104472908266285,5.782247178815446,9.839286875886522,-1.0,-1.0,4.849080705829195,4.849080705829195,685.1127114459616,692.5613274969155,685.6617662280383,0.14728100243116518,0.0,0.3956278787178987,0.7995364247068533,0.8109741153617818
