target_id,prot_ps,prot_acf,prot_cs,e_prot_ps,E_prot_ps,e_prot_acf,E_prot_acf,e_prot_cs,E_prot_cs,sph_ps,sph_acf,sph_cs,h_ps,fa_prob_ps,hacf,gacf,hcs
102,18.760935644681343,18.319327200173575,18.765317698455423,2.623241677925858,3.627535117672327,-1.0,-1.0,0.4038997920457234,0.4038997920457234,795.4882167529594,743.5800074203269,795.3648578817736,0.2898267092648338,0.0,0.5743113994209783,1.2225708203066152,0.919499344145794
