target_id,prot_ps,prot_acf,prot_cs,e_prot_ps,E_prot_ps,e_prot_acf,E_prot_acf,e_prot_cs,E_prot_cs,sph_ps,sph_acf,sph_cs,h_ps,fa_prob_ps,hacf,gacf,hcs
105,43.3846636783256,14.916571200141334,43.878608064415744,1.616192383131036,1.7448962579240757,-1.0,-1.0,2.0852050728581206,2.0852050728581206,1309.8430956872223,1260.5614585333792,1312.2045135422159,0.06803073384506989,0.0,0.1032172303028663,0.41198391630601705,1.1960774873945648
