target_id,prot_ps,prot_acf,prot_cs,e_prot_ps,E_prot_ps,e_prot_acf,E_prot_acf,e_prot_cs,E_prot_cs,sph_ps,sph_acf,sph_cs,h_ps,fa_prob_ps,hacf,gacf,hcs
107,11.1960422395679,10.70826480010146,11.150505300052762,1.3905004459130144,1.856166963526693,-1.0,-1.0,0.45492831630358216,0.45492831630358216,418.8452877957598,405.1908517434389,419.54817560090623,0.08257583884105103,0.0,0.4023916514343894,0.8939903943588767,0.9586401756929429
