target_id,prot_ps,prot_acf,prot_cs,e_prot_ps,E_prot_ps,e_prot_acf,E_prot_acf,e_prot_cs,E_prot_cs,sph_ps,sph_acf,sph_cs,h_ps,fa_prob_ps,hacf,gacf,hcs
108,43.3846636783256,32.73590160031017,32.70416569230988,0.6554147431565411,0.6758583299847274,-1.0,-1.0,6.193822197531365,6.193822197531365,846.9925427918746,838.6634081561746,839.0241559466675,0.12113830999374017,0.0,0.10351234460277776,0.33867928366009625,0.7094206661536014
