target_id,prot_ps,prot_acf,prot_cs,e_prot_ps,E_prot_ps,e_prot_acf,E_prot_acf,e_prot_cs,E_prot_cs,sph_ps,sph_acf,sph_cs,h_ps,fa_prob_ps,hacf,gacf,hcs
109,13.610874879474698,13.715190000129951,13.747134240130253,1.2350748345517673,1.5055805282604453,-1.0,-1.0,1.2569044199585804,1.2569044199585804,973.7502931636305,984.2726360345465,985.1532443486474,0.15502938196235957,0.0,0.7528058000239896,1.5103558859687582,0.9975644965891852
