target_id,prot_ps,prot_acf,prot_cs,e_prot_ps,E_prot_ps,e_prot_acf,E_prot_acf,e_prot_cs,E_prot_cs,sph_ps,sph_acf,sph_cs,h_ps,fa_prob_ps,hacf,gacf,hcs
110,43.3846636783256,31.228966800295893,29.21967410427685,1.3513178413360123,1.4401334298081423,-1.0,-1.0,1.323591774375729,1.323591774375729,608.5851166512172,605.3418564484899,579.493873852625,0.17927388590791968,0.0,0.1557452833983015,0.28148952549967077,0.7891065161212419
