target_id,prot_ps,prot_acf,prot_cs,e_prot_ps,E_prot_ps,e_prot_acf,E_prot_acf,e_prot_cs,E_prot_cs,sph_ps,sph_acf,sph_cs,h_ps,fa_prob_ps,hacf,gacf,hcs
113,28.923109118883737,31.4303544002978,29.11802321690708,0.6022113266004965,0.6281054799895252,-1.0,-1.0,0.973597734667369,0.973597734667369,751.4001788411473,786.5361177482649,751.4661668278588,0.21046750590219218,0.0,0.2396576327397679,0.506320075649568,0.8468997185634736
