target_id,prot_ps,prot_acf,prot_cs,e_prot_ps,E_prot_ps,e_prot_acf,E_prot_acf,e_prot_cs,E_prot_cs,sph_ps,sph_acf,sph_cs,h_ps,fa_prob_ps,hacf,gacf,hcs
114,36.534453623853146,34.43727960032629,36.66679122164062,3.0535902036237204,3.673862534366833,-1.0,-1.0,1.9715790150237316,1.9715790150237316,710.6168545121017,727.3302900373641,710.4348199644473,0.27126452794416933,0.0,0.6470464829699842,1.2215725433803637,0.9154859362508394
