target_id,prot_ps,prot_acf,prot_cs,e_prot_ps,E_prot_ps,e_prot_acf,E_prot_acf,e_prot_cs,E_prot_cs,sph_ps,sph_acf,sph_cs,h_ps,fa_prob_ps,hacf,gacf,hcs
115,26.698254571277293,25.527614400241873,26.947239211506503,4.444561500458111,6.696412244856283,-1.0,-1.0,1.1239378432318312,1.1239378432318312,746.044777852207,755.1205599776142,749.7222837756979,0.29594846146867765,0.0,0.6017501327872619,1.1736808398318237,0.9385117816340615
