target_id,prot_ps,prot_acf,prot_cs,e_prot_ps,E_prot_ps,e_prot_acf,E_prot_acf,e_prot_cs,E_prot_cs,sph_ps,sph_acf,sph_cs,h_ps,fa_prob_ps,hacf,gacf,hcs
117,24.79123638761463,23.520682800222858,24.731173317406792,4.5327124844506805,7.187106945220538,-1.0,-1.0,0.679414062969545,0.679414062969545,425.47398646683376,412.7671822007157,424.7551174844561,0.26032142097558275,0.0,0.4651973205775516,0.8956334291878634,0.9093648869422631
