target_id,prot_ps,prot_acf,prot_cs,e_prot_ps,E_prot_ps,e_prot_acf,E_prot_acf,e_prot_cs,E_prot_cs,sph_ps,sph_acf,sph_cs,h_ps,fa_prob_ps,hacf,gacf,hcs
120,28.923109118883737,28.02759840026556,28.641066696271377,3.2182812759304227,4.151366932674094,-1.0,-1.0,3.626654037179613,3.626654037179613,176.19363503750984,175.44604964501235,175.9821128093541,0.07335030132724199,0.0,0.19459073582352318,0.43668762886907597,0.9757812515756462
