target_id,prot_ps,prot_acf,prot_cs,e_prot_ps,E_prot_ps,e_prot_acf,E_prot_acf,e_prot_cs,E_prot_cs,sph_ps,sph_acf,sph_cs,h_ps,fa_prob_ps,hacf,gacf,hcs
124,36.534453623853146,2.1041532000199368,36.16914351634271,11.847891349506519,34.34899951204633,-1.0,-1.0,3.8687023589124427,3.8687023589124427,202.49841702425513,163.7718641222771,202.04209212601157,0.07114725966234924,0.0,0.6741725495046295,0.4729397791756706,0.2566043283572659
