target_id,prot_ps,prot_acf,prot_cs,e_prot_ps,E_prot_ps,e_prot_acf,E_prot_acf,e_prot_cs,E_prot_cs,sph_ps,sph_acf,sph_cs,h_ps,fa_prob_ps,hacf,gacf,hcs
127,18.760935644681343,19.41654240018397,18.909323424179163,3.2025180348646334,4.837558529972085,-1.0,-1.0,2.910597483200248,2.910597483200248,304.54486825564123,305.8885717964175,304.0782438634,0.020505726922962264,0.0,0.14969921937190742,0.3351832698246648,0.9234544955482051
