target_id,prot_ps,prot_acf,prot_cs,e_prot_ps,E_prot_ps,e_prot_acf,E_prot_acf,e_prot_cs,E_prot_cs,sph_ps,sph_acf,sph_cs,h_ps,fa_prob_ps,hacf,gacf,hcs
128,34.70773094266048,2.9027592000275035,34.71663190640544,5.947354981408321,9.05887353679698,-1.0,-1.0,1.20976124045314,1.20976124045314,140.72984167246466,117.52776024098713,140.72979967979407,0.17930984594602423,0.0,0.6611450998744173,0.2167326342055646,0.53409451614265
