target_id,prot_ps,prot_acf,prot_cs,e_prot_ps,E_prot_ps,e_prot_acf,E_prot_acf,e_prot_cs,E_prot_cs,sph_ps,sph_acf,sph_cs,h_ps,fa_prob_ps,hacf,gacf,hcs
129,26.698254571277293,26.124832800247532,26.996285556255785,4.0396533140169915,5.767550069404788,-1.0,-1.0,2.641203456515989,2.641203456515989,548.7228689816405,550.6311936173719,547.5125393661423,0.14839213408549792,0.0,0.5519091480622523,1.0345847125550867,0.980785276208451
