target_id,prot_ps,prot_acf,prot_cs,e_prot_ps,E_prot_ps,e_prot_acf,E_prot_acf,e_prot_cs,E_prot_cs,sph_ps,sph_acf,sph_cs,h_ps,fa_prob_ps,hacf,gacf,hcs
132,25.70943032789666,49.15246320046572,25.58348488750007,0.9085933585897443,0.9784429694263679,-1.0,-1.0,0.8875396846571625,0.8875396846571625,799.1023716935196,794.6934187924923,797.6997609815664,0.29472999171467434,0.0,0.6408032952801781,1.0012032385457181,0.39680465813312316
