target_id,prot_ps,prot_acf,prot_cs,e_prot_ps,E_prot_ps,e_prot_acf,E_prot_acf,e_prot_cs,E_prot_cs,sph_ps,sph_acf,sph_cs,h_ps,fa_prob_ps,hacf,gacf,hcs
135,46.27697459021399,47.74969440045243,48.22719134445694,2.191814859439205,2.418630860026653,-1.0,-1.0,4.13743308912622,4.13743308912622,400.69412153571994,403.7632629929047,405.8164960287532,0.08808616308654944,0.0,0.25152460420247486,0.3302405793861424,0.9962221651046799
