target_id,prot_ps,prot_acf,prot_cs,e_prot_ps,E_prot_ps,e_prot_acf,E_prot_acf,e_prot_cs,E_prot_cs,sph_ps,sph_acf,sph_cs,h_ps,fa_prob_ps,hacf,gacf,hcs
137,40.83262463842409,32.83312320031109,40.73154820246557,1.0733574741633376,1.133548034458812,-1.0,-1.0,1.8962990705286118,1.8962990705286118,181.84728966281568,180.72619975540647,182.03327710702595,0.2084371408615361,0.0,0.2635927954706055,0.44697121875868356,0.49336544580585395
