target_id,prot_ps,prot_acf,prot_cs,e_prot_ps,E_prot_ps,e_prot_acf,E_prot_acf,e_prot_cs,E_prot_cs,sph_ps,sph_acf,sph_cs,h_ps,fa_prob_ps,hacf,gacf,hcs
139,15.090317801156733,14.513796000137518,14.96677921214181,1.4157433382892943,1.7467796493062604,-1.0,-1.0,0.9158606251985003,0.9158606251985003,335.0454958263697,334.79495746035053,335.1785339870985,0.23278430542405082,0.0,0.690486736246299,1.32136639336508,0.8765148998289134
