target_id,prot_ps,prot_acf,prot_cs,e_prot_ps,E_prot_ps,e_prot_acf,E_prot_acf,e_prot_cs,E_prot_cs,sph_ps,sph_acf,sph_cs,h_ps,fa_prob_ps,hacf,gacf,hcs
140,43.3846636783256,37.43726040035472,43.47200598808153,2.9207570624316688,3.380471139163376,-1.0,-1.0,2.2640777138667314,2.2640777138667314,937.073642928025,834.1209064355426,936.2292310210278,0.24711854179281326,0.0,0.28111546798089315,0.6068700979656657,0.6901777554242305
