target_id,prot_ps,prot_acf,prot_cs,e_prot_ps,E_prot_ps,e_prot_acf,E_prot_acf,e_prot_cs,E_prot_cs,sph_ps,sph_acf,sph_cs,h_ps,fa_prob_ps,hacf,gacf,hcs
143,12.854715163948326,11.708258400110935,12.684293820120185,2.7784611189071438,4.931679514281459,-1.0,-1.0,1.2009551573427677,1.2009551573427677,553.1858203073197,555.0693180694093,558.2548615619627,0.12650726910892604,0.0,0.3807221007796797,0.822937301543297,0.6737399158595071
