target_id,prot_ps,prot_acf,prot_cs,e_prot_ps,E_prot_ps,e_prot_acf,E_prot_acf,e_prot_cs,E_prot_cs,sph_ps,sph_acf,sph_cs,h_ps,fa_prob_ps,hacf,gacf,hcs
144,14.166420792922645,13.312414800126135,14.181147341852071,2.6950668397493427,4.377179810051578,-1.0,-1.0,0.31975045115614104,0.31975045115614104,1257.4657204686268,1280.0181121866515,1257.362155599773,0.14351454997039878,0.0,0.442837885712208,0.8269599461740863,0.7789017401227939
