target_id,prot_ps,prot_acf,prot_cs,e_prot_ps,E_prot_ps,e_prot_acf,E_prot_acf,e_prot_cs,E_prot_cs,sph_ps,sph_acf,sph_cs,h_ps,fa_prob_ps,hacf,gacf,hcs
145,46.27697459021399,48.048303600455256,46.55408741630573,3.2732416157084714,3.8063093232474117,-1.0,-1.0,2.864211562619307,2.864211562619307,244.20116636947327,244.40644071004377,244.3350113331247,0.20448768464643557,0.0,0.2722799955798038,0.3881557625299144,0.9515028019352634
