target_id,prot_ps,prot_acf,prot_cs,e_prot_ps,E_prot_ps,e_prot_acf,E_prot_acf,e_prot_cs,E_prot_cs,sph_ps,sph_acf,sph_cs,h_ps,fa_prob_ps,hacf,gacf,hcs
150,22.3920844791358,22.124858400209632,22.57109974322714,4.7892634238162515,8.307285042300489,-1.0,-1.0,0.9529489033191592,0.9529489033191592,935.921835526177,934.6855519698391,931.4136200255239,0.1830629446184021,0.0,0.3709894612270585,0.8060773633052731,0.974146085577086
