target_id,prot_ps,prot_acf,prot_cs,e_prot_ps,E_prot_ps,e_prot_acf,E_prot_acf,e_prot_cs,E_prot_cs,sph_ps,sph_acf,sph_cs,h_ps,fa_prob_ps,hacf,gacf,hcs
151,40.83262463842409,33.33312000031583,31.849865604301772,11.552687875910532,26.961665900590752,-1.0,-1.0,3.6770719190109706,3.6770719190109706,378.4106542942266,399.17408913017084,394.6970697374647,0.1413411789360396,0.0,0.4098770735079602,0.8143065290004721,0.7499012366053205
