target_id,prot_ps,prot_acf,prot_cs,e_prot_ps,E_prot_ps,e_prot_acf,E_prot_acf,e_prot_cs,E_prot_cs,sph_ps,sph_acf,sph_cs,h_ps,fa_prob_ps,hacf,gacf,hcs
152,36.534453623853146,35.735882400338596,36.19376519095222,4.114774595866983,5.326617463461062,-1.0,-1.0,3.658140112278254,3.658140112278254,234.1274537679402,235.09243391362398,234.4476834567834,0.08608330502209656,0.0,0.2829127423041847,0.5906364771817667,0.9767215137793948
