target_id,prot_ps,prot_acf,prot_cs,e_prot_ps,E_prot_ps,e_prot_acf,E_prot_acf,e_prot_cs,E_prot_cs,sph_ps,sph_acf,sph_cs,h_ps,fa_prob_ps,hacf,gacf,hcs
155,43.3846636783256,2.1041532000199368,43.43826215535903,1.8210723856651398,1.989785399257329,-1.0,-1.0,2.579449215601544,2.579449215601544,454.7214096935388,285.36403691372385,454.5424460817597,0.16365747954848123,0.0,0.6885371615631936,0.5727600846611072,0.1463494059521198
