target_id,prot_ps,prot_acf,prot_cs,e_prot_ps,E_prot_ps,e_prot_acf,E_prot_acf,e_prot_cs,E_prot_cs,sph_ps,sph_acf,sph_cs,h_ps,fa_prob_ps,hacf,gacf,hcs
156,30.180635602313465,31.4303544002978,30.102755058052104,3.9796958648836736,5.385885133014508,-1.0,-1.0,1.3291870039251683,1.3291870039251683,306.37539725040693,342.70038687559986,306.83478930365027,0.24356084156156949,0.0,0.6170271552019699,1.2095340077354964,0.9457550860699159
