target_id,prot_ps,prot_acf,prot_cs,e_prot_ps,E_prot_ps,e_prot_acf,E_prot_acf,e_prot_cs,E_prot_cs,sph_ps,sph_acf,sph_cs,h_ps,fa_prob_ps,hacf,gacf,hcs
158,11.765332522935758,11.611036800110014,11.790332694150583,1.504473256326703,2.0169787924136777,-1.0,-1.0,0.5524415479919872,0.5524415479919872,737.6747300182442,743.723120393024,736.5091290620982,0.18546132958049563,0.0,0.6525087610456943,1.383906190189491,0.8700233475224831
