target_id,prot_ps,prot_acf,prot_cs,e_prot_ps,E_prot_ps,e_prot_acf,E_prot_acf,e_prot_cs,E_prot_cs,sph_ps,sph_acf,sph_cs,h_ps,fa_prob_ps,hacf,gacf,hcs
161,14.76924720964276,14.215186800134688,14.732681280734091,1.7907842297588399,2.3653468829923803,-1.0,-1.0,1.136704141432158,1.136704141432158,1101.091181715195,1056.7214077199403,1101.730004069649,0.2279405440664578,0.0,0.7112252612578628,1.4508240649973336,0.8380725884155017
