target_id,prot_ps,prot_acf,prot_cs,e_prot_ps,E_prot_ps,e_prot_acf,E_prot_acf,e_prot_cs,E_prot_cs,sph_ps,sph_acf,sph_cs,h_ps,fa_prob_ps,hacf,gacf,hcs
166,27.766184754128385,28.728982800272206,28.104472908266285,2.7908446493507526,3.4842634824537555,-1.0,-1.0,3.7861558076111996,3.7861558076111996,369.55453431901014,365.57626277138985,367.99619356191283,0.3073968079675366,0.0,0.8235893231007654,1.644120363294316,0.9475345254465478
