target_id,prot_ps,prot_acf,prot_cs,e_prot_ps,E_prot_ps,e_prot_acf,E_prot_acf,e_prot_cs,E_prot_cs,sph_ps,sph_acf,sph_cs,h_ps,fa_prob_ps,hacf,gacf,hcs
170,33.054981850152835,31.833129600301618,32.723035961617114,3.6542850420484854,4.704973770572735,-1.0,-1.0,2.186133254452751,2.186133254452751,873.4822672447906,861.8979409408705,873.6688557324062,0.3554323973932053,0.0,0.886722977998767,1.7483858982970353,0.9683111929619088
