target_id,prot_ps,prot_acf,prot_cs,e_prot_ps,E_prot_ps,e_prot_acf,E_prot_acf,e_prot_cs,E_prot_cs,sph_ps,sph_acf,sph_cs,h_ps,fa_prob_ps,hacf,gacf,hcs
177,5.736815031844709,5.708296800054086,5.76537976805402,0.77402387280942,1.0620598847649205,-1.0,-1.0,0.7169860126580969,0.7169860126580969,334.2764886776038,332.47827494982084,333.2730342783277,0.06003983593349164,0.0,0.5670211197830247,1.045820950177068,0.698409150929424
