target_id,prot_ps,prot_acf,prot_cs,e_prot_ps,E_prot_ps,e_prot_acf,E_prot_acf,e_prot_cs,E_prot_cs,sph_ps,sph_acf,sph_cs,h_ps,fa_prob_ps,hacf,gacf,hcs
182,28.923109118883737,6.4096812000607315,29.093259610768293,1.388612519995771,1.5377448302320182,-1.0,-1.0,0.6843138664035195,0.6843138664035195,281.2949111390611,280.06073763378686,281.43172002914014,0.06540391096789702,0.0,0.10357848638369667,0.2061234331818183,3.314865618045628
