target_id,prot_ps,prot_acf,prot_cs,e_prot_ps,E_prot_ps,e_prot_acf,E_prot_acf,e_prot_cs,E_prot_cs,sph_ps,sph_acf,sph_cs,h_ps,fa_prob_ps,hacf,gacf,hcs
183,5.689791957813194,5.708296800054086,5.7046932800352375,-1.0,-1.0,-1.0,-1.0,0.07338801800438012,0.07338801800438012,656.6140708523036,653.217784164283,654.2516474124461,0.2035815133459083,0.0,0.6595174984955835,1.2020130420959387,0.6343133632577741
