target_id,prot_ps,prot_acf,prot_cs,e_prot_ps,E_prot_ps,e_prot_acf,E_prot_acf,e_prot_cs,E_prot_cs,sph_ps,sph_acf,sph_cs,h_ps,fa_prob_ps,hacf,gacf,hcs
185,43.3846636783256,43.340000400410645,43.878608064415744,2.0572026274783397,2.270360213324608,-1.0,-1.0,3.538836811876747,3.538836811876747,350.111302256455,350.3093476623117,347.7528540150668,0.1522392948849424,0.0,0.37773016036688295,0.7260135850647194,0.9993001871705147
