target_id,prot_ps,prot_acf,prot_cs,e_prot_ps,E_prot_ps,e_prot_acf,E_prot_acf,e_prot_cs,E_prot_cs,sph_ps,sph_acf,sph_cs,h_ps,fa_prob_ps,hacf,gacf,hcs
186,15.090317801156733,14.812405200140347,15.269138388144674,1.6112715106165734,2.052167488855016,-1.0,-1.0,0.9840715763261597,0.9840715763261597,699.8645693396978,693.327422193216,699.2163833850838,0.2870650990153126,0.0,0.7381440858358799,1.4947252498524506,0.911168148510223
