target_id,prot_ps,prot_acf,prot_cs,e_prot_ps,E_prot_ps,e_prot_acf,E_prot_acf,e_prot_cs,E_prot_cs,sph_ps,sph_acf,sph_cs,h_ps,fa_prob_ps,hacf,gacf,hcs
188,9.508967381550818,9.208274400087248,9.5126615107579,0.6950197303507686,0.8154099321737629,-1.0,-1.0,0.08960092578941341,0.08960092578941341,315.98513347754704,317.7618922971857,315.9345963134309,0.3808418075693413,0.0,0.5844102605407377,1.239178571770842,0.9669442881672331
