target_id,prot_ps,prot_acf,prot_cs,e_prot_ps,E_prot_ps,e_prot_acf,E_prot_acf,e_prot_cs,E_prot_cs,sph_ps,sph_acf,sph_cs,h_ps,fa_prob_ps,hacf,gacf,hcs
191,36.534453623853146,35.53449480033669,36.16914351634271,5.082129489529429,7.013975739585312,-1.0,-1.0,5.58374339219149,5.58374339219149,1198.5814319163749,1198.5881772763125,1201.1824512705844,0.17123978829483896,0.0,0.4673130417383511,0.9720795627141066,0.9868109765007349
