target_id,prot_ps,prot_acf,prot_cs,e_prot_ps,E_prot_ps,e_prot_acf,E_prot_acf,e_prot_cs,E_prot_cs,sph_ps,sph_acf,sph_cs,h_ps,fa_prob_ps,hacf,gacf,hcs
192,33.054981850152835,32.13173880030445,33.36485590831612,4.21113406620071,5.631723846327169,-1.0,-1.0,1.9454646295642692,1.9454646295642692,611.4735176456428,601.5791084922153,614.4187577742354,0.20484127855411952,0.0,0.7431947727771286,1.088715301684157,0.9635680000592693
