target_id,prot_ps,prot_acf,prot_cs,e_prot_ps,E_prot_ps,e_prot_acf,E_prot_acf,e_prot_cs,E_prot_cs,sph_ps,sph_acf,sph_cs,h_ps,fa_prob_ps,hacf,gacf,hcs
193,31.55248267514589,28.527595200270298,31.219175196295804,5.649404626785078,8.850381141425707,-1.0,-1.0,1.6754154074591576,1.6754154074591576,755.7538889340562,750.6556716088857,741.8691946043415,0.18828362921991112,0.0,0.31389165197930413,0.7994480506880394,0.8527886717980019
