target_id,prot_ps,prot_acf,prot_cs,e_prot_ps,E_prot_ps,e_prot_acf,E_prot_acf,e_prot_cs,E_prot_cs,sph_ps,sph_acf,sph_cs,h_ps,fa_prob_ps,hacf,gacf,hcs
195,27.766184754128385,51.951056400492234,50.14898460047515,0.27307597965945263,0.27857392796801506,-1.0,-1.0,5.112068124789986,5.112068124789986,273.1999928285606,281.1898298973136,279.5296777111535,0.16036614152934694,0.0,0.31341535046805175,0.4802276397806997,0.6725474848639474
