target_id,prot_ps,prot_acf,prot_cs,e_prot_ps,E_prot_ps,e_prot_acf,E_prot_acf,e_prot_cs,E_prot_cs,sph_ps,sph_acf,sph_cs,h_ps,fa_prob_ps,hacf,gacf,hcs
196,17.35386547133024,15.117958800143242,15.596516227471565,2.814149739097939,4.185036560976371,-1.0,-1.0,1.609625269225644,1.609625269225644,610.0051204036334,597.6873808241384,592.8770789822092,0.12222095978057347,0.0,0.6300271057078398,1.208081964370038,0.8376964133103784
