target_id,prot_ps,prot_acf,prot_cs,e_prot_ps,E_prot_ps,e_prot_acf,E_prot_acf,e_prot_cs,E_prot_cs,sph_ps,sph_acf,sph_cs,h_ps,fa_prob_ps,hacf,gacf,hcs
197,19.28207274592249,19.22209920018213,19.512514008184876,2.615572148949024,3.5847903663637553,-1.0,-1.0,0.9591537243112819,0.9591537243112819,374.03436752494406,374.0201554178114,376.0767863500768,0.19510524515100652,0.0,0.5162911666139663,1.111072086539107,0.960675432938449
