target_id,prot_ps,prot_acf,prot_cs,e_prot_ps,E_prot_ps,e_prot_acf,E_prot_acf,e_prot_cs,E_prot_cs,sph_ps,sph_acf,sph_cs,h_ps,fa_prob_ps,hacf,gacf,hcs
201,20.416312319212047,20.222092800191604,20.627715204195443,2.924980250655505,4.083276376493316,-1.0,-1.0,1.4676602126821303,1.4676602126821303,554.7586905716895,553.6816135465147,555.9636866731931,0.16737628212242658,0.0,0.6031986135792489,1.149653812015635,0.9967555991116153
