target_id,prot_ps,prot_acf,prot_cs,e_prot_ps,E_prot_ps,e_prot_acf,E_prot_acf,e_prot_cs,E_prot_cs,sph_ps,sph_acf,sph_cs,h_ps,fa_prob_ps,hacf,gacf,hcs
202,11.569243647553497,10.31243400009771,10.212156864096759,2.734268756511229,5.232105991827019,-1.0,-1.0,0.8994443042707203,0.8994443042707203,255.21558589076093,249.39615151292918,255.23949191487887,0.06349027015895958,0.0,0.21858053742014283,0.6112150690599207,0.8343526019732039
