target_id,prot_ps,prot_acf,prot_cs,e_prot_ps,E_prot_ps,e_prot_acf,E_prot_acf,e_prot_cs,E_prot_cs,sph_ps,sph_acf,sph_cs,h_ps,fa_prob_ps,hacf,gacf,hcs
205,38.564145491844975,35.53449480033669,38.156005800361534,8.605302304352023,15.6673111438988,-1.0,-1.0,3.2704999705035993,3.2704999705035993,529.8849638191512,520.2324821481168,532.872811989708,0.2501924004717836,0.0,0.6859961076404636,1.3553709429774903,0.8652524551052024
