target_id,prot_ps,prot_acf,prot_cs,e_prot_ps,E_prot_ps,e_prot_acf,E_prot_acf,e_prot_cs,E_prot_cs,sph_ps,sph_acf,sph_cs,h_ps,fa_prob_ps,hacf,gacf,hcs
206,15.776241337572948,15.812398800149822,15.804649691499614,1.2648907061955459,1.503585390765112,-1.0,-1.0,0.2866912188129407,0.2866912188129407,340.21507627861644,340.5124153899826,340.4220893748908,0.2712177195234001,0.0,0.6507585841246089,1.284463986696384,0.9222004689301853
