target_id,prot_ps,prot_acf,prot_cs,e_prot_ps,E_prot_ps,e_prot_acf,E_prot_acf,e_prot_cs,E_prot_cs,sph_ps,sph_acf,sph_cs,h_ps,fa_prob_ps,hacf,gacf,hcs
207,31.55248267514589,31.833129600301618,31.849865604301772,4.417550192916551,6.1238547926027636,-1.0,-1.0,3.3595377489611487,3.3595377489611487,3076.2648890688506,3105.9797975258057,3105.0299905547017,0.2884356695261345,0.0,0.7312381049291072,1.360060656815226,0.9881844108724316
