target_id,prot_ps,prot_acf,prot_cs,e_prot_ps,E_prot_ps,e_prot_acf,E_prot_acf,e_prot_cs,E_prot_cs,sph_ps,sph_acf,sph_cs,h_ps,fa_prob_ps,hacf,gacf,hcs
209,11.37958391562639,11.013818400104356,11.238007085755028,1.3284784037177015,1.7278765165050576,-1.0,-1.0,0.559504091789885,0.559504091789885,669.8167948943462,679.0416736989841,659.040351271516,0.15323789730722395,0.0,0.6667893011550954,1.3710561396309364,0.9233426167350702
