target_id,prot_ps,prot_acf,prot_cs,e_prot_ps,E_prot_ps,e_prot_acf,E_prot_acf,e_prot_cs,E_prot_cs,sph_ps,sph_acf,sph_cs,h_ps,fa_prob_ps,hacf,gacf,hcs
215,15.090317801156733,12.513808800118568,13.474913760127675,3.7527581698524894,7.540908995638199,-1.0,-1.0,1.6511875819785429,1.6511875819785429,462.13670808149504,447.9463549344635,458.2326657719226,0.044282497445359885,0.0,0.188617357596978,0.543148125703298,0.6182309881112614
