target_id,prot_ps,prot_acf,prot_cs,e_prot_ps,E_prot_ps,e_prot_acf,E_prot_acf,e_prot_cs,E_prot_cs,sph_ps,sph_acf,sph_cs,h_ps,fa_prob_ps,hacf,gacf,hcs
216,17.79883638085153,19.520708400184958,17.997523704170522,3.2047622094764865,4.98026807042082,-1.0,-1.0,3.7224830015519985,3.7224830015519985,214.19853855986446,212.74813999906772,213.99727050311148,0.11497931082445412,0.0,0.32442819537706213,0.7600492020937495,0.7513737499491134
