target_id,prot_ps,prot_acf,prot_cs,e_prot_ps,E_prot_ps,e_prot_acf,E_prot_acf,e_prot_cs,E_prot_cs,sph_ps,sph_acf,sph_cs,h_ps,fa_prob_ps,hacf,gacf,hcs
218,6.036127120462692,5.902740000055928,6.203384801398467,0.8125435195464732,1.1127318471443752,-1.0,-1.0,0.612217437116024,0.612217437116024,812.8692419202667,804.7498400785581,805.6318164917783,0.0897188612758194,0.0,0.5847608463987608,1.0751639645722195,0.5085434420077657
