target_id,prot_ps,prot_acf,prot_cs,e_prot_ps,E_prot_ps,e_prot_acf,E_prot_acf,e_prot_cs,E_prot_cs,sph_ps,sph_acf,sph_cs,h_ps,fa_prob_ps,hacf,gacf,hcs
220,34.70773094266048,32.333126400306355,34.388529912325836,5.213879092936448,7.485282694698505,-1.0,-1.0,5.091815513024242,5.091815513024242,1242.4740042140377,1267.6417441101448,1239.8342048894638,0.21311006740689592,0.0,0.7227939817933684,1.4211477789636506,0.8843974487252706
