target_id,prot_ps,prot_acf,prot_cs,e_prot_ps,E_prot_ps,e_prot_acf,E_prot_acf,e_prot_cs,E_prot_cs,sph_ps,sph_acf,sph_cs,h_ps,fa_prob_ps,hacf,gacf,hcs
222,11.765332522935758,12.513808800118568,11.93054864411304,2.237406008213604,3.588665530220325,-1.0,-1.0,1.5190610932757003,1.5190610932757003,353.91273135101716,354.47930239518297,352.64196641903914,0.06138572225996971,0.0,0.17102882933011648,0.5723074768937335,0.7147400082195183
