target_id,prot_ps,prot_acf,prot_cs,e_prot_ps,E_prot_ps,e_prot_acf,E_prot_acf,e_prot_cs,E_prot_cs,sph_ps,sph_acf,sph_cs,h_ps,fa_prob_ps,hacf,gacf,hcs
224,33.054981850152835,32.430348000307276,33.36485590831612,5.142809127704769,7.499852504125272,-1.0,-1.0,1.880159703784477,1.880159703784477,262.5160607577473,247.21892747710928,262.08036813032896,0.1550008464897259,0.0,0.47795395200287905,0.9213525700732201,0.9777007064301851
