target_id,prot_ps,prot_acf,prot_cs,e_prot_ps,E_prot_ps,e_prot_acf,E_prot_acf,e_prot_cs,E_prot_cs,sph_ps,sph_acf,sph_cs,h_ps,fa_prob_ps,hacf,gacf,hcs
225,14.166420792922645,13.416580800127122,13.969910592132367,2.2138623004822886,3.235109303722341,-1.0,-1.0,1.493251443425607,1.493251443425607,254.206483336959,256.09675078559445,254.57507928573895,0.07609378967636518,0.0,0.38279117613589775,0.847279909162447,0.8039908510169899
