target_id,prot_ps,prot_acf,prot_cs,e_prot_ps,E_prot_ps,e_prot_acf,E_prot_acf,e_prot_cs,E_prot_cs,sph_ps,sph_acf,sph_cs,h_ps,fa_prob_ps,hacf,gacf,hcs
226,36.534453623853146,32.73590160031017,36.16914351634271,9.037795224840309,18.064830544659998,-1.0,-1.0,4.433786258025464,4.433786258025464,323.5241442579387,317.630621219192,322.06907989610454,0.19580312611623776,0.0,0.4659985768182484,0.908644156585678,0.7851922817809481
