target_id,prot_ps,prot_acf,prot_cs,e_prot_ps,E_prot_ps,e_prot_acf,E_prot_acf,e_prot_cs,E_prot_cs,sph_ps,sph_acf,sph_cs,h_ps,fa_prob_ps,hacf,gacf,hcs
231,43.3846636783256,32.13173880030445,30.433069116288348,1.4654251196588106,1.5704563510243688,-1.0,-1.0,3.874245729409839,3.874245729409839,557.0812025408941,547.0260644044184,519.2533117268446,0.18163730532025502,0.0,0.23554470394762939,0.5234813194321977,0.6943501889019877
