target_id,prot_ps,prot_acf,prot_cs,e_prot_ps,E_prot_ps,e_prot_acf,E_prot_acf,e_prot_cs,E_prot_cs,sph_ps,sph_acf,sph_cs,h_ps,fa_prob_ps,hacf,gacf,hcs
234,22.3920844791358,24.32623320023049,22.647702276214584,4.507450245602193,7.494520759133284,-1.0,-1.0,1.2502029076407897,1.2502029076407897,354.8244026498725,345.9234990736136,356.76702390388454,0.15065976637359352,0.0,0.2579204023712623,0.6125352662540249,0.8346087839990056
