target_id,prot_ps,prot_acf,prot_cs,e_prot_ps,E_prot_ps,e_prot_acf,E_prot_acf,e_prot_cs,E_prot_cs,sph_ps,sph_acf,sph_cs,h_ps,fa_prob_ps,hacf,gacf,hcs
243,36.534453623853146,4.902746400046453,31.84986560429964,7.3609816859813115,12.412927988398295,-1.0,-1.0,5.253563907084295,5.253563907084295,217.22804968446957,205.22876512356237,219.5234313083102,0.07883118100122913,0.0,0.33203744783667155,0.29389082585301096,0.897521054418087
