target_id,prot_ps,prot_acf,prot_cs,e_prot_ps,E_prot_ps,e_prot_acf,E_prot_acf,e_prot_cs,E_prot_cs,sph_ps,sph_acf,sph_cs,h_ps,fa_prob_ps,hacf,gacf,hcs
245,31.55248267514589,30.930357600293064,31.566633704239827,2.821737704508454,3.4288971459056903,-1.0,-1.0,1.3011169614347315,1.3011169614347315,1529.6677333094901,1344.8285861869904,1529.3676694290923,0.5326269906695311,0.0,0.8797545325224918,1.7436414002299632,0.9829882546851909
