target_id,prot_ps,prot_acf,prot_cs,e_prot_ps,E_prot_ps,e_prot_acf,E_prot_acf,e_prot_cs,E_prot_cs,sph_ps,sph_acf,sph_cs,h_ps,fa_prob_ps,hacf,gacf,hcs
247,38.564145491844975,36.93726360034998,38.791162689377686,2.2134962765807487,2.497309512094162,-1.0,-1.0,2.316868357182989,2.316868357182989,479.0570413712852,474.6382340011397,479.55280144443185,0.41960764048089266,0.0,0.7051856032273232,1.415156839522115,0.9586442552985014
