target_id,prot_ps,prot_acf,prot_cs,e_prot_ps,E_prot_ps,e_prot_acf,E_prot_acf,e_prot_cs,E_prot_cs,sph_ps,sph_acf,sph_cs,h_ps,fa_prob_ps,hacf,gacf,hcs
248,15.776241337572948,14.215186800134688,13.674287484129565,3.3759747720632802,5.946360025864495,-1.0,-1.0,0.528686528575367,0.528686528575367,421.3315212557777,421.3096285929545,429.9230664195371,0.0902828408537012,0.0,0.15654542916325817,0.5259171612996552,0.6411284331792082
