target_id,prot_ps,prot_acf,prot_cs,e_prot_ps,E_prot_ps,e_prot_acf,E_prot_acf,e_prot_cs,E_prot_cs,sph_ps,sph_acf,sph_cs,h_ps,fa_prob_ps,hacf,gacf,hcs
250,31.55248267514589,29.027592000275035,31.219175196295804,5.676880752648749,8.918000729649947,-1.0,-1.0,3.9828230102525675,3.9828230102525675,215.7875171994116,205.336661102594,202.2221221313229,0.16031363183281522,0.0,0.5613872289072628,1.0817770880928013,0.8551147634177788
