target_id,prot_ps,prot_acf,prot_cs,e_prot_ps,E_prot_ps,e_prot_acf,E_prot_acf,e_prot_cs,E_prot_cs,sph_ps,sph_acf,sph_cs,h_ps,fa_prob_ps,hacf,gacf,hcs
251,20.416312319212047,19.11793320018114,20.21924559619158,2.1092786674511217,2.6655632461779355,-1.0,-1.0,1.7346463942742127,1.7346463942742127,184.40346090710787,175.41625786623968,184.36393427793865,0.16062476528623446,0.0,0.39734342961775887,0.8525806022352329,0.8513645860550327
