target_id,prot_ps,prot_acf,prot_cs,e_prot_ps,E_prot_ps,e_prot_acf,E_prot_acf,e_prot_cs,E_prot_cs,sph_ps,sph_acf,sph_cs,h_ps,fa_prob_ps,hacf,gacf,hcs
1163248,73.0487675570564,31.16151491412893,31.106974849661555,10.51013685929005,14.697008056376816,-1.0,-1.0,0.461608490342612,0.461608490342612,541.3002135911403,536.2820512217545,536.5670540660933,0.09287808086002872,0.0,0.0001877659180187785,-0.5144638653470592,0.2436609361972152
