target_id,prot_ps,prot_acf,prot_cs,e_prot_ps,E_prot_ps,e_prot_acf,E_prot_acf,e_prot_cs,E_prot_cs,sph_ps,sph_acf,sph_cs,h_ps,fa_prob_ps,hacf,gacf,hcs
1162339,73.04839202056925,37.82279626792297,52.152969878817444,11.328352466288749,16.348211648306673,-1.0,-1.0,1.3322156746413303,1.3322156746413303,2266.1344588352695,2175.6719660478675,2150.9027370631043,0.2855197258603567,0.0,1.6399185985394027e-05,-0.5733642018567819,0.06949673484207769
