target_id,prot_ps,prot_acf,prot_cs,e_prot_ps,E_prot_ps,e_prot_acf,E_prot_acf,e_prot_cs,E_prot_cs,sph_ps,sph_acf,sph_cs,h_ps,fa_prob_ps,hacf,gacf,hcs
1433067,73.04849665835498,33.920006453990936,47.032048705666355,11.612364319660323,16.94633004693705,-1.0,-1.0,1.7434215848937864,1.7434215848937864,1219.8106101989658,1147.0884422142149,1197.5887768033206,0.17518458702667794,0.0,0.0003328992139954301,-0.5792603858622914,0.14174655492822263
