target_id,prot_ps,prot_acf,prot_cs,e_prot_ps,E_prot_ps,e_prot_acf,E_prot_acf,e_prot_cs,E_prot_cs,sph_ps,sph_acf,sph_cs,h_ps,fa_prob_ps,hacf,gacf,hcs
1873367,73.04853498557556,27.973804392386228,46.64902629624122,3.5651479377070956,3.9465167614646077,-1.0,-1.0,1.703152057156608,1.703152057156608,681.8285251250734,650.0449142189825,687.1060466593739,0.20243077354452704,0.0,2.175642908197606e-05,-0.4205704406587321,0.20140569952975065
