target_id,prot_ps,prot_acf,prot_cs,e_prot_ps,E_prot_ps,e_prot_acf,E_prot_acf,e_prot_cs,E_prot_cs,sph_ps,sph_acf,sph_cs,h_ps,fa_prob_ps,hacf,gacf,hcs
2164105,73.04850744221136,30.69148061517626,46.12610770084429,12.270725917724391,18.38590354953982,-1.0,-1.0,2.219504443770257,2.219504443770257,868.6098968972726,827.8908791023501,868.4944017792573,0.11316254612029462,0.0,6.244897296356355e-05,-0.4322541104051544,0.18981972419394005
