target_id,prot_ps,prot_acf,prot_cs,e_prot_ps,E_prot_ps,e_prot_acf,E_prot_acf,e_prot_cs,E_prot_cs,sph_ps,sph_acf,sph_cs,h_ps,fa_prob_ps,hacf,gacf,hcs
2161250,95.37723880885125,60.810919001698494,93.35885997342413,2.8711668584643917,3.0570625759446273,-1.0,-1.0,14.675034940099764,14.675034940099764,1595.5654242413445,1543.6849835924268,1585.2847833525336,0.11667157747985711,0.0,0.26780246628975257,0.022584103231306683,7.872615601339887
