target_id,prot_ps,prot_acf,prot_cs,e_prot_ps,E_prot_ps,e_prot_acf,E_prot_acf,e_prot_cs,E_prot_cs,sph_ps,sph_acf,sph_cs,h_ps,fa_prob_ps,hacf,gacf,hcs
2300631,56.19119358706031,4.88366725249216,4.668580846289394,12.10825617993848,21.149392609334384,-1.0,-1.0,0.04417488317077212,0.04417488317077212,1204.867562306075,1068.615651183093,1066.542414238141,0.045654264212769684,0.0,0.47507411337029976,0.5386829183343212,0.4715262048296277
