target_id,prot_ps,prot_acf,prot_cs,e_prot_ps,E_prot_ps,e_prot_acf,E_prot_acf,e_prot_cs,E_prot_cs,sph_ps,sph_acf,sph_cs,h_ps,fa_prob_ps,hacf,gacf,hcs
2301389,15.21845247085612,15.611393541097641,15.354745500683784,1.5329317425547853,1.9148300676164283,-1.0,-1.0,0.7994439667021298,0.7994439667021298,1634.1013611328979,1638.5238726828145,1638.5428292508523,0.059305061353414346,0.0,0.6076325969161851,0.31349942541743897,0.9579457170417683
