target_id,prot_ps,prot_acf,prot_cs,e_prot_ps,E_prot_ps,e_prot_acf,E_prot_acf,e_prot_cs,E_prot_cs,sph_ps,sph_acf,sph_cs,h_ps,fa_prob_ps,hacf,gacf,hcs
2310259,31.084590253026402,21.005968244746327,16.62863505662419,3.002668960547993,3.7127809087722596,-1.0,-1.0,0.9898809853821757,0.9898809853821757,1693.0506402076835,1722.8785963487855,1669.2242074110109,0.057741459934904996,0.0,2.1914591890909163e-05,-0.29289976362419046,0.4503373666846992
