target_id,prot_ps,prot_acf,prot_cs,e_prot_ps,E_prot_ps,e_prot_acf,E_prot_acf,e_prot_cs,E_prot_cs,sph_ps,sph_acf,sph_cs,h_ps,fa_prob_ps,hacf,gacf,hcs
2301910,93.53632504219456,4.679294627159834,66.96891403299084,8.663323498421263,10.609466255082594,-1.0,-1.0,8.772141521955863,8.772141521955863,"(521.6312649547328, -1)",379.3277814859975,"(521.6312649547328, -1)",0.5134665730992403,0.0,0.0005284573317455576,0.797171836800903,0.05816494918747934
