target_id,prot_ps,prot_acf,prot_cs,e_prot_ps,E_prot_ps,e_prot_acf,E_prot_acf,e_prot_cs,E_prot_cs,sph_ps,sph_acf,sph_cs,h_ps,fa_prob_ps,hacf,gacf,hcs
2306825,91.31058521156308,59.99343805760145,90.81598874220035,1.3811625372631795,1.4242775225644664,-1.0,-1.0,4.676343654772359,4.676343654772359,1229.7055612197448,1199.093240220975,1232.9272506081304,0.1091042111290077,0.0,0.22589534157860058,0.0026972585709448887,79.06029825493827
