target_id,prot_ps,prot_acf,prot_cs,e_prot_ps,E_prot_ps,e_prot_acf,E_prot_acf,e_prot_cs,E_prot_cs,sph_ps,sph_acf,sph_cs,h_ps,fa_prob_ps,hacf,gacf,hcs
2425504,3.763749466983328,3.7802283302880824,3.7618464854181903,0.12628379057442718,0.1352703778343134,-1.0,-1.0,0.011416449366737405,0.011416449366737405,6849.698531751961,6830.890619212881,6849.698531751961,0.3557432920679187,0.0,1.5206383692316927,0.8756739649123524,0.7697537922372122
