target_id,prot_ps,prot_acf,prot_cs,e_prot_ps,E_prot_ps,e_prot_acf,E_prot_acf,e_prot_cs,E_prot_cs,sph_ps,sph_acf,sph_cs,h_ps,fa_prob_ps,hacf,gacf,hcs
2447723,11.682199484066894,11.647256878204644,11.625029096535066,0.1183400882991954,0.12081061637375967,-1.0,-1.0,0.1633240992986748,0.1633240992986748,1592.3628771700821,1591.2108678544732,1593.867860118451,0.07804425197114323,0.0,0.38866575354342453,0.27161484346445003,0.9377968873021726
