target_id,prot_ps,prot_acf,prot_cs,e_prot_ps,E_prot_ps,e_prot_acf,E_prot_acf,e_prot_cs,E_prot_cs,sph_ps,sph_acf,sph_cs,h_ps,fa_prob_ps,hacf,gacf,hcs
2422417,91.31171828022792,30.527945978567004,122.1527757679795,1.4005189601344483,1.4449514646722292,-1.0,-1.0,6.53381786729338,6.53381786729338,663.2780413342907,615.7215873602477,638.57463657235,0.1694198744090467,0.0,8.679232382635682e-05,-0.5545938467029701,0.11827419778749533
