target_id,prot_ps,prot_acf,prot_cs,e_prot_ps,E_prot_ps,e_prot_acf,E_prot_acf,e_prot_cs,E_prot_cs,sph_ps,sph_acf,sph_cs,h_ps,fa_prob_ps,hacf,gacf,hcs
2423787,89.96472510954627,14.323503823950887,97.88633474187927,8.178607106114953,9.996074770327084,-1.0,-1.0,10.388865530322596,10.388865530322596,2003.2868423590785,1804.1303749602982,2003.2868423590785,0.34967968703030894,0.0,0.0007579993148150166,0.2528644917761527,0.7709916303658823
