target_id,prot_ps,prot_acf,prot_cs,e_prot_ps,E_prot_ps,e_prot_acf,E_prot_acf,e_prot_cs,E_prot_cs,sph_ps,sph_acf,sph_cs,h_ps,fa_prob_ps,hacf,gacf,hcs
2447049,60.873707089265444,57.50050306040794,60.27059385426593,15.610333268608635,32.18096224698337,-1.0,-1.0,7.806967319467872,7.806967319467872,1013.7329048527499,1031.3411302243057,1017.6278362514637,0.09342582364110905,0.0,0.38022698129195565,0.22094701324348662,0.9784629869545963
