target_id,prot_ps,prot_acf,prot_cs,e_prot_ps,E_prot_ps,e_prot_acf,E_prot_acf,e_prot_cs,E_prot_cs,sph_ps,sph_acf,sph_cs,h_ps,fa_prob_ps,hacf,gacf,hcs
2580323,89.96459057464526,7.539751332253218,7.531986396665827,8.180815343413968,9.999061120734567,-1.0,-1.0,0.2490378527616633,0.2490378527616633,2833.982529220041,2374.8546152941185,2375.551742051509,0.33212956938128657,0.0,0.5835093460744609,0.7372907221009718,0.5873302047731934
