target_id,prot_ps,prot_acf,prot_cs,e_prot_ps,E_prot_ps,e_prot_acf,E_prot_acf,e_prot_cs,E_prot_cs,sph_ps,sph_acf,sph_cs,h_ps,fa_prob_ps,hacf,gacf,hcs
2584086,74.87879901743705,34.81896559149027,28.728098652809855,24.926201630234985,76.09482237648145,-1.0,-1.0,3.5715971072848176,3.5715971072848176,1962.6024652189535,1909.3559450339121,1836.930108169181,0.1845743754147537,0.0,1.9037985640457666e-05,-0.4900251335934066,0.09296374396391371
