target_id,prot_ps,prot_acf,prot_cs,e_prot_ps,E_prot_ps,e_prot_acf,E_prot_acf,e_prot_cs,E_prot_cs,sph_ps,sph_acf,sph_cs,h_ps,fa_prob_ps,hacf,gacf,hcs
2576197,73.04848854638492,3.9845787081867456,61.378034027317895,22.57099483541264,60.053626470541445,-1.0,-1.0,2.7226424014266146,2.7226424014266146,1680.4826817637374,904.5784381279973,1690.275193894103,0.16789452665266985,0.0,0.6028209272832689,0.8454804567901139,0.3676800914650636
