target_id,prot_ps,prot_acf,prot_cs,e_prot_ps,E_prot_ps,e_prot_acf,E_prot_acf,e_prot_cs,E_prot_cs,sph_ps,sph_acf,sph_cs,h_ps,fa_prob_ps,hacf,gacf,hcs
2694407,73.59781192885389,2.8402893086895347,74.33834036545827,9.807439000053506,13.32259637745949,-1.0,-1.0,4.553058136986345,4.553058136986345,339.5510202452408,273.7319363048756,339.388426468999,0.08415449583166733,0.0,0.0058564299687975385,0.5286512870670089,0.31354439477177093
