target_id,prot_ps,prot_acf,prot_cs,e_prot_ps,E_prot_ps,e_prot_acf,E_prot_acf,e_prot_cs,E_prot_cs,sph_ps,sph_acf,sph_cs,h_ps,fa_prob_ps,hacf,gacf,hcs
2696497,95.3771213663256,25.419631347060204,28.80772423752386,1.7471985797041185,1.8135354648886874,-1.0,-1.0,2.184876070019098,2.184876070019098,1422.1061231071935,1366.5349401136205,1362.6214612186059,0.06305879612944804,0.0,0.005092987054964082,-0.41447255725902293,0.214625005394893
