target_id,prot_ps,prot_acf,prot_cs,e_prot_ps,E_prot_ps,e_prot_acf,E_prot_acf,e_prot_cs,E_prot_cs,sph_ps,sph_acf,sph_cs,h_ps,fa_prob_ps,hacf,gacf,hcs
2719007,73.04850742463809,32.61225237138569,46.42648370952812,21.64166121625874,53.895816556143686,-1.0,-1.0,1.6531669656159138,1.6531669656159138,962.2755829343496,918.4693111363096,956.0540218912233,0.15969034860765854,0.0,3.201248305567672e-05,-0.6354511744062502,0.13216329821325914
