target_id,prot_ps,prot_acf,prot_cs,e_prot_ps,E_prot_ps,e_prot_acf,E_prot_acf,e_prot_cs,E_prot_cs,sph_ps,sph_acf,sph_cs,h_ps,fa_prob_ps,hacf,gacf,hcs
2713915,11.322735556929176,11.361172510311007,11.433508033128454,0.5132195264541899,0.5638203703590481,-1.0,-1.0,0.5331243185329076,0.5331243185329076,529.3551663370171,528.2516086982914,527.2022743430923,0.07044166573378233,0.0,0.7459290155978295,0.5150860190528812,0.9837343150446508
