target_id,prot_ps,prot_acf,prot_cs,e_prot_ps,E_prot_ps,e_prot_acf,E_prot_acf,e_prot_cs,E_prot_cs,sph_ps,sph_acf,sph_cs,h_ps,fa_prob_ps,hacf,gacf,hcs
2855791,73.0484681732755,33.22524873353541,45.1924683973007,10.139314956954287,13.981965819229174,-1.0,-1.0,5.637065346017166,5.637065346017166,585.0733138795144,582.489119672061,589.4343584919808,0.10004429431872988,0.0,0.0007636151929977242,-0.5292051910743949,0.15527860091091325
