target_id,prot_ps,prot_acf,prot_cs,e_prot_ps,E_prot_ps,e_prot_acf,E_prot_acf,e_prot_cs,E_prot_cs,sph_ps,sph_acf,sph_cs,h_ps,fa_prob_ps,hacf,gacf,hcs
2858010,72.93559446902464,34.65571345388889,46.11461667646082,22.35467449510775,58.69334939069819,-1.0,-1.0,1.4746784694986508,1.4746784694986508,1632.7760288681727,1560.9391009608728,1571.7504093417094,0.12772983709873542,0.0,0.00016548622971596094,-0.5286223796540332,0.21392433437407216
