target_id,prot_ps,prot_acf,prot_cs,e_prot_ps,E_prot_ps,e_prot_acf,E_prot_acf,e_prot_cs,E_prot_cs,sph_ps,sph_acf,sph_cs,h_ps,fa_prob_ps,hacf,gacf,hcs
2859995,95.37581470237492,26.44139422290027,37.50816284446232,4.685221008165783,5.201351338348616,-1.0,-1.0,1.0587310122058788,1.0587310122058788,953.7703952472369,947.1658628863793,939.381725158894,0.11800286361798214,0.0,0.009852068264539465,-0.30443486100291434,0.3248316384566987
