target_id,prot_ps,prot_acf,prot_cs,e_prot_ps,E_prot_ps,e_prot_acf,E_prot_acf,e_prot_cs,E_prot_cs,sph_ps,sph_acf,sph_cs,h_ps,fa_prob_ps,hacf,gacf,hcs
2858741,18.493278101472836,18.12471436196938,18.39019036995866,1.013650371729824,1.1398549932828743,-1.0,-1.0,0.287378407541904,0.287378407541904,4597.02480639526,4622.631691084653,4588.412294096769,0.1436196542699814,0.0,0.7704446483977594,0.45556112300726964,0.9852967931121364
