target_id,prot_ps,prot_acf,prot_cs,e_prot_ps,E_prot_ps,e_prot_acf,E_prot_acf,e_prot_cs,E_prot_cs,sph_ps,sph_acf,sph_cs,h_ps,fa_prob_ps,hacf,gacf,hcs
2848223,4.743417617762721,4.7610702607780695,4.697643607045144,0.2882102137468552,0.3276251087094355,-1.0,-1.0,0.1218625412800558,0.1218625412800558,3988.9705373804677,3968.354104642442,3981.134078233767,0.08831435561582433,0.0,1.483730483855295,0.829510215255333,0.8985754888398736
