target_id,prot_ps,prot_acf,prot_cs,e_prot_ps,E_prot_ps,e_prot_acf,E_prot_acf,e_prot_cs,E_prot_cs,sph_ps,sph_acf,sph_cs,h_ps,fa_prob_ps,hacf,gacf,hcs
2972706,2.637129155672172,2.6972529720515013,2.6347242457859665,0.1513099162514191,0.17070277136744405,-1.0,-1.0,0.012595480364812096,0.012595480364812096,3828.5201281437858,3830.5806198105647,3810.9240474708877,0.08108598087073556,0.0,1.500757829049236,0.8821073324895006,0.8425014816870223
