target_id,prot_ps,prot_acf,prot_cs,e_prot_ps,E_prot_ps,e_prot_acf,E_prot_acf,e_prot_cs,E_prot_cs,sph_ps,sph_acf,sph_cs,h_ps,fa_prob_ps,hacf,gacf,hcs
2996170,72.93429815671553,10.748180424794555,11.043233395539815,12.599919496146555,19.18109642692717,-1.0,-1.0,0.18874186639585827,0.18874186639585827,1137.2950503231452,1067.9079087276866,1076.8243305446967,0.08986045490933602,0.0,0.10618943022061009,0.3891678759679958,0.3984601999218296
