target_id,prot_ps,prot_acf,prot_cs,e_prot_ps,E_prot_ps,e_prot_acf,E_prot_acf,e_prot_cs,E_prot_cs,sph_ps,sph_acf,sph_cs,h_ps,fa_prob_ps,hacf,gacf,hcs
2993312,73.04854782999897,33.10268028639257,121.94415725159769,22.205127211957546,57.531436357303704,-1.0,-1.0,6.1334087960367105,6.1334087960367105,972.4650520483328,910.1678523188136,902.1724387173266,0.13285294244760995,0.0,0.0003448607940639281,-0.5425483372301596,0.16931083321776788
