target_id,prot_ps,prot_acf,prot_cs,e_prot_ps,E_prot_ps,e_prot_acf,E_prot_acf,e_prot_cs,E_prot_cs,sph_ps,sph_acf,sph_cs,h_ps,fa_prob_ps,hacf,gacf,hcs
2994572,91.31066090739186,60.381728508509696,90.47541461794255,3.1058418988892527,3.3349829186489757,-1.0,-1.0,5.289443833961649,5.289443833961649,1148.6998365857485,1128.6269108065717,1152.9258174194513,0.11008023222557196,0.0,0.33165346441990795,0.1338968501828376,1.3112453802861512
