target_id,prot_ps,prot_acf,prot_cs,e_prot_ps,E_prot_ps,e_prot_acf,E_prot_acf,e_prot_cs,E_prot_cs,sph_ps,sph_acf,sph_cs,h_ps,fa_prob_ps,hacf,gacf,hcs
2982925,45.922293455033504,20.08640142949298,28.54373681876343,0.8952599930850269,0.9312047870039066,-1.0,-1.0,6.085995839057437,6.085995839057437,1544.704222174854,1501.1999592510601,1489.3648689409383,0.1103722020431426,0.0,6.636578500818224e-05,-0.36842272080174954,0.13555276754003304
