target_id,prot_ps,prot_acf,prot_cs,e_prot_ps,E_prot_ps,e_prot_acf,E_prot_acf,e_prot_cs,E_prot_cs,sph_ps,sph_acf,sph_cs,h_ps,fa_prob_ps,hacf,gacf,hcs
3113666,74.87757314164575,29.44490290665999,28.457425981137035,24.84154760191874,75.31384664239754,-1.0,-1.0,0.39268427336831085,0.39268427336831085,1445.3608739238343,1348.815881726074,1363.0449252332724,0.12925275060197486,0.0,0.0005229404440054153,-0.5200441664162324,0.11373488310684561
