target_id,prot_ps,prot_acf,prot_cs,e_prot_ps,E_prot_ps,e_prot_acf,E_prot_acf,e_prot_cs,E_prot_cs,sph_ps,sph_acf,sph_cs,h_ps,fa_prob_ps,hacf,gacf,hcs
3122597,73.5977681693402,25.705670392140746,28.876242781934394,1.988367168605663,2.100742217160061,-1.0,-1.0,0.4116300815463772,0.4116300815463772,651.76477951269,624.8562687991522,644.4313152262536,0.09274916837374808,0.0,0.23988943662708084,-0.014276985463651769,4.716486115007053
