target_id,prot_ps,prot_acf,prot_cs,e_prot_ps,E_prot_ps,e_prot_acf,E_prot_acf,e_prot_cs,E_prot_cs,sph_ps,sph_acf,sph_cs,h_ps,fa_prob_ps,hacf,gacf,hcs
3112129,73.04958299198181,33.24566655559465,30.722427355933437,7.807188944946461,9.933971379319289,-1.0,-1.0,2.9921494512531703,2.9921494512531703,829.32427333994,799.8367213306678,806.1131979721679,0.2602000678718317,0.0,0.007109285945156585,-0.58241956895868,0.04491579964467231
