target_id,prot_ps,prot_acf,prot_cs,e_prot_ps,E_prot_ps,e_prot_acf,E_prot_acf,e_prot_cs,E_prot_cs,sph_ps,sph_acf,sph_cs,h_ps,fa_prob_ps,hacf,gacf,hcs
3116383,7.232548932084041,7.213121970184147,7.244176889578108,0.20126132901726201,0.212996991626337,-1.0,-1.0,0.039679510184835634,0.039679510184835634,820.7465209230073,818.2641484597211,818.3763933206011,0.10014255882303408,0.0,0.743422586527015,0.6708680479818602,0.988300007323583
