target_id,prot_ps,prot_acf,prot_cs,e_prot_ps,E_prot_ps,e_prot_acf,E_prot_acf,e_prot_cs,E_prot_cs,sph_ps,sph_acf,sph_cs,h_ps,fa_prob_ps,hacf,gacf,hcs
3103790,61.859598809583325,6.559013571124524,56.19385645413278,7.148637331748688,9.325556430582125,-1.0,-1.0,6.257189735418149,6.257189735418149,311.63948754202295,223.60458029325954,324.6945465692229,0.07455177155807496,0.0,0.012452554730060378,0.5143354247124418,0.31079833814296326
