target_id,prot_ps,prot_acf,prot_cs,e_prot_ps,E_prot_ps,e_prot_acf,E_prot_acf,e_prot_cs,E_prot_cs,sph_ps,sph_acf,sph_cs,h_ps,fa_prob_ps,hacf,gacf,hcs
3130345,8.644826723443373,17.327880024909973,17.202950374708223,0.4143217076421184,0.4577612909611606,-1.0,-1.0,1.2426159845885718,1.2426159845885718,3244.4039180583745,3465.5119855120624,3482.7276359786724,0.07042064639374411,0.0,0.6675185426028307,0.4045043802833702,0.791165518162541
