target_id,prot_ps,prot_acf,prot_cs,e_prot_ps,E_prot_ps,e_prot_acf,E_prot_acf,e_prot_cs,E_prot_cs,sph_ps,sph_acf,sph_cs,h_ps,fa_prob_ps,hacf,gacf,hcs
3121235,91.99734052219105,0.18390377517789602,92.1071131595239,1.2945965245028361,1.3321658103921123,-1.0,-1.0,3.6836520153834496,3.6836520153834496,390.7334032710899,238.37179735589115,390.5823006654725,0.09566984189633453,0.0,0.08400515830520261,0.9546718971665382,0.1861728120750416
