target_id,prot_ps,prot_acf,prot_cs,e_prot_ps,E_prot_ps,e_prot_acf,E_prot_acf,e_prot_cs,E_prot_cs,sph_ps,sph_acf,sph_cs,h_ps,fa_prob_ps,hacf,gacf,hcs
3229487,91.31197103377909,32.46918213972822,122.98218686860105,1.3396053081884531,1.3800727088574973,-1.0,-1.0,5.641549053405912,5.641549053405912,1242.9883082362105,1159.4243015981751,1181.3196292721068,0.11261323958087012,0.0,0.00013664195351331676,-0.44251846908371384,0.2463773645470847
