target_id,prot_ps,prot_acf,prot_cs,e_prot_ps,E_prot_ps,e_prot_acf,E_prot_acf,e_prot_cs,E_prot_cs,sph_ps,sph_acf,sph_cs,h_ps,fa_prob_ps,hacf,gacf,hcs
3235322,91.31055438973819,32.28528380393982,47.591369048357,2.4537715039310797,2.594615218173203,-1.0,-1.0,4.9255875757342285,4.9255875757342285,1325.489044096662,1241.9486609290393,1269.185360732507,0.1666990415037976,0.0,1.3802342301000303e-05,-0.4863035401351656,0.19350914537367617
