target_id,prot_ps,prot_acf,prot_cs,e_prot_ps,E_prot_ps,e_prot_acf,E_prot_acf,e_prot_cs,E_prot_cs,sph_ps,sph_acf,sph_cs,h_ps,fa_prob_ps,hacf,gacf,hcs
3241662,91.31088130615632,31.100187350064516,46.714571178385285,3.0309637001328724,3.2488012339016166,-1.0,-1.0,1.674530794676498,1.674530794676498,1093.2504595390285,1065.3323771173705,1076.0681723165433,0.12480885256182024,0.0,0.0007792139275847876,-0.4450495804713405,0.21132546641099195
