target_id,prot_ps,prot_acf,prot_cs,e_prot_ps,E_prot_ps,e_prot_acf,E_prot_acf,e_prot_cs,E_prot_cs,sph_ps,sph_acf,sph_cs,h_ps,fa_prob_ps,hacf,gacf,hcs
3247782,15.985371161210649,15.795232959557325,15.90284846811079,1.390993522244008,1.6818521835434446,-1.0,-1.0,0.24860182020380658,0.24860182020380658,5729.714509832784,5718.345975361142,5732.891568082629,0.16161576684014123,0.0,1.1056758636803856,0.6769426184813054,0.9945545173720257
