target_id,prot_ps,prot_acf,prot_cs,e_prot_ps,E_prot_ps,e_prot_acf,E_prot_acf,e_prot_cs,E_prot_cs,sph_ps,sph_acf,sph_cs,h_ps,fa_prob_ps,hacf,gacf,hcs
3223536,73.04848192333789,33.368290182668716,46.64899227778428,24.46648572461133,75.64657438142764,-1.0,-1.0,7.414931499282093,7.414931499282093,885.6153830620053,851.151158557092,887.036365309643,0.14596684993355308,0.0,0.0009206034506847316,-0.546005271294317,0.0719156071024281
