target_id,prot_ps,prot_acf,prot_cs,e_prot_ps,E_prot_ps,e_prot_acf,E_prot_acf,e_prot_cs,E_prot_cs,sph_ps,sph_acf,sph_cs,h_ps,fa_prob_ps,hacf,gacf,hcs
3247339,91.31056728838675,33.81781849311665,41.72571434631771,3.238981915010413,3.4889804028025395,-1.0,-1.0,0.7975355837536718,0.7975355837536718,397.2687818223032,381.9538248264236,383.0993576583669,0.10650213815489645,0.0,0.0007204773604756187,-0.4621140338650802,0.26585385827389096
