target_id,prot_ps,prot_acf,prot_cs,e_prot_ps,E_prot_ps,e_prot_acf,E_prot_acf,e_prot_cs,E_prot_cs,sph_ps,sph_acf,sph_cs,h_ps,fa_prob_ps,hacf,gacf,hcs
3353050,73.59773553108539,33.24571201344952,46.45633602931629,10.576183211434,14.782169891549913,-1.0,-1.0,8.951157618200806,8.951157618200806,395.167216173074,386.67897102466407,397.32919048860737,0.22347296582504908,0.0,6.129618468436737e-05,-0.5548090046506741,0.05729316132949003
