target_id,prot_ps,prot_acf,prot_cs,e_prot_ps,E_prot_ps,e_prot_acf,E_prot_acf,e_prot_cs,E_prot_cs,sph_ps,sph_acf,sph_cs,h_ps,fa_prob_ps,hacf,gacf,hcs
3323215,17.816925331094847,17.532118348404765,17.996372111663128,1.8443002887882791,2.319750908887638,-1.0,-1.0,1.036533674630652,1.036533674630652,2853.218055854355,2870.3492805461283,2865.728193472357,0.0981777896485815,0.0,0.813708169282827,0.4606210564013105,0.9865644157512112
