target_id,prot_ps,prot_acf,prot_cs,e_prot_ps,E_prot_ps,e_prot_acf,E_prot_acf,e_prot_cs,E_prot_cs,sph_ps,sph_acf,sph_cs,h_ps,fa_prob_ps,hacf,gacf,hcs
3329643,47.128037097117854,21.026306712068617,23.424204761302097,11.348579984891288,21.69030658141758,-1.0,-1.0,4.827142959001774,4.827142959001774,1361.0607952007688,1257.1222599333541,1255.6168335538175,0.09295021258643567,0.0,0.0025582990940568873,-0.448686295941021,0.12136087666647863
