target_id,prot_ps,prot_acf,prot_cs,e_prot_ps,E_prot_ps,e_prot_acf,E_prot_acf,e_prot_cs,E_prot_cs,sph_ps,sph_acf,sph_cs,h_ps,fa_prob_ps,hacf,gacf,hcs
3335194,12.815688761564093,12.70976962056011,12.81212876145794,0.6306939428448874,0.699911570266849,-1.0,-1.0,0.08035587213190758,0.08035587213190758,7852.336069508009,7917.850942275448,7852.336069508009,0.39789753716266996,0.0,1.1833892605392466,0.5542373446183326,0.969740180111232
