target_id,prot_ps,prot_acf,prot_cs,e_prot_ps,E_prot_ps,e_prot_acf,E_prot_acf,e_prot_cs,E_prot_cs,sph_ps,sph_acf,sph_cs,h_ps,fa_prob_ps,hacf,gacf,hcs
3338822,8.4941217692957,8.623029531911016,8.57083398319919,0.46233102435722095,0.5181749815707768,-1.0,-1.0,0.24850186595148122,0.24850186595148122,3685.861065060481,3636.8057638544838,3647.116075146008,0.08206324238408662,0.0,1.0428184444909259,0.6223446604477452,0.9502415600887342
