target_id,prot_ps,prot_acf,prot_cs,e_prot_ps,E_prot_ps,e_prot_acf,E_prot_acf,e_prot_cs,E_prot_cs,sph_ps,sph_acf,sph_cs,h_ps,fa_prob_ps,hacf,gacf,hcs
3340694,91.31175927461139,33.899522500578314,25.013311322126533,1.3051419271549207,1.3434062593171063,-1.0,-1.0,1.4583362778076951,1.4583362778076951,1523.872030846154,1447.2863695673352,1431.0854090786386,0.10858637008857998,0.0,3.4087388103676286e-05,-0.41152417464642477,0.18289421827672336
