target_id,prot_ps,prot_acf,prot_cs,e_prot_ps,E_prot_ps,e_prot_acf,E_prot_acf,e_prot_cs,E_prot_cs,sph_ps,sph_acf,sph_cs,h_ps,fa_prob_ps,hacf,gacf,hcs
3354459,13.654107766645224,13.731441512703896,13.666014016028935,0.8987828345575526,1.0334800903806904,-1.0,-1.0,0.10807984959396848,0.10807984959396848,2690.887032967728,2688.6673971774994,2692.4262031609437,0.1622739471691293,0.0,0.8600243434743471,0.5776532927062679,0.9672341428771148
