target_id,prot_ps,prot_acf,prot_cs,e_prot_ps,E_prot_ps,e_prot_acf,E_prot_acf,e_prot_cs,E_prot_cs,sph_ps,sph_acf,sph_cs,h_ps,fa_prob_ps,hacf,gacf,hcs
3355257,91.99847261511013,31.406629380770028,46.149616168320364,1.3022557214324024,1.3402328129326548,-1.0,-1.0,1.4005323646359826,1.4005323646359826,326.05196563410254,306.1913976404601,319.46256369177195,0.13689213855857466,0.0,0.002709413406048744,-0.46858231054262656,0.15589853971992718
