target_id,prot_ps,prot_acf,prot_cs,e_prot_ps,E_prot_ps,e_prot_acf,E_prot_acf,e_prot_cs,E_prot_cs,sph_ps,sph_acf,sph_cs,h_ps,fa_prob_ps,hacf,gacf,hcs
3438815,27.772751998654368,18.6764623997733,34.56882414093706,4.100439238300325,5.794299582803063,-1.0,-1.0,2.856539044875477,2.856539044875477,468.89734553176845,467.3745837179539,467.2985938059144,0.09242638369441028,0.0,0.0001517243629310383,-0.27046220159189593,0.22719238538354103
