target_id,prot_ps,prot_acf,prot_cs,e_prot_ps,E_prot_ps,e_prot_acf,E_prot_acf,e_prot_cs,E_prot_cs,sph_ps,sph_acf,sph_cs,h_ps,fa_prob_ps,hacf,gacf,hcs
3446721,92.79012025906407,36.002773384563625,46.37107320412868,1.3788683786541895,1.4214631320205484,-1.0,-1.0,1.136635992123079,1.136635992123079,1092.966126730529,871.7384993234938,1053.7608964417875,0.17339314227333139,0.0,9.043661215341059e-05,-0.5706835085930976,0.12892948725122313
