target_id,prot_ps,prot_acf,prot_cs,e_prot_ps,E_prot_ps,e_prot_acf,E_prot_acf,e_prot_cs,E_prot_cs,sph_ps,sph_acf,sph_cs,h_ps,fa_prob_ps,hacf,gacf,hcs
3455204,0.1113567321802941,0.1021682471036911,75.52790023268827,-1.0,-1.0,-1.0,-1.0,3.2642641022354515,3.2642641022354515,1189.901115103022,1185.7451456216083,1515.0403238963613,0.1324018896735216,0.0,0.058429098368748655,0.9180076367400111,0.06955120715482999
