target_id,prot_ps,prot_acf,prot_cs,e_prot_ps,E_prot_ps,e_prot_acf,E_prot_acf,e_prot_cs,E_prot_cs,sph_ps,sph_acf,sph_cs,h_ps,fa_prob_ps,hacf,gacf,hcs
3554195,73.04862048146758,3.3102656146511436,73.55425845426335,12.02422203018859,17.837957823824524,-1.0,-1.0,3.3351683393929963,3.3351683393929963,467.4170939772855,305.33510509772697,467.6891029326469,0.10455364377467755,0.0,0.010594717495442718,0.7592894889960513,0.2494983583287963
