target_id,prot_ps,prot_acf,prot_cs,e_prot_ps,E_prot_ps,e_prot_acf,E_prot_acf,e_prot_cs,E_prot_cs,sph_ps,sph_acf,sph_cs,h_ps,fa_prob_ps,hacf,gacf,hcs
3558685,60.87445508547135,26.073390137404203,34.32104096903465,11.742017679038042,18.997581047335302,-1.0,-1.0,4.9161689966494695,4.9161689966494695,1248.2807638651293,1225.7307060887435,1224.6624926053637,0.05285614643960525,0.0,0.0008015265437622265,-0.29056515579775516,0.25266985599406283
