target_id,prot_ps,prot_acf,prot_cs,e_prot_ps,E_prot_ps,e_prot_acf,E_prot_acf,e_prot_cs,E_prot_cs,sph_ps,sph_acf,sph_cs,h_ps,fa_prob_ps,hacf,gacf,hcs
3539634,91.997356880733,24.827015306800604,36.82652918890694,2.1435815354828236,2.2472586516823725,-1.0,-1.0,0.6454835407593654,0.6454835407593654,275.8030941769596,268.74424562865966,270.69626912893756,0.11770258640681139,0.0,0.013745637110199105,-0.26394895798000856,0.24022649781782393
