target_id,prot_ps,prot_acf,prot_cs,e_prot_ps,E_prot_ps,e_prot_acf,E_prot_acf,e_prot_cs,E_prot_cs,sph_ps,sph_acf,sph_cs,h_ps,fa_prob_ps,hacf,gacf,hcs
3525674,91.31060776337993,33.633930278010666,25.472927321780265,3.326147563526888,3.5880224785890107,-1.0,-1.0,0.5540250835019475,0.5540250835019475,654.0292375509616,629.4523886563578,630.465254918647,0.10935537513107169,0.0,0.00023429974171393364,-0.40987456316395154,0.19183289495558611
