target_id,prot_ps,prot_acf,prot_cs,e_prot_ps,E_prot_ps,e_prot_acf,E_prot_acf,e_prot_cs,E_prot_cs,sph_ps,sph_acf,sph_cs,h_ps,fa_prob_ps,hacf,gacf,hcs
3553517,73.04855960753319,27.585571305826306,28.934607911463825,10.32473187519161,14.450454167684526,-1.0,-1.0,4.817776827242856,4.817776827242856,933.5668128848434,849.9745732720392,887.3782780670656,0.13372708384423665,0.0,7.80619950704331e-05,-0.47671268578980047,0.09926706102028673
