target_id,prot_ps,prot_acf,prot_cs,e_prot_ps,E_prot_ps,e_prot_acf,E_prot_acf,e_prot_cs,E_prot_cs,sph_ps,sph_acf,sph_cs,h_ps,fa_prob_ps,hacf,gacf,hcs
3545251,91.31176363622896,36.00419612322003,47.59133542721159,1.3749612238607796,1.417657967144109,-1.0,-1.0,5.223619464865129,5.223619464865129,1494.5646060853876,1450.2269899681683,1432.5238268689152,0.14312915157552286,0.0,0.0002068537730429698,-0.5565895132995721,0.12755534529619791
