target_id,prot_ps,prot_acf,prot_cs,e_prot_ps,E_prot_ps,e_prot_acf,E_prot_acf,e_prot_cs,E_prot_cs,sph_ps,sph_acf,sph_cs,h_ps,fa_prob_ps,hacf,gacf,hcs
3557935,91.31172504081484,33.26606388948858,46.126013096398665,19.945042380584937,35.69420705466803,-1.0,-1.0,1.9237822847798236,1.9237822847798236,1203.3702175487963,1135.2408891559055,1182.3351385022304,0.12751501089450407,0.0,0.0007461695631113541,-0.5147912649840302,0.10459881739749707
