target_id,prot_ps,prot_acf,prot_cs,e_prot_ps,E_prot_ps,e_prot_acf,E_prot_acf,e_prot_cs,E_prot_cs,sph_ps,sph_acf,sph_cs,h_ps,fa_prob_ps,hacf,gacf,hcs
3526459,6.630437209819624,6.51836565695703,6.630589899531683,0.06545434692239649,0.06677467681097848,-1.0,-1.0,0.013718441409790026,0.013718441409790026,327.0101503187279,328.55513472441595,327.0101503187279,0.17378377181002647,0.0,0.4558606445612894,0.6350776652070329,0.6690294221409996
