target_id,prot_ps,prot_acf,prot_cs,e_prot_ps,E_prot_ps,e_prot_acf,E_prot_acf,e_prot_cs,E_prot_cs,sph_ps,sph_acf,sph_cs,h_ps,fa_prob_ps,hacf,gacf,hcs
3543358,73.04865174549553,73.41858088131994,73.67758075593217,21.261644769669843,51.598930631860014,-1.0,-1.0,3.3759118184529457,3.3759118184529457,686.8481995869435,687.1337890836605,687.3686613361672,0.2722906637695191,0.0,0.5161048513222909,0.36503518314772,0.998590207842349
