target_id,prot_ps,prot_acf,prot_cs,e_prot_ps,E_prot_ps,e_prot_acf,E_prot_acf,e_prot_cs,E_prot_cs,sph_ps,sph_acf,sph_cs,h_ps,fa_prob_ps,hacf,gacf,hcs
3539038,91.31179982022053,32.08093559835106,46.12605093817692,2.6017656113230316,2.760658834468316,-1.0,-1.0,5.506723377861766,5.506723377861766,1000.9035641049518,962.0082970388789,983.5712092899107,0.11063996738889714,0.0,0.00237958021865714,-0.5054239207134154,0.13973874661750646
