target_id,prot_ps,prot_acf,prot_cs,e_prot_ps,E_prot_ps,e_prot_acf,E_prot_acf,e_prot_cs,E_prot_cs,sph_ps,sph_acf,sph_cs,h_ps,fa_prob_ps,hacf,gacf,hcs
3546641,91.31069954091676,33.40919191483408,46.6832325287819,1.5739088917204924,1.6303144099764069,-1.0,-1.0,1.729648054848757,1.729648054848757,664.3739046907967,614.5987404393122,647.251285159759,0.15839550209428002,0.0,5.938671978578114e-05,-0.5346584695765907,0.18361334111300812
