target_id,prot_ps,prot_acf,prot_cs,e_prot_ps,E_prot_ps,e_prot_acf,E_prot_acf,e_prot_cs,E_prot_cs,sph_ps,sph_acf,sph_cs,h_ps,fa_prob_ps,hacf,gacf,hcs
3525933,31.760611199873793,32.48959586955607,32.092160247126586,2.7004952226288843,3.247163554306212,-1.0,-1.0,2.4114425916663733,2.4114425916663733,1439.9202768309128,1434.1866878759558,1439.2736707398972,0.1033117744509353,0.0,0.8704529627821382,0.45044834146562274,0.9774323575077338
