target_id,prot_ps,prot_acf,prot_cs,e_prot_ps,E_prot_ps,e_prot_acf,E_prot_acf,e_prot_cs,E_prot_cs,sph_ps,sph_acf,sph_cs,h_ps,fa_prob_ps,hacf,gacf,hcs
3654354,73.04846495595689,34.819078266620636,45.859227923678,10.428754449803563,14.538383976140182,-1.0,-1.0,2.3303685934494127,2.3303685934494127,976.0996668515979,920.4604458935621,958.7754649423978,0.1199722732698563,0.0,0.00014608661154735803,-0.5399044012988017,0.15306855600116373
