target_id,prot_ps,prot_acf,prot_cs,e_prot_ps,E_prot_ps,e_prot_acf,E_prot_acf,e_prot_cs,E_prot_cs,sph_ps,sph_acf,sph_cs,h_ps,fa_prob_ps,hacf,gacf,hcs
3656700,91.99820763168854,0.3065054607577622,92.84064953864497,1.3684704375202017,1.4104540613317766,-1.0,-1.0,3.5840775833464282,3.5840775833464282,445.6797527391298,256.59870606694705,445.22265673023895,0.06966352346617949,0.0,0.037975662815461,0.9838483021853927,0.12653940620940363
