target_id,prot_ps,prot_acf,prot_cs,e_prot_ps,E_prot_ps,e_prot_acf,E_prot_acf,e_prot_cs,E_prot_cs,sph_ps,sph_acf,sph_cs,h_ps,fa_prob_ps,hacf,gacf,hcs
3644734,39.48574141781216,37.96595336217433,39.45458568807013,8.653101430915253,15.526071388046802,-1.0,-1.0,1.2125314718743019,1.2125314718743019,1601.5745176864052,1543.8132875039728,1601.6860363510727,0.08285890243123731,0.0,0.3630571275892466,0.1132523173385709,0.8688840021487259
