target_id,prot_ps,prot_acf,prot_cs,e_prot_ps,E_prot_ps,e_prot_acf,E_prot_acf,e_prot_cs,E_prot_cs,sph_ps,sph_acf,sph_cs,h_ps,fa_prob_ps,hacf,gacf,hcs
3663021,73.04947838441527,32.26480155158788,24.80248817296108,22.731473794226872,61.20184074046186,-1.0,-1.0,0.3181055038040827,0.3181055038040827,973.5287594487031,942.8465576247557,895.7649897772466,0.08977109663192948,0.0,0.00011026481809153776,-0.47640173305156863,0.09035817713194642
