target_id,prot_ps,prot_acf,prot_cs,e_prot_ps,E_prot_ps,e_prot_acf,E_prot_acf,e_prot_cs,E_prot_cs,sph_ps,sph_acf,sph_cs,h_ps,fa_prob_ps,hacf,gacf,hcs
3627629,61.331631447267135,27.442563152406365,21.855764052257868,12.047842166743202,19.973348015605048,-1.0,-1.0,2.85353222982176,2.85353222982176,574.0420268205047,561.2609236439654,556.5359189728578,0.10139397511284799,0.0,6.696011924381406e-05,-0.3592471994458443,0.2144960968277757
