target_id,prot_ps,prot_acf,prot_cs,e_prot_ps,E_prot_ps,e_prot_acf,E_prot_acf,e_prot_cs,E_prot_cs,sph_ps,sph_acf,sph_cs,h_ps,fa_prob_ps,hacf,gacf,hcs
3653838,74.87870462930388,35.411558023653924,37.37125278709288,18.499807107311625,36.93081955065523,-1.0,-1.0,0.9759767505988431,0.9759767505988431,1359.3424051980328,1318.9804433126951,1299.4732745733936,0.19073618115068688,0.0,0.0004632796691230734,-0.5642883109551582,0.05995120731802259
