target_id,prot_ps,prot_acf,prot_cs,e_prot_ps,E_prot_ps,e_prot_acf,E_prot_acf,e_prot_cs,E_prot_cs,sph_ps,sph_acf,sph_cs,h_ps,fa_prob_ps,hacf,gacf,hcs
3762238,72.9342543943139,34.02226198464632,46.00641965930211,21.413946479616243,51.580379268598335,-1.0,-1.0,1.3348455908111685,1.3348455908111685,1049.170619241383,991.7051649735471,1024.9422295346753,0.14710556197652505,0.0,0.0006115901378351829,-0.4954809640956084,0.15692777613414752
