target_id,prot_ps,prot_acf,prot_cs,e_prot_ps,E_prot_ps,e_prot_acf,E_prot_acf,e_prot_cs,E_prot_cs,sph_ps,sph_acf,sph_cs,h_ps,fa_prob_ps,hacf,gacf,hcs
3757656,73.04858382965163,24.867891322355717,34.321163764805526,11.910407984364205,17.639194053366595,-1.0,-1.0,5.086884505364139,5.086884505364139,611.4144789956048,558.5803543720455,571.0958881753746,0.11184516704804492,0.0,4.579882172878191e-05,-0.2916914229055352,0.24175466110900873
