target_id,prot_ps,prot_acf,prot_cs,e_prot_ps,E_prot_ps,e_prot_acf,E_prot_acf,e_prot_cs,E_prot_cs,sph_ps,sph_acf,sph_cs,h_ps,fa_prob_ps,hacf,gacf,hcs
3734351,76.8932563279485,22.90621339576319,27.815417470992546,0.8989794706466512,0.9205418581186677,-1.0,-1.0,2.358468073176089,2.358468073176089,391.9719904973738,387.2383348703007,385.7044318767008,0.04159290071355236,0.0,0.0006887045864691355,-0.36769285341420527,0.3532093431726365
