target_id,prot_ps,prot_acf,prot_cs,e_prot_ps,E_prot_ps,e_prot_acf,E_prot_acf,e_prot_cs,E_prot_cs,sph_ps,sph_acf,sph_cs,h_ps,fa_prob_ps,hacf,gacf,hcs
3736200,8.161939610991027,8.234779107384384,8.160826022686768,0.5824455600921983,0.6782837402567932,-1.0,-1.0,0.03930928819639878,0.03930928819639878,4237.745086601293,4283.619923059268,4237.859003441152,0.1851112421824855,0.0,1.132544170513487,0.6881669942661321,0.8293673240326883
