target_id,prot_ps,prot_acf,prot_cs,e_prot_ps,E_prot_ps,e_prot_acf,E_prot_acf,e_prot_cs,E_prot_cs,sph_ps,sph_acf,sph_cs,h_ps,fa_prob_ps,hacf,gacf,hcs
3750168,73.04939517321353,34.36949153151363,29.506274236118855,26.419955549888854,98.0617571188764,-1.0,-1.0,4.7758458978420215,4.7758458978420215,1295.745767075451,1272.1218679327944,1259.8936416314093,0.09046607543981525,0.0,2.9288535012883532e-05,-0.400088945356726,0.1999397145796909
