target_id,prot_ps,prot_acf,prot_cs,e_prot_ps,E_prot_ps,e_prot_acf,E_prot_acf,e_prot_cs,E_prot_cs,sph_ps,sph_acf,sph_cs,h_ps,fa_prob_ps,hacf,gacf,hcs
3860060,91.31059725200079,32.44877060316503,28.593759183453457,1.1892978969736987,1.221096044692075,-1.0,-1.0,0.44741939381793927,0.44741939381793927,890.7444340573774,852.094048817794,840.8146420119853,0.13078351653055198,0.0,0.00019326151191156882,-0.4857163999460524,0.10292512151279076
