target_id,prot_ps,prot_acf,prot_cs,e_prot_ps,E_prot_ps,e_prot_acf,E_prot_acf,e_prot_cs,E_prot_cs,sph_ps,sph_acf,sph_cs,h_ps,fa_prob_ps,hacf,gacf,hcs
3859512,5.312622702815634,5.353644452989101,5.316756671128887,0.20772683784710377,0.22521039545098454,-1.0,-1.0,0.014127715290396204,0.014127715290396204,18929.885488002954,18910.092772414802,18946.60517996971,0.30935714803415826,0.0,1.5758189059982708,0.8745444123175623,0.9934822330596367
