target_id,prot_ps,prot_acf,prot_cs,e_prot_ps,E_prot_ps,e_prot_acf,E_prot_acf,e_prot_cs,E_prot_cs,sph_ps,sph_acf,sph_cs,h_ps,fa_prob_ps,hacf,gacf,hcs
3847849,91.31180722911931,25.133474129252136,28.426327941046026,1.3410059515344557,1.3815393069519928,-1.0,-1.0,0.7009769876337277,0.7009769876337277,1025.5198408986535,977.199551016795,995.5535642247866,0.07823319775980882,0.0,0.0005035175727555186,-0.4462670077492668,0.2014359883779576
