target_id,prot_ps,prot_acf,prot_cs,e_prot_ps,E_prot_ps,e_prot_acf,E_prot_acf,e_prot_cs,E_prot_cs,sph_ps,sph_acf,sph_cs,h_ps,fa_prob_ps,hacf,gacf,hcs
3847540,91.9972733283353,4.9653983088210225,91.24631605023838,2.94380900127247,3.147239385917956,-1.0,-1.0,4.644615157034511,4.644615157034511,365.2149818507264,337.39230627147725,365.1719765424679,0.04249710257270811,0.0,0.1800073385383527,0.3571464204792892,0.26071350083792266
