target_id,prot_ps,prot_acf,prot_cs,e_prot_ps,E_prot_ps,e_prot_acf,E_prot_acf,e_prot_cs,E_prot_cs,sph_ps,sph_acf,sph_cs,h_ps,fa_prob_ps,hacf,gacf,hcs
3867977,73.04941362928238,30.589211523067206,26.829415317159143,20.924269226917794,49.655195975038524,-1.0,-1.0,2.991599953496939,2.991599953496939,695.8913714831785,652.1699301648089,651.7906660964027,0.1121506847544855,0.0,2.4055546970574992e-05,-0.4590305609615857,0.08658365755599584
