target_id,prot_ps,prot_acf,prot_cs,e_prot_ps,E_prot_ps,e_prot_acf,E_prot_acf,e_prot_cs,E_prot_cs,sph_ps,sph_acf,sph_cs,h_ps,fa_prob_ps,hacf,gacf,hcs
3831820,10.361614890626912,10.543790012598038,10.463485565409062,0.8605894132300058,1.0299675189879132,-1.0,-1.0,0.40616384638821035,0.40616384638821035,4996.083703211901,5021.636316219784,5012.928001472197,0.09058501860417152,0.0,0.9558544042422836,0.5662887061873124,0.9702866501459675
