target_id,prot_ps,prot_acf,prot_cs,e_prot_ps,E_prot_ps,e_prot_acf,E_prot_acf,e_prot_cs,E_prot_cs,sph_ps,sph_acf,sph_cs,h_ps,fa_prob_ps,hacf,gacf,hcs
3853682,63.51563326649127,4.495460856705904,4.457862456813454,3.147616144444065,3.4953004793417364,-1.0,-1.0,0.2458144460795585,0.2458144460795585,2891.8810570805967,2372.5609851698664,2416.3092522539678,0.04053800104043042,0.0,0.7761106350256828,0.8224237919549321,0.6500759420790577
