target_id,prot_ps,prot_acf,prot_cs,e_prot_ps,E_prot_ps,e_prot_acf,E_prot_acf,e_prot_cs,E_prot_cs,sph_ps,sph_acf,sph_cs,h_ps,fa_prob_ps,hacf,gacf,hcs
3866116,73.04876206978564,31.59067541360855,32.0716873794794,20.675320912988433,48.27633821888331,-1.0,-1.0,5.051381344108181,5.051381344108181,992.450947777637,967.6372164551241,962.0071431663,0.08788090434120448,0.0,0.0026737837754830796,-0.4530986738555568,0.16628451485011314
