target_id,prot_ps,prot_acf,prot_cs,e_prot_ps,E_prot_ps,e_prot_acf,E_prot_acf,e_prot_cs,E_prot_cs,sph_ps,sph_acf,sph_cs,h_ps,fa_prob_ps,hacf,gacf,hcs
3832957,18.036899855130542,17.572997771203518,17.98874201463349,1.4466637388996197,1.7197771799118478,-1.0,-1.0,0.20774014435554422,0.20774014435554422,1710.9803519948882,1694.317544657581,1716.2564351735994,0.15789223831156882,0.0,0.6342480546824124,0.3811104547742898,0.9510523917145532
