target_id,prot_ps,prot_acf,prot_cs,e_prot_ps,E_prot_ps,e_prot_acf,E_prot_acf,e_prot_cs,E_prot_cs,sph_ps,sph_acf,sph_cs,h_ps,fa_prob_ps,hacf,gacf,hcs
3860591,91.31074186214282,34.41040442325175,46.10544650615192,15.50632714866417,23.60297318633802,-1.0,-1.0,7.421222013142122,7.421222013142122,589.7226732098235,555.4626144470952,581.5207550576081,0.12122086509005693,0.0,0.0003402029758400038,-0.47288739977001476,0.11915067777638318
