target_id,prot_ps,prot_acf,prot_cs,e_prot_ps,E_prot_ps,e_prot_acf,E_prot_acf,e_prot_cs,E_prot_cs,sph_ps,sph_acf,sph_cs,h_ps,fa_prob_ps,hacf,gacf,hcs
3853692,91.3117016797279,29.281845352612436,46.649473851565276,3.004893008033946,3.2188648834496405,-1.0,-1.0,3.460970844108886,3.460970844108886,1005.9637337755131,902.5597306598845,984.1255024588881,0.1221725897266431,0.0,0.00030114889388427324,-0.37022358924864784,0.13889661559788719
