target_id,prot_ps,prot_acf,prot_cs,e_prot_ps,E_prot_ps,e_prot_acf,E_prot_acf,e_prot_cs,E_prot_cs,sph_ps,sph_acf,sph_cs,h_ps,fa_prob_ps,hacf,gacf,hcs
3946894,19.74304549185064,19.861526247113943,19.747820466969664,0.6482000867550113,0.693908242616267,-1.0,-1.0,0.2053257598167522,0.2053257598167522,2075.7942072900405,2071.5169066323474,2075.3386517404056,0.36431010766993843,0.0,0.9406220348747949,0.4306828529631791,0.9852086187200377
