target_id,prot_ps,prot_acf,prot_cs,e_prot_ps,E_prot_ps,e_prot_acf,E_prot_acf,e_prot_cs,E_prot_cs,sph_ps,sph_acf,sph_cs,h_ps,fa_prob_ps,hacf,gacf,hcs
3969429,73.04939513026568,33.409107404295355,51.64557595788036,22.42478070256267,57.180181324223824,-1.0,-1.0,5.194502327066795,5.194502327066795,352.25494450218594,344.6775734706641,354.04700367604545,0.12375430250014019,0.0,0.00020834523534069005,-0.42734179966335173,0.10018430651224576
