target_id,prot_ps,prot_acf,prot_cs,e_prot_ps,E_prot_ps,e_prot_acf,E_prot_acf,e_prot_cs,E_prot_cs,sph_ps,sph_acf,sph_cs,h_ps,fa_prob_ps,hacf,gacf,hcs
3951643,72.93440830533488,32.857547130435705,46.3269256913113,21.770110310905267,54.829306136199364,-1.0,-1.0,2.4982692345757878,2.4982692345757878,1297.904564169514,1201.141156953098,1270.8697186378251,0.12453716354474956,0.0,0.00013459007239785548,-0.5860701147952407,0.11317045276481061
