target_id,prot_ps,prot_acf,prot_cs,e_prot_ps,E_prot_ps,e_prot_acf,E_prot_acf,e_prot_cs,E_prot_cs,sph_ps,sph_acf,sph_cs,h_ps,fa_prob_ps,hacf,gacf,hcs
3974987,74.8786092750314,18.59462054912001,45.43503579757177,0.874749564994147,0.8957611153197007,-1.0,-1.0,2.2565278924202765,2.2565278924202765,2523.94260098129,2292.1045999846824,2533.73207509159,0.06076630281798171,0.0,3.914449969061318e-05,-0.21961475922428075,0.2804796608523213
