target_id,prot_ps,prot_acf,prot_cs,e_prot_ps,E_prot_ps,e_prot_acf,E_prot_acf,e_prot_cs,E_prot_cs,sph_ps,sph_acf,sph_cs,h_ps,fa_prob_ps,hacf,gacf,hcs
3956527,73.59781014804948,56.66284815873951,74.33846911592407,2.983913580387906,3.2474757581858995,-1.0,-1.0,5.334445906679356,5.334445906679356,108.83060054932547,108.37143070241105,109.1313389594986,0.13524785247010807,0.0,0.3441585312121918,0.12935030663054423,0.829491634049933
