target_id,prot_ps,prot_acf,prot_cs,e_prot_ps,E_prot_ps,e_prot_acf,E_prot_acf,e_prot_cs,E_prot_cs,sph_ps,sph_acf,sph_cs,h_ps,fa_prob_ps,hacf,gacf,hcs
3946621,2.6089045276141603,2.6563790859654546,2.598497863973167,0.14709072879933194,0.1655742686899635,-1.0,-1.0,0.034157803693646044,0.034157803693646044,1141.9799738045583,1141.5159547203032,1139.3281090170126,0.05514809306371665,0.0,1.381219748089063,0.8645373564288864,0.4857277037488387
