target_id,prot_ps,prot_acf,prot_cs,e_prot_ps,E_prot_ps,e_prot_acf,E_prot_acf,e_prot_cs,E_prot_cs,sph_ps,sph_acf,sph_cs,h_ps,fa_prob_ps,hacf,gacf,hcs
3945683,60.87456526517414,25.95079035498202,28.93451823500916,9.078380665211355,12.882297720549033,-1.0,-1.0,3.319099160440968,3.319099160440968,810.2762117670682,801.7149453307001,807.7635856032687,0.061262577703507334,0.0,5.568107565767644e-05,-0.3547861107255291,0.3995537086540657
