target_id,prot_ps,prot_acf,prot_cs,e_prot_ps,E_prot_ps,e_prot_acf,E_prot_acf,e_prot_cs,E_prot_cs,sph_ps,sph_acf,sph_cs,h_ps,fa_prob_ps,hacf,gacf,hcs
3937717,7.2155128503762205,6.967944002710283,6.91379429125227,-1.0,-1.0,-1.0,-1.0,0.29774914829521687,0.29774914829521687,3050.6118122588045,3030.347101068769,3039.994144504862,0.08343869388527346,0.0,1.2922737381199716,0.7935409434247448,0.9204402348474584
