target_id,prot_ps,prot_acf,prot_cs,e_prot_ps,E_prot_ps,e_prot_acf,E_prot_acf,e_prot_cs,E_prot_cs,sph_ps,sph_acf,sph_cs,h_ps,fa_prob_ps,hacf,gacf,hcs
3946262,18.63235064275899,18.329086701851338,18.478911944626425,1.0456643700459551,1.178650891495014,-1.0,-1.0,0.653183542580057,0.653183542580057,844.436709056458,847.2680783231615,845.2457531850191,0.11167099143642194,0.0,0.8099352610858206,0.3849035531161334,0.9813513470230986
