target_id,prot_ps,prot_acf,prot_cs,e_prot_ps,E_prot_ps,e_prot_acf,E_prot_acf,e_prot_cs,E_prot_cs,sph_ps,sph_acf,sph_cs,h_ps,fa_prob_ps,hacf,gacf,hcs
3958018,74.87874496854778,33.30690700095147,46.35299770268611,23.70450325180218,65.74998411980717,-1.0,-1.0,5.101844684648407,5.101844684648407,1950.4059762835623,1756.5781002920176,1888.3672843161341,0.16302968957157132,0.0,0.00017717046119730684,-0.563971776094727,0.11723557450528152
