target_id,prot_ps,prot_acf,prot_cs,e_prot_ps,E_prot_ps,e_prot_acf,E_prot_acf,e_prot_cs,E_prot_cs,sph_ps,sph_acf,sph_cs,h_ps,fa_prob_ps,hacf,gacf,hcs
3971389,17.60223571538925,17.38905467838049,17.595939708249443,1.508715545133569,1.8195479003117327,-1.0,-1.0,0.6026783584510627,0.6026783584510627,1498.9324511067184,1480.2131745102827,1497.6755579438147,0.08991363136852731,0.0,0.7431579115194863,0.48306425676930914,0.9796480729671438
