target_id,prot_ps,prot_acf,prot_cs,e_prot_ps,E_prot_ps,e_prot_acf,E_prot_acf,e_prot_cs,E_prot_cs,sph_ps,sph_acf,sph_cs,h_ps,fa_prob_ps,hacf,gacf,hcs
4074316,91.3108601195541,34.369641130790114,41.82367756269374,20.249440131202633,36.68129671377311,-1.0,-1.0,1.0964988416924089,1.0964988416924089,570.3239733796687,524.4399088706141,547.4246279934179,0.15245921165766765,0.0,0.00020137559140687156,-0.3995614262310301,0.2793770438548807
