target_id,prot_ps,prot_acf,prot_cs,e_prot_ps,E_prot_ps,e_prot_acf,E_prot_acf,e_prot_cs,E_prot_cs,sph_ps,sph_acf,sph_cs,h_ps,fa_prob_ps,hacf,gacf,hcs
4059974,73.04945588524502,25.439983969554305,34.80902133863227,1.8639660877879294,1.9631496299001299,-1.0,-1.0,1.5112693103870318,1.5112693103870318,1033.6033476545147,989.2798673795687,1030.9444749472177,0.10748483130425139,0.0,9.476397265040237e-05,-0.43028806336615655,0.2553314316449023
