target_id,prot_ps,prot_acf,prot_cs,e_prot_ps,E_prot_ps,e_prot_acf,E_prot_acf,e_prot_cs,E_prot_cs,sph_ps,sph_acf,sph_cs,h_ps,fa_prob_ps,hacf,gacf,hcs
4049209,73.5976997329526,26.82950152643025,31.011675233524297,1.6556974703253644,1.734519440435335,-1.0,-1.0,4.316256778339571,4.316256778339571,287.05056766862174,280.77777943880125,279.1169748505539,0.09368672652684172,0.0,0.03426497941559531,-0.3333449814002583,0.21873052698126774
