target_id,prot_ps,prot_acf,prot_cs,e_prot_ps,E_prot_ps,e_prot_acf,E_prot_acf,e_prot_cs,E_prot_cs,sph_ps,sph_acf,sph_cs,h_ps,fa_prob_ps,hacf,gacf,hcs
4135279,123.9902325234119,21.90501644462347,46.044584000213405,2.7741940659012556,2.9042412594180007,-1.0,-1.0,1.3238968703836913,1.3238968703836913,830.7555306568124,820.3388724959722,822.2255223538325,0.12769344270734054,0.0,0.004554286180445807,-0.024915574087947076,2.4721880532654494
