target_id,prot_ps,prot_acf,prot_cs,e_prot_ps,E_prot_ps,e_prot_acf,E_prot_acf,e_prot_cs,E_prot_cs,sph_ps,sph_acf,sph_cs,h_ps,fa_prob_ps,hacf,gacf,hcs
4138791,54.1107081005178,27.626392230391502,28.934559116922316,10.752367612410701,17.72699999036721,-1.0,-1.0,2.8856238488697943,2.8856238488697943,1026.7122253058085,1001.8593663680036,1007.2876528523091,0.05569363100753219,0.0,0.0019071911814247389,-0.4553836786321754,0.18264836265510792
