target_id,prot_ps,prot_acf,prot_cs,e_prot_ps,E_prot_ps,e_prot_acf,E_prot_acf,e_prot_cs,E_prot_cs,sph_ps,sph_acf,sph_cs,h_ps,fa_prob_ps,hacf,gacf,hcs
4156956,91.31176821063218,22.599683727137744,32.793857519752336,3.393233271010743,3.664828830294269,-1.0,-1.0,7.217329382949363,7.217329382949363,909.9864409585656,880.558292722999,889.6855423868953,0.06921124971072752,0.0,0.000968420765023445,-0.21389509786031535,0.3513770103669044
