target_id,prot_ps,prot_acf,prot_cs,e_prot_ps,E_prot_ps,e_prot_acf,E_prot_acf,e_prot_cs,E_prot_cs,sph_ps,sph_acf,sph_cs,h_ps,fa_prob_ps,hacf,gacf,hcs
4173466,38.446021463861314,39.191827116534114,38.84077623547986,6.151861032977678,9.004818203981166,-1.0,-1.0,1.9620735817117891,1.9620735817117891,2069.0428102030855,2068.7955542911213,2081.0277283574183,0.1753060157519062,0.0,0.5851989013423409,0.5180139445588491,0.989646218112004
