target_id,prot_ps,prot_acf,prot_cs,e_prot_ps,E_prot_ps,e_prot_acf,E_prot_acf,e_prot_cs,E_prot_cs,sph_ps,sph_acf,sph_cs,h_ps,fa_prob_ps,hacf,gacf,hcs
4177369,73.04859688860603,4.720192270819098,73.47552081357695,10.292248519476978,14.386900498565495,-1.0,-1.0,2.7118997177956343,2.7118997177956343,983.685974434822,687.0224372189017,983.737281427198,0.13689062289267054,0.0,0.17070490696867388,0.541988484550951,0.30299365816931784
