target_id,prot_ps,prot_acf,prot_cs,e_prot_ps,E_prot_ps,e_prot_acf,E_prot_acf,e_prot_cs,E_prot_cs,sph_ps,sph_acf,sph_cs,h_ps,fa_prob_ps,hacf,gacf,hcs
4179699,73.04930646827208,32.69388824701309,31.090649951733482,26.42537897998404,93.1321650051232,-1.0,-1.0,0.42485156042098493,0.42485156042098493,700.3444663736136,671.882299882443,661.1486204130927,0.12617524124063273,0.0,0.00019333253417258556,-0.3775522320028697,0.2057499832727852
