target_id,prot_ps,prot_acf,prot_cs,e_prot_ps,E_prot_ps,e_prot_acf,E_prot_acf,e_prot_cs,E_prot_cs,sph_ps,sph_acf,sph_cs,h_ps,fa_prob_ps,hacf,gacf,hcs
4159856,73.04955682815735,29.444982086773962,46.64894337625243,12.034883517292677,18.037736632311635,-1.0,-1.0,1.5273775954432387,1.5273775954432387,1045.5517878504716,1007.4632090624867,1037.165553640473,0.10726067702873913,0.0,0.0003680355881989228,-0.5485383953798505,0.12382976496438071
