target_id,prot_ps,prot_acf,prot_cs,e_prot_ps,E_prot_ps,e_prot_acf,E_prot_acf,e_prot_cs,E_prot_cs,sph_ps,sph_acf,sph_cs,h_ps,fa_prob_ps,hacf,gacf,hcs
4178279,73.04938003644726,28.321108446456492,31.27890121935856,11.334710854407732,16.44959453866001,-1.0,-1.0,0.7893626480406697,0.7893626480406697,719.6420622125055,708.191654332474,704.2468971216285,0.06680310891905067,0.0,0.0001693995108385249,-0.45394389052360945,0.2218707806202163
