target_id,prot_ps,prot_acf,prot_cs,e_prot_ps,E_prot_ps,e_prot_acf,E_prot_acf,e_prot_cs,E_prot_cs,sph_ps,sph_acf,sph_cs,h_ps,fa_prob_ps,hacf,gacf,hcs
4168112,5.963214696484461,6.048375252634287,6.026306856442242,0.4185070469145522,0.4860479088455376,-1.0,-1.0,0.22767393048898457,0.22767393048898457,2080.6667262573324,2071.288224913695,2071.3353168154604,0.05641999292206443,0.0,0.9476796216074004,0.7288261967345295,0.9401971373122233
