target_id,prot_ps,prot_acf,prot_cs,e_prot_ps,E_prot_ps,e_prot_acf,E_prot_acf,e_prot_cs,E_prot_cs,sph_ps,sph_acf,sph_cs,h_ps,fa_prob_ps,hacf,gacf,hcs
4242297,16.98823046703296,16.530866080895066,17.00688064361682,2.463612791101287,3.4559425346482406,-1.0,-1.0,0.2736278412380721,0.2736278412380721,1383.96269460589,1377.2210335642876,1384.69047913733,0.09342675732339208,0.0,0.21219843287444498,0.300125573944147,0.9544750619594885
