target_id,prot_ps,prot_acf,prot_cs,e_prot_ps,E_prot_ps,e_prot_acf,E_prot_acf,e_prot_cs,E_prot_cs,sph_ps,sph_acf,sph_cs,h_ps,fa_prob_ps,hacf,gacf,hcs
4280659,72.93539716859385,53.495618464425206,130.2524409396133,2.4711467788347363,2.6488444936422013,-1.0,-1.0,7.224746417323789,7.224746417323789,1796.0585719257658,1839.4521843662392,1891.569887358548,0.13681325607304493,0.0,0.17489169055082743,0.03562609379363389,1.499173144901041
