target_id,prot_ps,prot_acf,prot_cs,e_prot_ps,E_prot_ps,e_prot_acf,E_prot_acf,e_prot_cs,E_prot_cs,sph_ps,sph_acf,sph_cs,h_ps,fa_prob_ps,hacf,gacf,hcs
4275197,9.762886984728704,9.869555231183767,9.761697987450948,0.7373523609869252,0.8670057878958701,-1.0,-1.0,0.05183242224726174,0.05183242224726174,3539.197241231772,3540.886290492271,3539.197241231772,0.1658407467938629,0.0,1.0748499838143464,0.6620741569667129,0.9390478989390896
