target_id,prot_ps,prot_acf,prot_cs,e_prot_ps,E_prot_ps,e_prot_acf,E_prot_acf,e_prot_cs,E_prot_cs,sph_ps,sph_acf,sph_cs,h_ps,fa_prob_ps,hacf,gacf,hcs
4252435,61.85623438212739,26.6250409479253,37.808784164823585,19.299418504446642,50.491472220172554,-1.0,-1.0,5.713610374769749,5.713610374769749,702.5822877150597,690.6053548395846,696.808077887446,0.057436990823280576,0.0,0.004681306884610159,-0.43599807318085726,0.18758939419620008
