target_id,prot_ps,prot_acf,prot_cs,e_prot_ps,E_prot_ps,e_prot_acf,E_prot_acf,e_prot_cs,E_prot_cs,sph_ps,sph_acf,sph_cs,h_ps,fa_prob_ps,hacf,gacf,hcs
4245790,20.01354719501994,20.47458670847118,20.204657276915384,1.248716901472985,1.4247266204569264,-1.0,-1.0,1.293647439935244,1.293647439935244,2982.1456223573696,3002.1685925932406,2964.4089639038425,0.10959935727248149,0.0,0.9011272145282647,0.5550028604235216,0.9653524419732069
