target_id,prot_ps,prot_acf,prot_cs,e_prot_ps,E_prot_ps,e_prot_acf,E_prot_acf,e_prot_cs,E_prot_cs,sph_ps,sph_acf,sph_cs,h_ps,fa_prob_ps,hacf,gacf,hcs
4276976,15.019979679668616,14.569272052962333,14.945520391048763,2.4535315842876564,3.6299736518130103,-1.0,-1.0,0.16918802308010084,0.16918802308010084,423.3169549367106,406.2017917150325,423.84136856251837,0.06060348899503383,0.0,0.5157816484201447,0.2973863329423378,0.9553197852428136
