target_id,prot_ps,prot_acf,prot_cs,e_prot_ps,E_prot_ps,e_prot_acf,E_prot_acf,e_prot_cs,E_prot_cs,sph_ps,sph_acf,sph_cs,h_ps,fa_prob_ps,hacf,gacf,hcs
4263668,61.99424706886503,22.98802271252498,30.688090800312352,2.679419305471754,2.9301732553412307,-1.0,-1.0,4.107660486056243,4.107660486056243,755.0406247332137,744.6786981844551,753.406463829627,0.03807136939429741,0.0,0.0067763349300177245,-0.40644649287819545,0.18275533131738333
