target_id,prot_ps,prot_acf,prot_cs,e_prot_ps,E_prot_ps,e_prot_acf,E_prot_acf,e_prot_cs,E_prot_cs,sph_ps,sph_acf,sph_cs,h_ps,fa_prob_ps,hacf,gacf,hcs
4273285,91.31175928395649,32.44872919283807,46.823477503518305,1.3405595025253945,1.3811318195406699,-1.0,-1.0,1.788066536801503,1.788066536801503,650.5470393335895,598.1898663255793,623.3963197244265,0.1503421354977495,0.0,5.870108767175308e-05,-0.5196749979750154,0.12930132992333004
