target_id,prot_ps,prot_acf,prot_cs,e_prot_ps,E_prot_ps,e_prot_acf,E_prot_acf,e_prot_cs,E_prot_cs,sph_ps,sph_acf,sph_cs,h_ps,fa_prob_ps,hacf,gacf,hcs
4372768,47.68793027469555,4.699786491692066,142.0526814197376,0.7631006926291377,0.7885910902081079,-1.0,-1.0,12.116429788445569,12.116429788445569,1060.8838169812461,858.9756196196735,1080.969865721968,0.032150112497091966,0.0,0.16535128825319695,0.5284776806078509,0.17717984775724438
