target_id,prot_ps,prot_acf,prot_cs,e_prot_ps,E_prot_ps,e_prot_acf,E_prot_acf,e_prot_cs,E_prot_cs,sph_ps,sph_acf,sph_cs,h_ps,fa_prob_ps,hacf,gacf,hcs
4387307,73.04923342043588,33.36816623341292,42.012324281576426,9.569445198649177,13.012923417487102,-1.0,-1.0,1.1287166774582067,1.1287166774582067,829.5615407666521,822.9537240411187,826.7585710450179,0.09071119138641202,0.0,3.235040233404152e-05,-0.46153977399368007,0.15066039251649213
