target_id,prot_ps,prot_acf,prot_cs,e_prot_ps,E_prot_ps,e_prot_acf,E_prot_acf,e_prot_cs,E_prot_cs,sph_ps,sph_acf,sph_cs,h_ps,fa_prob_ps,hacf,gacf,hcs
4380214,73.04927350323572,6.170968453399837,73.909875338638,19.1268907620859,40.60114885501419,-1.0,-1.0,3.3736247924857503,3.3736247924857503,1834.6966887553986,1496.5956963643855,1832.8677717597213,0.12541593750154403,0.0,0.515336758613222,0.6983717925633501,0.22223907743974994
