target_id,prot_ps,prot_acf,prot_cs,e_prot_ps,E_prot_ps,e_prot_acf,E_prot_acf,e_prot_cs,E_prot_cs,sph_ps,sph_acf,sph_cs,h_ps,fa_prob_ps,hacf,gacf,hcs
4371625,45.99880394355715,13.588509091641754,13.593529516847491,6.20499413851411,8.46626001334866,-1.0,-1.0,0.7005406280729223,0.7005406280729223,411.4718101155297,390.497999804024,390.63588174675255,0.044874928738224816,0.0,0.3294621923390675,0.12866202272096858,0.4575112348356911
