target_id,prot_ps,prot_acf,prot_cs,e_prot_ps,E_prot_ps,e_prot_acf,E_prot_acf,e_prot_cs,E_prot_cs,sph_ps,sph_acf,sph_cs,h_ps,fa_prob_ps,hacf,gacf,hcs
4374168,95.37588637980102,18.247436474543065,93.33796844824138,4.870505349951728,5.4246901375184535,-1.0,-1.0,5.4934839727038804,5.4934839727038804,1061.6161794066531,903.9230222116458,1057.913958939435,0.08291210098917384,0.0,0.033239159847710635,0.03550082142029881,4.700099270992919
