target_id,prot_ps,prot_acf,prot_cs,e_prot_ps,E_prot_ps,e_prot_acf,E_prot_acf,e_prot_cs,E_prot_cs,sph_ps,sph_acf,sph_cs,h_ps,fa_prob_ps,hacf,gacf,hcs
4348954,91.31166833599335,32.28522641584277,47.08945694327359,3.09452636567039,3.318742776506724,-1.0,-1.0,1.3372549438341794,1.3372549438341794,676.9873791000224,649.4571782458702,660.5625861340172,0.16343904778962556,0.0,0.00039581902947843917,-0.5678751414493659,0.17307781024866642
