target_id,prot_ps,prot_acf,prot_cs,e_prot_ps,E_prot_ps,e_prot_acf,E_prot_acf,e_prot_cs,E_prot_cs,sph_ps,sph_acf,sph_cs,h_ps,fa_prob_ps,hacf,gacf,hcs
4372247,11.757835268414334,11.279390417039394,11.631871367571877,0.8610554258630838,1.0105449429772033,-1.0,-1.0,0.5496770485588209,0.5496770485588209,1429.2556169205757,1418.826976425923,1413.800399975392,0.04667839271848782,0.0,0.6309964124633616,0.4776376520937766,0.8561353657047834
