target_id,prot_ps,prot_acf,prot_cs,e_prot_ps,E_prot_ps,e_prot_acf,E_prot_acf,e_prot_cs,E_prot_cs,sph_ps,sph_acf,sph_cs,h_ps,fa_prob_ps,hacf,gacf,hcs
4345755,43.29282458463843,5.190168361179531,92.8870260562292,7.955456972835819,12.505499287482614,-1.0,-1.0,4.60598821083486,4.60598821083486,225.3748494107493,189.92222000805847,229.94132881624307,0.04529141470609988,0.0,0.2709050639931607,0.47674628376922834,0.32569614620258175
