target_id,prot_ps,prot_acf,prot_cs,e_prot_ps,E_prot_ps,e_prot_acf,E_prot_acf,e_prot_cs,E_prot_cs,sph_ps,sph_acf,sph_cs,h_ps,fa_prob_ps,hacf,gacf,hcs
4457346,45.92236995922779,24.66356604313478,72.97891481000298,4.563140808839556,5.680815613557371,-1.0,-1.0,3.986791134831765,3.986791134831765,700.3825702712686,684.8280744957144,709.7768597600567,0.11101100135970723,0.0,0.0013360848614874243,-0.3191241774256015,0.22638014761478248
