target_id,prot_ps,prot_acf,prot_cs,e_prot_ps,E_prot_ps,e_prot_acf,E_prot_acf,e_prot_cs,E_prot_cs,sph_ps,sph_acf,sph_cs,h_ps,fa_prob_ps,hacf,gacf,hcs
4478177,95.37583357735576,14.998444963246584,45.455709501486275,1.6397481572364967,1.6983203719577489,-1.0,-1.0,4.669117117183202,4.669117117183202,836.4141196551296,745.598100332845,835.6188086127619,0.08655278166609877,0.0,0.00023363861775252404,-0.07098319579971893,0.815626455501884
