target_id,prot_ps,prot_acf,prot_cs,e_prot_ps,E_prot_ps,e_prot_acf,E_prot_acf,e_prot_cs,E_prot_cs,sph_ps,sph_acf,sph_cs,h_ps,fa_prob_ps,hacf,gacf,hcs
4460061,73.59869534812562,9.33819991722703,9.34090184032426,18.94761892852636,38.98231454468923,-1.0,-1.0,0.22275016132920183,0.22275016132920183,495.99435791793144,468.4657785968624,468.4657785968624,0.0341244159895322,0.0,0.3026938544574821,0.34237681285742694,0.5037824724827674
