target_id,prot_ps,prot_acf,prot_cs,e_prot_ps,E_prot_ps,e_prot_acf,E_prot_acf,e_prot_cs,E_prot_cs,sph_ps,sph_acf,sph_cs,h_ps,fa_prob_ps,hacf,gacf,hcs
4459010,91.31164959045462,22.211413871031255,47.591274692239104,4.869949251004073,5.447095440209878,-1.0,-1.0,11.388469980526326,11.388469980526326,746.1262853711004,735.2900293895673,741.4575542585163,0.03341334361437635,0.0,0.0011598033559644116,-0.2784217637702376,0.35785247212657045
