target_id,prot_ps,prot_acf,prot_cs,e_prot_ps,E_prot_ps,e_prot_acf,E_prot_acf,e_prot_cs,E_prot_cs,sph_ps,sph_acf,sph_cs,h_ps,fa_prob_ps,hacf,gacf,hcs
4578337,14.46522675591252,14.20142485992983,14.5025674749673,0.9405753725859078,1.0797641581142035,-1.0,-1.0,0.2462116070503053,0.2462116070503053,1049.6768548759992,1033.4583749615729,1051.3043617627086,0.06753652436908006,0.0,0.5400221493360565,0.3669855782421396,0.9834119043310973
