target_id,prot_ps,prot_acf,prot_cs,e_prot_ps,E_prot_ps,e_prot_acf,E_prot_acf,e_prot_cs,E_prot_cs,sph_ps,sph_acf,sph_cs,h_ps,fa_prob_ps,hacf,gacf,hcs
4587155,73.04957393339289,34.06301079923287,47.47383600274894,11.842466065432589,17.440747864630026,-1.0,-1.0,4.887162448006248,4.887162448006248,1327.882279550793,1241.9351168101898,1297.139353514106,0.18008799121146515,0.0,0.00020849582941989686,-0.532534929366748,0.10065524917018852
