target_id,prot_ps,prot_acf,prot_cs,e_prot_ps,E_prot_ps,e_prot_acf,E_prot_acf,e_prot_cs,E_prot_cs,sph_ps,sph_acf,sph_cs,h_ps,fa_prob_ps,hacf,gacf,hcs
4577152,73.04925522768859,29.792284618131816,46.12593531052116,13.123001806964545,20.367810763835223,-1.0,-1.0,1.6034796409661922,1.6034796409661922,696.6077553080167,646.0772462199809,688.8516433828527,0.12271968875604093,0.0,0.00017287811695057553,-0.46839239200165167,0.17972719286078478
