target_id,prot_ps,prot_acf,prot_cs,e_prot_ps,E_prot_ps,e_prot_acf,E_prot_acf,e_prot_cs,E_prot_cs,sph_ps,sph_acf,sph_cs,h_ps,fa_prob_ps,hacf,gacf,hcs
4546168,52.57048646433771,25.215221646241844,33.11551430838649,9.894214237120323,15.771515040661903,-1.0,-1.0,4.581569318763694,4.581569318763694,240.34409098997241,236.49077671061707,238.65520610620823,0.05726065335399896,0.0,0.00190275892787245,-0.5385103170908078,0.11632809062932828
