target_id,prot_ps,prot_acf,prot_cs,e_prot_ps,E_prot_ps,e_prot_acf,E_prot_acf,e_prot_cs,E_prot_cs,sph_ps,sph_acf,sph_cs,h_ps,fa_prob_ps,hacf,gacf,hcs
4557341,42.05638448862258,35.146010760217905,33.04154119731392,0.8217360847279807,0.8551613474649145,-1.0,-1.0,2.7744663306055855,2.7744663306055855,1264.6886392790273,1237.88115431509,1274.1270504370048,0.08865264149532573,0.0,0.45942807772070215,0.2395092895658318,0.4295162106045986
