target_id,prot_ps,prot_acf,prot_cs,e_prot_ps,E_prot_ps,e_prot_acf,E_prot_acf,e_prot_cs,E_prot_cs,sph_ps,sph_acf,sph_cs,h_ps,fa_prob_ps,hacf,gacf,hcs
4570046,91.31057019273744,14.344477138482034,90.85517327726694,1.2415482467247614,1.276105824868722,-1.0,-1.0,4.007435094947055,4.007435094947055,1700.0958519249516,1463.5760667755226,1701.1533789658179,0.08988670810143967,0.0,0.3394595906792191,0.2721841292751151,0.3376402135138328
