target_id,prot_ps,prot_acf,prot_cs,e_prot_ps,E_prot_ps,e_prot_acf,E_prot_acf,e_prot_cs,E_prot_cs,sph_ps,sph_acf,sph_cs,h_ps,fa_prob_ps,hacf,gacf,hcs
4562450,21.80571375287829,22.252850209828466,22.02133065714035,4.217532190647564,6.83510216184143,-1.0,-1.0,1.506896421687196,1.506896421687196,823.5377968573641,845.972033216857,836.577201717152,0.04468921009974247,0.0,0.36623007866263096,0.22652335164384566,0.980857248866704
