target_id,prot_ps,prot_acf,prot_cs,e_prot_ps,E_prot_ps,e_prot_acf,E_prot_acf,e_prot_cs,E_prot_cs,sph_ps,sph_acf,sph_cs,h_ps,fa_prob_ps,hacf,gacf,hcs
4545145,23.950595365103194,24.2139137419872,24.140784704289707,1.354016097830872,1.5246843084181592,-1.0,-1.0,0.5133665484178498,0.5133665484178498,6256.0415562108465,6274.0370227221965,6274.343062276629,0.18867060691278453,0.0,1.2815975662294212,0.7065175490485683,0.9951504769693694
