target_id,prot_ps,prot_acf,prot_cs,e_prot_ps,E_prot_ps,e_prot_acf,E_prot_acf,e_prot_cs,E_prot_cs,sph_ps,sph_acf,sph_cs,h_ps,fa_prob_ps,hacf,gacf,hcs
4585736,98.60685893604968,33.2445732941851,120.87274545295742,8.749206301738312,10.659680360133436,-1.0,-1.0,11.053548127257113,11.053548127257113,1239.6704280619738,1322.4137220201578,1239.6704280619738,0.28408981691797824,0.0,4.023868956437582e-05,-0.5216019390384402,0.39151337228354
