target_id,prot_ps,prot_acf,prot_cs,e_prot_ps,E_prot_ps,e_prot_acf,E_prot_acf,e_prot_cs,E_prot_cs,sph_ps,sph_acf,sph_cs,h_ps,fa_prob_ps,hacf,gacf,hcs
4543236,45.65584136418191,27.422013765200973,72.60201389171918,3.8986479762655932,4.6919448906099745,-1.0,-1.0,2.634879274115613,2.634879274115613,1477.6459202197045,1475.1786505147477,1500.5057269414147,0.14884080184100834,0.0,0.0006658658159984232,-0.4439443070549597,0.13288229913906838
