target_id,prot_ps,prot_acf,prot_cs,e_prot_ps,E_prot_ps,e_prot_acf,E_prot_acf,e_prot_cs,E_prot_cs,sph_ps,sph_acf,sph_cs,h_ps,fa_prob_ps,hacf,gacf,hcs
4679768,73.04851078653499,33.572640544734895,28.659797205420798,21.97753892913817,56.02823663266864,-1.0,-1.0,0.37234615444595015,0.37234615444595015,821.5587725961013,791.0306061355633,800.3169441756651,0.17859161032286386,0.0,7.924248940277545e-05,-0.592511783152203,0.07589123667019437
