target_id,prot_ps,prot_acf,prot_cs,e_prot_ps,E_prot_ps,e_prot_acf,E_prot_acf,e_prot_cs,E_prot_cs,sph_ps,sph_acf,sph_cs,h_ps,fa_prob_ps,hacf,gacf,hcs
4670781,73.04941085951532,31.079618307296187,42.16345614978577,22.528518254897648,59.75262139607774,-1.0,-1.0,8.563398801917627,8.563398801917627,655.3095160339915,629.8179133604767,640.121698176343,0.11073417087564398,0.0,0.0013993902033394012,-0.529331363906255,0.0969399864876225
