target_id,prot_ps,prot_acf,prot_cs,e_prot_ps,E_prot_ps,e_prot_acf,E_prot_acf,e_prot_cs,E_prot_cs,sph_ps,sph_acf,sph_cs,h_ps,fa_prob_ps,hacf,gacf,hcs
4641231,91.31177286275468,8.745628459379077,91.71415151683306,1.4427679149479928,1.4900847060691262,-1.0,-1.0,3.545236707188246,3.545236707188246,1001.0225498764127,927.9693939409125,1000.3807174740381,0.09059368887245722,0.0,0.34781164115879304,0.3675487170958452,0.47960912253277144
