target_id,prot_ps,prot_acf,prot_cs,e_prot_ps,E_prot_ps,e_prot_acf,E_prot_acf,e_prot_cs,E_prot_cs,sph_ps,sph_acf,sph_cs,h_ps,fa_prob_ps,hacf,gacf,hcs
4646799,21.805819754404048,22.293163845781237,22.0207826596545,2.2124601386479874,2.76867118229325,-1.0,-1.0,1.4287368043248005,1.4287368043248005,1251.212867095653,1245.929555950742,1251.0608559373852,0.057305606795904795,0.0,0.47765770075479497,0.24318700725241496,0.964643733664912
