target_id,prot_ps,prot_acf,prot_cs,e_prot_ps,E_prot_ps,e_prot_acf,E_prot_acf,e_prot_cs,E_prot_cs,sph_ps,sph_acf,sph_cs,h_ps,fa_prob_ps,hacf,gacf,hcs
4646997,76.89404248736724,21.33277180418372,36.90079113576561,11.449537716457371,16.23638840113226,-1.0,-1.0,1.7969212881957466,1.7969212881957466,574.6642300434812,563.2870967936086,570.2365626818653,0.04991687678391535,0.0,0.0016286232433861264,-0.15798506617160227,0.5747424047808254
