target_id,prot_ps,prot_acf,prot_cs,e_prot_ps,E_prot_ps,e_prot_acf,E_prot_acf,e_prot_cs,E_prot_cs,sph_ps,sph_acf,sph_cs,h_ps,fa_prob_ps,hacf,gacf,hcs
4661205,72.93438122727618,54.68091812543571,73.0801549998543,2.1702500635825146,2.3075684609181906,-1.0,-1.0,3.3173975213407827,3.3173975213407827,1451.9797672013121,1475.2902555261917,1450.728301960915,0.24041494061817562,0.0,0.30809003986419675,0.11017003752877615,1.180783688179656
