target_id,prot_ps,prot_acf,prot_cs,e_prot_ps,E_prot_ps,e_prot_acf,E_prot_acf,e_prot_cs,E_prot_cs,sph_ps,sph_acf,sph_cs,h_ps,fa_prob_ps,hacf,gacf,hcs
4649785,21.820010284734817,20.88267810922116,21.60437692606822,1.7989502403224407,2.1584092393698455,-1.0,-1.0,2.0752735053063214,2.0752735053063214,3432.7434548033098,3492.1114177104564,3450.4690104056995,0.3120039715242554,0.0,1.1174284369963212,0.6033984384225908,0.9387936461962887
