target_id,prot_ps,prot_acf,prot_cs,e_prot_ps,E_prot_ps,e_prot_acf,E_prot_acf,e_prot_cs,E_prot_cs,sph_ps,sph_acf,sph_cs,h_ps,fa_prob_ps,hacf,gacf,hcs
4681121,14.465225623493753,14.385326892137527,14.510075753769637,0.8271327230439525,0.9348072493749235,-1.0,-1.0,0.34558191711884,0.34558191711884,7817.155357698689,7810.973806494612,7829.206311472389,0.11186023293245244,0.0,0.9185411807454418,0.607539673037349,0.9908933899169281
