target_id,prot_ps,prot_acf,prot_cs,e_prot_ps,E_prot_ps,e_prot_acf,E_prot_acf,e_prot_cs,E_prot_cs,sph_ps,sph_acf,sph_cs,h_ps,fa_prob_ps,hacf,gacf,hcs
4732672,63.52051494080021,33.40920790331438,63.5867727743582,1.1469265249657568,1.1903420162221892,-1.0,-1.0,2.014376751231055,2.014376751231055,346.25053879514314,339.2528986078639,346.40116103114536,0.09019848675957218,0.0,0.23802136988436776,0.09649942721941307,1.3018590790148306
