target_id,prot_ps,prot_acf,prot_cs,e_prot_ps,E_prot_ps,e_prot_acf,E_prot_acf,e_prot_cs,E_prot_cs,sph_ps,sph_acf,sph_cs,h_ps,fa_prob_ps,hacf,gacf,hcs
4736079,73.59859436663545,8.745625868439674,8.673003545254515,2.9201390498536597,3.1699996821831746,-1.0,-1.0,0.22059231062820187,0.22059231062820187,528.802187689655,508.1543408620534,499.41999177300977,0.03924219220870681,0.0,0.4821803989252643,0.43939269709941325,0.47444404092454134
