target_id,prot_ps,prot_acf,prot_cs,e_prot_ps,E_prot_ps,e_prot_acf,E_prot_acf,e_prot_cs,E_prot_cs,sph_ps,sph_acf,sph_cs,h_ps,fa_prob_ps,hacf,gacf,hcs
4757305,29.81603130317631,28.688874514773488,29.897689202715753,5.5656439627110394,8.82873579145896,-1.0,-1.0,0.6059251399388854,0.6059251399388854,924.9127993984594,914.5983586210934,927.4127065913968,0.038721955636795695,0.0,0.2565041011334227,0.07357319356734875,0.8342960665424832
