target_id,prot_ps,prot_acf,prot_cs,e_prot_ps,E_prot_ps,e_prot_acf,E_prot_acf,e_prot_cs,E_prot_cs,sph_ps,sph_acf,sph_cs,h_ps,fa_prob_ps,hacf,gacf,hcs
4750239,17.95074170822532,18.942132441792637,18.12028501265682,2.205157944909409,2.913919265146557,-1.0,-1.0,0.9772179307310259,0.9772179307310259,1080.9009067339334,1088.0157964917057,1095.6399161881413,0.07826034451991604,0.0,0.6120690678795313,0.34148420360414,0.832935265941455
