target_id,prot_ps,prot_acf,prot_cs,e_prot_ps,E_prot_ps,e_prot_acf,E_prot_acf,e_prot_cs,E_prot_cs,sph_ps,sph_acf,sph_cs,h_ps,fa_prob_ps,hacf,gacf,hcs
4756715,7.812687051947752,7.867003611754626,7.971543383005533,0.7723885304995362,0.9603829831599073,-1.0,-1.0,0.5831503759625637,0.5831503759625637,1168.6639748711414,1151.7901495358578,1161.6974733415802,0.039054547985707094,0.0,0.8350865206563367,0.5652912271190594,0.8466529767345031
