target_id,prot_ps,prot_acf,prot_cs,e_prot_ps,E_prot_ps,e_prot_acf,E_prot_acf,e_prot_cs,E_prot_cs,sph_ps,sph_acf,sph_cs,h_ps,fa_prob_ps,hacf,gacf,hcs
4738756,95.37703760475853,4.434128095861524,94.43099010122941,6.176989855465877,7.106711923724774,-1.0,-1.0,9.037468529711534,9.037468529711534,866.8033423791525,747.8622563038718,866.1580270056729,0.08940957191560206,0.0,0.6304115824081246,0.7924420861261138,0.2893859365815281
