target_id,prot_ps,prot_acf,prot_cs,e_prot_ps,E_prot_ps,e_prot_acf,E_prot_acf,e_prot_cs,E_prot_cs,sph_ps,sph_acf,sph_cs,h_ps,fa_prob_ps,hacf,gacf,hcs
4820690,73.0493727887084,6.906590030528605,73.7809761915123,17.204796270553295,32.23895876704698,-1.0,-1.0,6.180489369508054,6.180489369508054,1863.2048063028822,1629.8439278737346,1859.1068147974138,0.09757069971922379,0.0,0.15807547485718995,0.26331590313742315,0.6497854179151353
