target_id,prot_ps,prot_acf,prot_cs,e_prot_ps,E_prot_ps,e_prot_acf,E_prot_acf,e_prot_cs,E_prot_cs,sph_ps,sph_acf,sph_cs,h_ps,fa_prob_ps,hacf,gacf,hcs
4861736,6.270345478408452,6.191412988118827,6.269673008308397,0.14922850631767304,0.15667254907606232,-1.0,-1.0,0.018484700597991812,0.018484700597991812,1021.6053587732819,1044.0634251926579,1021.6053587732819,0.28290217764288184,0.0,0.7634922409503406,0.7856155166174156,0.8982138525221455
