target_id,prot_ps,prot_acf,prot_cs,e_prot_ps,E_prot_ps,e_prot_acf,E_prot_acf,e_prot_cs,E_prot_cs,sph_ps,sph_acf,sph_cs,h_ps,fa_prob_ps,hacf,gacf,hcs
4842734,58.43892147979477,21.90497800707817,30.76893361313269,1.3390441129674429,1.4026822080032488,-1.0,-1.0,4.788928054060266,4.788928054060266,387.11597469848664,374.5476935458606,375.194645753685,0.057959436928680545,0.0,0.001728646440715964,-0.4173684880422728,0.18384218766086435
