target_id,prot_ps,prot_acf,prot_cs,e_prot_ps,E_prot_ps,e_prot_acf,E_prot_acf,e_prot_cs,E_prot_cs,sph_ps,sph_acf,sph_cs,h_ps,fa_prob_ps,hacf,gacf,hcs
4851871,73.04921338992706,0.08173461444675922,73.78081477840895,22.55489877543625,58.03408928759437,-1.0,-1.0,3.898806310442165,3.898806310442165,743.0141811636978,380.8465591524257,738.5490397155945,0.10981488054535275,0.0,0.02976157750481412,1.0201012019353985,0.23158992015608604
