target_id,prot_ps,prot_acf,prot_cs,e_prot_ps,E_prot_ps,e_prot_acf,E_prot_acf,e_prot_cs,E_prot_cs,sph_ps,sph_acf,sph_cs,h_ps,fa_prob_ps,hacf,gacf,hcs
4860614,73.59780586561651,4.188922855537385,74.06631208951511,1.5618483930527844,1.6303531755760758,-1.0,-1.0,2.63454126430811,2.63454126430811,225.57226613880468,174.5935228129042,226.05423179781675,0.195926933546719,0.0,0.5991387706003226,0.7262633053787987,0.2597630382174237
