target_id,prot_ps,prot_acf,prot_cs,e_prot_ps,E_prot_ps,e_prot_acf,E_prot_acf,e_prot_cs,E_prot_cs,sph_ps,sph_acf,sph_cs,h_ps,fa_prob_ps,hacf,gacf,hcs
4990599,54.554993570956526,27.932045708876103,127.05663827218437,9.809138597079091,15.23180568830071,-1.0,-1.0,10.115883873092884,10.115883873092884,956.5386208890951,938.5383387445315,956.5386208890951,0.19693932379072426,0.0,0.000844904772477284,-0.459112733154927,0.3033443669120489
