target_id,prot_ps,prot_acf,prot_cs,e_prot_ps,E_prot_ps,e_prot_acf,E_prot_acf,e_prot_cs,E_prot_cs,sph_ps,sph_acf,sph_cs,h_ps,fa_prob_ps,hacf,gacf,hcs
4940654,91.31153999767926,1.9616312831640244,91.21977020007223,2.394381676801558,2.5283025020630703,-1.0,-1.0,4.00285196068735,4.00285196068735,751.6933687574215,536.7613200013617,751.7625711526789,0.09685026407185836,0.0,0.5647526100272573,0.7605711544972835,0.3103854557609375
