target_id,prot_ps,prot_acf,prot_cs,e_prot_ps,E_prot_ps,e_prot_acf,E_prot_acf,e_prot_cs,E_prot_cs,sph_ps,sph_acf,sph_cs,h_ps,fa_prob_ps,hacf,gacf,hcs
4908380,91.31177524102745,21.353228851221502,28.377317289123308,1.3580891444654952,1.3997002819885438,-1.0,-1.0,5.063036197896264,5.063036197896264,1078.7782455974868,1093.9593516859,1092.0819305062955,0.0754765469375391,0.0,0.00046223916803787846,-0.20297452046307105,0.3148435872275482
