target_id,prot_ps,prot_acf,prot_cs,e_prot_ps,E_prot_ps,e_prot_acf,E_prot_acf,e_prot_cs,E_prot_cs,sph_ps,sph_acf,sph_cs,h_ps,fa_prob_ps,hacf,gacf,hcs
4944604,73.04941651578145,6.7022571712732315,73.78102158894761,9.486365077862644,12.769840257266594,-1.0,-1.0,4.026297330412832,4.026297330412832,610.264568053697,519.8177117631932,610.7934567709138,0.14849271656209134,0.0,0.3217773028726823,0.6451482963236124,0.27912135918808567
