target_id,prot_ps,prot_acf,prot_cs,e_prot_ps,E_prot_ps,e_prot_acf,E_prot_acf,e_prot_cs,E_prot_cs,sph_ps,sph_acf,sph_cs,h_ps,fa_prob_ps,hacf,gacf,hcs
4917483,91.31169490617951,19.003335535526276,25.013293651342387,2.544526509275869,2.6963015679222906,-1.0,-1.0,3.6839279778638767,3.6839279778638767,450.13409108009864,446.3668877599475,444.53827164955516,0.03209783003464831,0.0,0.03872594331544041,-0.17706787650812128,0.26786315345506045
