target_id,prot_ps,prot_acf,prot_cs,e_prot_ps,E_prot_ps,e_prot_acf,E_prot_acf,e_prot_cs,E_prot_cs,sph_ps,sph_acf,sph_cs,h_ps,fa_prob_ps,hacf,gacf,hcs
4989057,75.15315464289648,30.159644532948732,52.92140917809125,0.936002187857568,0.9598171211856368,-1.0,-1.0,1.280451955872747,1.280451955872747,922.9336659357355,878.6911139082407,902.6185874025514,0.07387607187463079,0.0,0.11458754037136576,-0.017020182015666567,5.553906206625645
