target_id,prot_ps,prot_acf,prot_cs,e_prot_ps,E_prot_ps,e_prot_acf,E_prot_acf,e_prot_cs,E_prot_cs,sph_ps,sph_acf,sph_cs,h_ps,fa_prob_ps,hacf,gacf,hcs
4912049,15.498775030475553,15.61140563711524,15.529677410517857,1.1099822687499774,1.2933878925158115,-1.0,-1.0,0.27688570782263355,0.27688570782263355,2586.0526847521023,2596.7822498730984,2587.5547159229586,0.07088172667190802,0.0,0.5543435624742472,0.3463787918164076,0.9724709759646877
