target_id,prot_ps,prot_acf,prot_cs,e_prot_ps,E_prot_ps,e_prot_acf,E_prot_acf,e_prot_cs,E_prot_cs,sph_ps,sph_acf,sph_cs,h_ps,fa_prob_ps,hacf,gacf,hcs
4902014,712.0924815024591,49.48943948931992,1240.5987117415523,6.9121770675835705,7.0504206089351555,-1.0,-1.0,11.245732996768316,11.245732996768316,769.4335265813429,338.1950947571307,769.4335265813429,0.038667777776671776,0.0,0.0023460773289412026,0.012816997174516795,1.297074987078785
