target_id,prot_ps,prot_acf,prot_cs,e_prot_ps,E_prot_ps,e_prot_acf,E_prot_acf,e_prot_cs,E_prot_cs,sph_ps,sph_acf,sph_cs,h_ps,fa_prob_ps,hacf,gacf,hcs
4921316,91.31173500659936,1.4099254729226232,90.9093371276864,3.05466435573517,3.2760441709272357,-1.0,-1.0,4.795270217346244,4.795270217346244,557.7586293608318,491.13592462036047,558.0481440079448,0.043484741323084435,0.0,0.008197622835551754,0.8192747670567451,0.36123042105405784
