target_id,prot_ps,prot_acf,prot_cs,e_prot_ps,E_prot_ps,e_prot_acf,E_prot_acf,e_prot_cs,E_prot_cs,sph_ps,sph_acf,sph_cs,h_ps,fa_prob_ps,hacf,gacf,hcs
4927997,73.04857637636003,11.156834366731346,72.58904141827037,1.6325053268184178,1.7096863746865836,-1.0,-1.0,2.795008374422504,2.795008374422504,453.3810550045507,417.0163857578157,453.6126997857225,0.03647604831370036,0.0,0.010353087393903048,0.007192418399319684,12.844652230819019
