target_id,prot_ps,prot_acf,prot_cs,e_prot_ps,E_prot_ps,e_prot_acf,E_prot_acf,e_prot_cs,E_prot_cs,sph_ps,sph_acf,sph_cs,h_ps,fa_prob_ps,hacf,gacf,hcs
4902057,88.81044618067494,12.137425113469362,12.816017517540603,8.22629006868577,10.074336266283922,-1.0,-1.0,2.2145204165729906,2.2145204165729906,6878.9571245392335,5506.468032679496,7888.2785019543735,0.3981462718627368,0.0,0.07428684848818001,0.36440805086812583,0.2691208195230661
