target_id,prot_ps,prot_acf,prot_cs,e_prot_ps,E_prot_ps,e_prot_acf,E_prot_acf,e_prot_cs,E_prot_cs,sph_ps,sph_acf,sph_cs,h_ps,fa_prob_ps,hacf,gacf,hcs
4917326,59.97643945751797,1.5120378518477082,69.0110421938449,19.132990764908513,51.94054888954798,-1.0,-1.0,17.832405725089306,17.832405725089306,675.315095052764,556.060767439098,675.315095052764,0.11464575395439197,6.547129861577903e-229,0.09802693887498543,0.8462200006334416,0.20214467842071276
