target_id,prot_ps,prot_acf,prot_cs,e_prot_ps,E_prot_ps,e_prot_acf,E_prot_acf,e_prot_cs,E_prot_cs,sph_ps,sph_acf,sph_cs,h_ps,fa_prob_ps,hacf,gacf,hcs
4936404,91.31091859857017,1.8799102269113064,91.2249911295994,2.726485816055515,2.901491949723024,-1.0,-1.0,4.643791567424727,4.643791567424727,597.2745400822535,429.8515027149528,597.3608233669519,0.059801059737495096,0.0,0.05053388677922965,0.6233553860717024,0.1671746924217329
