target_id,prot_ps,prot_acf,prot_cs,e_prot_ps,E_prot_ps,e_prot_acf,E_prot_acf,e_prot_cs,E_prot_cs,sph_ps,sph_acf,sph_cs,h_ps,fa_prob_ps,hacf,gacf,hcs
4929905,9.87891324188596,9.910391562152654,9.97786556296527,0.9374903130274266,1.1544001096196759,-1.0,-1.0,0.6507672576341733,0.6507672576341733,1749.1812955583343,1742.282639923919,1726.9277938475998,0.03316684309717699,0.0,0.7737323165966763,0.5012142513650784,0.976663479236685
