target_id,prot_ps,prot_acf,prot_cs,e_prot_ps,E_prot_ps,e_prot_acf,E_prot_acf,e_prot_cs,E_prot_cs,sph_ps,sph_acf,sph_cs,h_ps,fa_prob_ps,hacf,gacf,hcs
5009036,97.39911476001654,14.405750089790672,37.8294997357903,2.535885840273991,2.676658742172492,-1.0,-1.0,4.492416100906802,4.492416100906802,905.6400111088045,891.2124416372269,897.8562308395977,0.03938522893256948,0.0,8.645422597985952e-05,-0.28620951486461244,0.31748538774637025
