target_id,prot_ps,prot_acf,prot_cs,e_prot_ps,E_prot_ps,e_prot_acf,E_prot_acf,e_prot_cs,E_prot_cs,sph_ps,sph_acf,sph_cs,h_ps,fa_prob_ps,hacf,gacf,hcs
5077615,52.885535791942885,17.899620719254017,45.5962187787518,0.5232570236019853,0.5338241611703722,-1.0,-1.0,2.9409993537296435,2.9409993537296435,1768.3851156039225,1652.2030562829648,1743.5800564610881,0.060831649217556974,0.0,9.566326711601958e-05,-0.2102603789560536,0.4823997439225285
