target_id,prot_ps,prot_acf,prot_cs,e_prot_ps,E_prot_ps,e_prot_acf,E_prot_acf,e_prot_cs,E_prot_cs,sph_ps,sph_acf,sph_cs,h_ps,fa_prob_ps,hacf,gacf,hcs
5000915,59.97636899025843,1.1646766369231045,112.41111370245868,5.551686129947534,6.797633321157434,-1.0,-1.0,10.990180907148144,10.990180907148144,688.3008241771616,616.1769780544017,688.3008241771616,0.048808424269867645,6.118568758584429e-92,0.007104274059808735,0.7663724084887695,0.09376627771490868
