target_id,prot_ps,prot_acf,prot_cs,e_prot_ps,E_prot_ps,e_prot_acf,E_prot_acf,e_prot_cs,E_prot_cs,sph_ps,sph_acf,sph_cs,h_ps,fa_prob_ps,hacf,gacf,hcs
5093714,73.0485784652353,26.196037655696273,41.32864265310852,1.9257349257933782,2.0328065704655103,-1.0,-1.0,4.854471244452149,4.854471244452149,259.1082550011512,251.74259839378266,254.2336645385483,0.13682455973253077,0.0,0.00028658000052678156,-0.39441969616853084,0.13835669459967437
