target_id,prot_ps,prot_acf,prot_cs,e_prot_ps,E_prot_ps,e_prot_acf,E_prot_acf,e_prot_cs,E_prot_cs,sph_ps,sph_acf,sph_cs,h_ps,fa_prob_ps,hacf,gacf,hcs
5018454,15.218433324416212,15.345735061913729,15.139547751588141,1.3018928683565782,1.5673809698622367,-1.0,-1.0,0.697288990181698,0.697288990181698,3153.2103809810574,3105.8742770625527,3229.273966587228,0.10201643561131374,0.0,0.9288020402052426,0.524321418621379,0.9793809817722328
