target_id,prot_ps,prot_acf,prot_cs,e_prot_ps,E_prot_ps,e_prot_acf,E_prot_acf,e_prot_cs,E_prot_cs,sph_ps,sph_acf,sph_cs,h_ps,fa_prob_ps,hacf,gacf,hcs
5094165,77.47125173361096,25.194798252079636,46.06266916008187,2.5001034287640636,2.6707576662213484,-1.0,-1.0,1.1300031935043748,1.1300031935043748,238.0262385353425,234.39086349193136,240.2898143609403,0.046246569238502656,0.0,0.00013039301042780393,-0.2810065693068953,0.46974361648330826
