target_id,prot_ps,prot_acf,prot_cs,e_prot_ps,E_prot_ps,e_prot_acf,E_prot_acf,e_prot_cs,E_prot_cs,sph_ps,sph_acf,sph_cs,h_ps,fa_prob_ps,hacf,gacf,hcs
5097847,73.59772963010779,23.82575141824782,45.536405470026665,12.926017588668927,20.03331564143147,-1.0,-1.0,5.107790095875346,5.107790095875346,184.64818745969825,181.46959625639087,179.3549019548318,0.08688575427443036,0.0,0.0028424565681872405,-0.38638414923422454,0.1745070704011985
