target_id,prot_ps,prot_acf,prot_cs,e_prot_ps,E_prot_ps,e_prot_acf,E_prot_acf,e_prot_cs,E_prot_cs,sph_ps,sph_acf,sph_cs,h_ps,fa_prob_ps,hacf,gacf,hcs
5037811,45.9215665046449,27.871690263971686,45.82256453638503,7.849906913853225,11.866189778258835,-1.0,-1.0,1.2268112896277414,1.2268112896277414,1143.5979125318104,1087.853859291069,1099.673787629537,0.09337732171989223,0.0,0.0006940133560741635,-0.3965103139384869,0.25272469667501857
