target_id,prot_ps,prot_acf,prot_cs,e_prot_ps,E_prot_ps,e_prot_acf,E_prot_acf,e_prot_cs,E_prot_cs,sph_ps,sph_acf,sph_cs,h_ps,fa_prob_ps,hacf,gacf,hcs
5040077,15.378679479286168,15.284887362271547,15.328745531147387,1.7621640402350156,2.279283415030797,-1.0,-1.0,1.0738174857268594,1.0738174857268594,1468.1693814137147,1432.0385155395074,1455.773617989536,0.07775827116925352,0.0,0.9963148209403828,0.5988503243101803,0.9762812693218712
