target_id,prot_ps,prot_acf,prot_cs,e_prot_ps,E_prot_ps,e_prot_acf,E_prot_acf,e_prot_cs,E_prot_cs,sph_ps,sph_acf,sph_cs,h_ps,fa_prob_ps,hacf,gacf,hcs
5025810,12.594671704693155,7.110900113359094,12.574140987764489,0.6609343865239445,0.7375718297686849,-1.0,-1.0,0.1393629666392176,0.1393629666392176,469.2983109069582,429.7995142583622,467.70752837593534,0.027472970077324577,0.0,0.003707704423095759,0.1317690477736767,2.436918475855187
