target_id,prot_ps,prot_acf,prot_cs,e_prot_ps,E_prot_ps,e_prot_acf,E_prot_acf,e_prot_cs,E_prot_cs,sph_ps,sph_acf,sph_cs,h_ps,fa_prob_ps,hacf,gacf,hcs
5025935,11.59502383200225,11.74926059320569,11.70165054593235,0.32589731901512664,0.3451061419481878,-1.0,-1.0,0.29637356014950195,0.29637356014950195,2357.524149121597,2376.954128673519,2368.7779146114235,0.1080440209014879,0.0,0.7980550486509432,0.5166793355560937,0.9123338693729114
