target_id,prot_ps,prot_acf,prot_cs,e_prot_ps,E_prot_ps,e_prot_acf,E_prot_acf,e_prot_cs,E_prot_cs,sph_ps,sph_acf,sph_cs,h_ps,fa_prob_ps,hacf,gacf,hcs
5018092,60.8738104159992,24.540903554297984,41.87729872590934,15.719344381102061,32.165115883740484,-1.0,-1.0,3.733600420245259,3.733600420245259,691.5748780888632,652.7096097245719,682.4791923594587,0.07831894284738003,0.0,0.0017577390899495282,-0.40565168987857064,0.2112922900694885
