target_id,prot_ps,prot_acf,prot_cs,e_prot_ps,E_prot_ps,e_prot_acf,E_prot_acf,e_prot_cs,E_prot_cs,sph_ps,sph_acf,sph_cs,h_ps,fa_prob_ps,hacf,gacf,hcs
5091497,1.1004292879462776,2.227261696010828,2.208258454017341,0.023487147528197472,0.024523520657035114,-1.0,-1.0,0.1409374951625203,0.1409374951625203,4735.96684998307,4951.689986909479,4746.228978559055,0.2063061031149736,5.825583829966853e-226,1.2935829580718774,0.858573482603642,0.7479670927766272
