target_id,prot_ps,prot_acf,prot_cs,e_prot_ps,E_prot_ps,e_prot_acf,E_prot_acf,e_prot_cs,E_prot_cs,sph_ps,sph_acf,sph_cs,h_ps,fa_prob_ps,hacf,gacf,hcs
5093373,60.87443609302461,27.0337643888779,28.934505706680934,14.390218612709177,27.052120501606574,-1.0,-1.0,3.9099703893067375,3.9099703893067375,465.5515900718392,457.1934997437669,462.45867157341036,0.050402026557476325,0.0,0.002833035776813375,-0.4867901871526718,0.182443312687363
