target_id,prot_ps,prot_acf,prot_cs,e_prot_ps,E_prot_ps,e_prot_acf,E_prot_acf,e_prot_cs,E_prot_cs,sph_ps,sph_acf,sph_cs,h_ps,fa_prob_ps,hacf,gacf,hcs
5176981,45.65585682757488,11.606340378522873,28.671751455261838,6.9320094632521645,9.91174734954648,-1.0,-1.0,0.4431070720726902,0.4431070720726902,714.1134088459066,689.0791508389941,703.8858825253362,0.03626490582909685,0.0,0.004077615310037544,-0.11989600277979301,1.5628851021056087
