target_id,prot_ps,prot_acf,prot_cs,e_prot_ps,E_prot_ps,e_prot_acf,E_prot_acf,e_prot_cs,E_prot_cs,sph_ps,sph_acf,sph_cs,h_ps,fa_prob_ps,hacf,gacf,hcs
5194270,121.74760553003513,14.283196785952896,92.38776269561147,2.346609257922694,2.440555166041264,-1.0,-1.0,31.146463354615495,31.146463354615495,249.4548013416245,228.92004366608896,259.8772548664012,0.09103183143069651,0.0,0.27844399728878966,0.25465971873779325,0.1595469078785763
