target_id,prot_ps,prot_acf,prot_cs,e_prot_ps,E_prot_ps,e_prot_acf,E_prot_acf,e_prot_cs,E_prot_cs,sph_ps,sph_acf,sph_cs,h_ps,fa_prob_ps,hacf,gacf,hcs
5125793,73.04934456589748,11.42243319330737,11.854401418184864,2.4767202812021623,2.6549509026370544,-1.0,-1.0,0.4697955954799046,0.4697955954799046,960.1401929152561,916.646891340652,913.2466007343869,0.10411951665505186,0.0,0.5548688449982042,0.5003171871161359,0.5232397487461553
