target_id,prot_ps,prot_acf,prot_cs,e_prot_ps,E_prot_ps,e_prot_acf,E_prot_acf,e_prot_cs,E_prot_cs,sph_ps,sph_acf,sph_cs,h_ps,fa_prob_ps,hacf,gacf,hcs
5192733,60.87436363667731,26.522891454398632,26.298121187835935,11.399101585680356,18.115874937336898,-1.0,-1.0,1.978412031607798,1.978412031607798,687.3611962690413,672.790462150585,670.4016949755737,0.05223307976456189,0.0,0.01175852588141521,-0.38717817405376553,0.10539250011329887
