target_id,prot_ps,prot_acf,prot_cs,e_prot_ps,E_prot_ps,e_prot_acf,E_prot_acf,e_prot_cs,E_prot_cs,sph_ps,sph_acf,sph_cs,h_ps,fa_prob_ps,hacf,gacf,hcs
5184355,42.96977958884725,48.12154266983271,82.07777874730526,11.384557511397354,23.946710825650825,-1.0,-1.0,3.650338887424374,3.650338887424374,761.13363774977,766.0860360791468,745.2713826392699,0.12792877650566023,0.0,0.332543230022844,0.12131103746603032,0.7400729217106008
