target_id,prot_ps,prot_acf,prot_cs,e_prot_ps,E_prot_ps,e_prot_acf,E_prot_acf,e_prot_cs,E_prot_cs,sph_ps,sph_acf,sph_cs,h_ps,fa_prob_ps,hacf,gacf,hcs
5165628,92.83276645197971,23.477985496167094,91.03083149297164,1.624867295664572,1.683718812759551,-1.0,-1.0,14.569400429267944,14.569400429267944,2234.0788988948766,2030.9764196965384,2226.0786672748945,0.07031153805733,0.0,0.11089264116959875,0.03832397640563776,2.0073274438364646
