target_id,prot_ps,prot_acf,prot_cs,e_prot_ps,E_prot_ps,e_prot_acf,E_prot_acf,e_prot_cs,E_prot_cs,sph_ps,sph_acf,sph_cs,h_ps,fa_prob_ps,hacf,gacf,hcs
5115791,91.31164499661229,17.899905854836106,25.44667780616786,1.3563502499137599,1.3979154949741002,-1.0,-1.0,2.621977892621633,2.621977892621633,597.9288767806474,568.2986154175119,565.5640562882196,0.039947522391005644,0.0,0.03864844520907708,-0.1571552835676735,0.617240382054578
