target_id,prot_ps,prot_acf,prot_cs,e_prot_ps,E_prot_ps,e_prot_acf,E_prot_acf,e_prot_cs,E_prot_cs,sph_ps,sph_acf,sph_cs,h_ps,fa_prob_ps,hacf,gacf,hcs
5176748,47.12865697487765,18.28817166155204,25.81364585257145,10.047355244528298,17.3864589280277,-1.0,-1.0,3.960858364341972,3.960858364341972,205.82857321383312,203.77073282703896,204.98106257754617,0.05296687019664945,0.0,0.004001947327865685,-0.29654301192705007,0.08824364035288375
