target_id,prot_ps,prot_acf,prot_cs,e_prot_ps,E_prot_ps,e_prot_acf,E_prot_acf,e_prot_cs,E_prot_cs,sph_ps,sph_acf,sph_cs,h_ps,fa_prob_ps,hacf,gacf,hcs
5183039,11.588607201852135,11.483771165832877,11.516781066200537,0.24263824074951934,0.2533391402556031,-1.0,-1.0,0.2212571568349519,0.2212571568349519,8323.34993178107,8456.98552723043,8459.416268206389,0.12893283906217565,0.0,0.9569240695647989,0.5733026717179255,0.9812798218916275
