target_id,prot_ps,prot_acf,prot_cs,e_prot_ps,E_prot_ps,e_prot_acf,E_prot_acf,e_prot_cs,E_prot_cs,sph_ps,sph_acf,sph_cs,h_ps,fa_prob_ps,hacf,gacf,hcs
5193446,31.760200935387076,16.18351451307535,56.08937141872402,5.235072715932596,7.771388181553981,-1.0,-1.0,1.319918143004271,1.319918143004271,1270.4713207267862,1207.2480033082006,1298.430924844024,0.0753711851563632,0.0,1.076585858345025e-05,-0.31325332038446296,0.3749822212606086
