target_id,prot_ps,prot_acf,prot_cs,e_prot_ps,E_prot_ps,e_prot_acf,E_prot_acf,e_prot_cs,E_prot_cs,sph_ps,sph_acf,sph_cs,h_ps,fa_prob_ps,hacf,gacf,hcs
5184384,45.998766857645016,12.035526750143617,11.990776659171095,8.488338842432775,13.53281424156085,-1.0,-1.0,0.7420508894627788,0.7420508894627788,180.44522375513557,174.41586569610172,174.0144101917216,0.03441357490702376,0.0,0.37887893600383393,0.24814917007633758,0.6127079808910941
