target_id,prot_ps,prot_acf,prot_cs,e_prot_ps,E_prot_ps,e_prot_acf,E_prot_acf,e_prot_cs,E_prot_cs,sph_ps,sph_acf,sph_cs,h_ps,fa_prob_ps,hacf,gacf,hcs
5127332,15.880313965025168,16.203938642516732,16.035769140589977,2.058392615546172,2.769060666604041,-1.0,-1.0,1.752203113555382,1.752203113555382,2301.5634620420055,2334.2428199825936,2319.2691451190217,0.049164478053717056,0.0,0.8242419117497031,0.46971461895318717,0.9821592409746295
