target_id,prot_ps,prot_acf,prot_cs,e_prot_ps,E_prot_ps,e_prot_acf,E_prot_acf,e_prot_cs,E_prot_cs,sph_ps,sph_acf,sph_cs,h_ps,fa_prob_ps,hacf,gacf,hcs
5126149,52.692422747908914,4.720178932417184,4.795259870352848,16.062988676532406,40.52133937720531,-1.0,-1.0,0.11754073143995278,0.11754073143995278,2290.8183883447387,1924.0132671789065,1893.2173836553316,0.09503133188213932,0.0,0.588421736656448,0.7577777555859807,0.31626715076138695
