target_id,prot_ps,prot_acf,prot_cs,e_prot_ps,E_prot_ps,e_prot_acf,E_prot_acf,e_prot_cs,E_prot_cs,sph_ps,sph_acf,sph_cs,h_ps,fa_prob_ps,hacf,gacf,hcs
5194092,61.33161609190631,6.109697934240103,6.288388092248714,17.98372624002633,44.110919035987564,-1.0,-1.0,0.02072765804835569,0.02072765804835569,196.57344540066305,160.85071381130308,161.66336787021552,0.03871800626145927,0.0,0.2884609279010413,0.5898663269953358,0.742676985777896
