target_id,prot_ps,prot_acf,prot_cs,e_prot_ps,E_prot_ps,e_prot_acf,E_prot_acf,e_prot_cs,E_prot_cs,sph_ps,sph_acf,sph_cs,h_ps,fa_prob_ps,hacf,gacf,hcs
5286224,73.04939654780907,2.8811524473130703,73.78100141230969,11.8774305258492,17.516709585327447,-1.0,-1.0,3.9024966451754572,3.9024966451754572,409.71688118216593,297.92798304840807,410.0054982082804,0.06639252251429903,0.0,0.0002977381979630822,0.6129126102129259,0.17878900824456462
