target_id,prot_ps,prot_acf,prot_cs,e_prot_ps,E_prot_ps,e_prot_acf,E_prot_acf,e_prot_cs,E_prot_cs,sph_ps,sph_acf,sph_cs,h_ps,fa_prob_ps,hacf,gacf,hcs
5273639,60.87457853554142,1.7572979349642992,61.480702950479454,5.311473941606479,6.420720355385654,-1.0,-1.0,8.30451011729866,8.30451011729866,847.4656072834802,710.7070683956115,847.0281937257953,0.05276959797118954,0.0,0.6325382644519241,0.8583845899161755,0.22786330004816271
