target_id,prot_ps,prot_acf,prot_cs,e_prot_ps,E_prot_ps,e_prot_acf,E_prot_acf,e_prot_cs,E_prot_cs,sph_ps,sph_acf,sph_cs,h_ps,fa_prob_ps,hacf,gacf,hcs
5288041,73.59769821940932,27.09513953793794,27.43510673467766,2.7543193261992087,2.9795637839895477,-1.0,-1.0,1.3088413055502521,1.3088413055502521,462.01952313129146,439.9153958153061,441.6435514712564,0.03538815159334772,0.0,0.3385665815125377,0.14172208541350653,0.8646466005052896
