target_id,prot_ps,prot_acf,prot_cs,e_prot_ps,E_prot_ps,e_prot_acf,E_prot_acf,e_prot_cs,E_prot_cs,sph_ps,sph_acf,sph_cs,h_ps,fa_prob_ps,hacf,gacf,hcs
5215999,1.2660053657042127,1.266892067156732,1.2658618422488488,-1.0,-1.0,-1.0,-1.0,0.008080744098843478,0.008080744098843478,22970.09411147061,22961.36790752462,22970.09411147061,0.41312835340853243,0.0,0.827830232797133,0.41406886023452916,0.2596065847714226
