target_id,prot_ps,prot_acf,prot_cs,e_prot_ps,E_prot_ps,e_prot_acf,E_prot_acf,e_prot_cs,E_prot_cs,sph_ps,sph_acf,sph_cs,h_ps,fa_prob_ps,hacf,gacf,hcs
5298758,91.31180531090862,30.67101122625172,46.64895294394345,12.47357307058931,17.22727432580129,-1.0,-1.0,1.6979541081066052,1.6979541081066052,708.4266946200624,687.9060767208118,707.7452859946471,0.16195099717989317,0.0,0.0021033257097017866,-0.4707915034258156,0.1667264686526056
