target_id,prot_ps,prot_acf,prot_cs,e_prot_ps,E_prot_ps,e_prot_acf,E_prot_acf,e_prot_cs,E_prot_cs,sph_ps,sph_acf,sph_cs,h_ps,fa_prob_ps,hacf,gacf,hcs
5271780,11.20231585825659,7.23351420275867,11.129560823019665,0.503094102155389,0.5527252274043821,-1.0,-1.0,0.2793971562581871,0.2793971562581871,856.2947860807719,841.0318721081028,853.0555730113051,0.031102085279751657,0.0,0.0005643823951108698,0.07993843855999096,5.276355166709157
