target_id,prot_ps,prot_acf,prot_cs,e_prot_ps,E_prot_ps,e_prot_acf,E_prot_acf,e_prot_cs,E_prot_cs,sph_ps,sph_acf,sph_cs,h_ps,fa_prob_ps,hacf,gacf,hcs
5259844,91.31174404363495,27.68767005065456,42.16351956649114,2.676705163922861,2.8416382878993147,-1.0,-1.0,8.506808305850594,8.506808305850594,642.5776993672256,621.2198717913993,632.880746816238,0.07420043189944847,0.0,0.0002543488232052138,-0.4195738284215239,0.11969249999254554
