target_id,prot_ps,prot_acf,prot_cs,e_prot_ps,E_prot_ps,e_prot_acf,E_prot_acf,e_prot_cs,E_prot_cs,sph_ps,sph_acf,sph_cs,h_ps,fa_prob_ps,hacf,gacf,hcs
5201375,5.090546765404434,4.740616388618946,5.086475755728169,-1.0,-1.0,-1.0,-1.0,0.035310618840274886,0.035310618840274886,1057.6799190690465,1042.0672296321613,1054.8776033143693,0.03975148401725515,0.0,0.9701116872146267,0.762897700619836,0.8729371827209236
