target_id,prot_ps,prot_acf,prot_cs,e_prot_ps,E_prot_ps,e_prot_acf,E_prot_acf,e_prot_cs,E_prot_cs,sph_ps,sph_acf,sph_cs,h_ps,fa_prob_ps,hacf,gacf,hcs
5268127,45.92233022635382,23.968797493726015,62.500828058900204,8.649810525245506,13.794399199672469,-1.0,-1.0,2.3484779132431948,2.3484779132431948,334.28150052290044,323.8416283640046,331.32068479558785,0.09868340757096583,0.0,0.0024094139347157206,-0.47855077289979314,0.10810481905496104
