target_id,prot_ps,prot_acf,prot_cs,e_prot_ps,E_prot_ps,e_prot_acf,E_prot_acf,e_prot_cs,E_prot_cs,sph_ps,sph_acf,sph_cs,h_ps,fa_prob_ps,hacf,gacf,hcs
5285093,53.908794266684104,53.802150811534375,53.81604436564987,10.973901146892885,18.383503389084197,-1.0,-1.0,1.9781183237778903,1.9781183237778903,1337.0070060083162,1353.2856399530247,1351.9709692204874,0.12734703242128492,0.0,0.44614260212388346,0.187936892600665,0.9983794596790291
