target_id,prot_ps,prot_acf,prot_cs,e_prot_ps,E_prot_ps,e_prot_acf,E_prot_acf,e_prot_cs,E_prot_cs,sph_ps,sph_acf,sph_cs,h_ps,fa_prob_ps,hacf,gacf,hcs
5284904,73.04848651708113,25.889544144738466,33.64149076051545,8.56393703393045,11.2213473658135,-1.0,-1.0,6.089458097961492,6.089458097961492,409.0867314302397,389.95619138832444,399.6584311514805,0.09903007929815993,0.0,8.471024931400173e-05,-0.450987640190723,0.18553483228053944
