target_id,prot_ps,prot_acf,prot_cs,e_prot_ps,E_prot_ps,e_prot_acf,E_prot_acf,e_prot_cs,E_prot_cs,sph_ps,sph_acf,sph_cs,h_ps,fa_prob_ps,hacf,gacf,hcs
5303625,72.93532858232533,56.540200433228165,91.02940050608368,2.0810127397107436,2.2082879636488144,-1.0,-1.0,6.575628972036736,6.575628972036736,4377.146227274713,4329.318723107845,4320.793676249538,0.17028611114914793,0.0,0.2656701975857745,0.07436797366735946,0.7436139189814949
