target_id,prot_ps,prot_acf,prot_cs,e_prot_ps,E_prot_ps,e_prot_acf,E_prot_acf,e_prot_cs,E_prot_cs,sph_ps,sph_acf,sph_cs,h_ps,fa_prob_ps,hacf,gacf,hcs
5388229,0.6169632703316117,0.6334455139003694,51.89406868176073,0.006117606089120153,0.006241287082986324,-1.0,-1.0,0.09445349662083151,0.09445349662083151,8201.079650137162,8202.837921133443,8799.15051074463,0.28451855555932,0.0,3.2277462911848502,1.2786877395076537,0.008709291003000127
