target_id,prot_ps,prot_acf,prot_cs,e_prot_ps,E_prot_ps,e_prot_acf,E_prot_acf,e_prot_cs,E_prot_cs,sph_ps,sph_acf,sph_cs,h_ps,fa_prob_ps,hacf,gacf,hcs
5389184,73.0474356825811,23.09011329896748,28.645714349963324,2.2013131136617545,2.341280501573408,-1.0,-1.0,0.36793177600932164,0.36793177600932164,456.91250577555263,446.69355416417244,451.85246216982966,0.09314145601307984,0.0,0.004446578141786367,-0.43833114363162473,0.2935732451814139
