target_id,prot_ps,prot_acf,prot_cs,e_prot_ps,E_prot_ps,e_prot_acf,E_prot_acf,e_prot_cs,E_prot_cs,sph_ps,sph_acf,sph_cs,h_ps,fa_prob_ps,hacf,gacf,hcs
5350995,21.485145348086316,20.944539341144264,21.194254152960138,3.6030292083982083,5.394105673602375,-1.0,-1.0,0.6639709370694254,0.6639709370694254,1946.477124545546,1942.6478505662585,1944.2832997034595,0.09596262711711623,0.0,0.8505754635385097,0.4387106376546539,0.9856680116527827
