target_id,prot_ps,prot_acf,prot_cs,e_prot_ps,E_prot_ps,e_prot_acf,E_prot_acf,e_prot_cs,E_prot_cs,sph_ps,sph_acf,sph_cs,h_ps,fa_prob_ps,hacf,gacf,hcs
5376353,74.8783911854516,31.569895546417683,45.85242614765126,24.030748193845483,68.32338413350222,-1.0,-1.0,0.9756962188809724,0.9756962188809724,940.891026170711,908.5404442825732,917.5175958589612,0.1297144642991008,0.0,0.0007600766505087564,-0.5101279028918563,0.10995175622894526
