target_id,prot_ps,prot_acf,prot_cs,e_prot_ps,E_prot_ps,e_prot_acf,E_prot_acf,e_prot_cs,E_prot_cs,sph_ps,sph_acf,sph_cs,h_ps,fa_prob_ps,hacf,gacf,hcs
5306984,3.1999146388409243,3.1468049585819244,3.1930293688119065,-1.0,-1.0,-1.0,-1.0,0.013574557641833091,0.013574557641833091,18034.16546341569,18053.75323432781,18077.987480866563,0.32048084084617756,0.0,1.7360398931478678,0.9402183049696472,0.3734388880906225
