target_id,prot_ps,prot_acf,prot_cs,e_prot_ps,E_prot_ps,e_prot_acf,E_prot_acf,e_prot_cs,E_prot_cs,sph_ps,sph_acf,sph_cs,h_ps,fa_prob_ps,hacf,gacf,hcs
5352151,7.396844813008819,7.478737503290176,7.418075395300803,0.3742081125913792,0.41586472667854135,-1.0,-1.0,0.0812227788396146,0.0812227788396146,7608.856234394107,7657.6814233203095,7608.677991996689,0.15529799567575514,0.0,1.4491787053574319,0.8432397263894765,0.9964668253579129
