target_id,prot_ps,prot_acf,prot_cs,e_prot_ps,E_prot_ps,e_prot_acf,E_prot_acf,e_prot_cs,E_prot_cs,sph_ps,sph_acf,sph_cs,h_ps,fa_prob_ps,hacf,gacf,hcs
5344019,62.56070963599168,28.42285980610177,46.21335919669725,15.046558943732194,29.054531467601088,-1.0,-1.0,1.17844426411411,1.17844426411411,166.71676494792285,159.86799402044383,162.39405672748623,0.09765322105401693,0.0,0.0004614238713522567,-0.4868708898445342,0.1396838173459183
