target_id,prot_ps,prot_acf,prot_cs,e_prot_ps,E_prot_ps,e_prot_acf,E_prot_acf,e_prot_cs,E_prot_cs,sph_ps,sph_acf,sph_cs,h_ps,fa_prob_ps,hacf,gacf,hcs
5376067,91.31179580059303,3.5145991537719965,91.71874613589675,1.4195786041396303,1.4653671081025124,-1.0,-1.0,3.760719468250416,3.760719468250416,750.6789424471257,565.6678691780546,750.0276848069913,0.060102854247768615,0.0,0.14234525175402893,0.7713897893943197,0.1181775239549
