target_id,prot_ps,prot_acf,prot_cs,e_prot_ps,E_prot_ps,e_prot_acf,E_prot_acf,e_prot_cs,E_prot_cs,sph_ps,sph_acf,sph_cs,h_ps,fa_prob_ps,hacf,gacf,hcs
5350807,121.74904636174497,1.389492530375719,120.7993087532515,2.396007414161275,2.493722866988051,-1.0,-1.0,6.569482593342244,6.569482593342244,344.19718252636056,316.3715519659609,346.3275898167114,0.014371018995761856,5.585445719008898e-220,0.0015943277144979118,0.7654756123283472,0.08649964400284622
