target_id,prot_ps,prot_acf,prot_cs,e_prot_ps,E_prot_ps,e_prot_acf,E_prot_acf,e_prot_cs,E_prot_cs,sph_ps,sph_acf,sph_cs,h_ps,fa_prob_ps,hacf,gacf,hcs
5308387,47.12822359640814,0.7969171945005655,52.70973794620483,16.819806536965146,57.33723123655483,-1.0,-1.0,2.857783439541055,2.857783439541055,594.1742586714049,272.05881062057614,573.211652267306,0.07490167376926476,0.0,0.01097686945014359,0.9444430905198673,0.2021135857747208
