target_id,prot_ps,prot_acf,prot_cs,e_prot_ps,E_prot_ps,e_prot_acf,E_prot_acf,e_prot_cs,E_prot_cs,sph_ps,sph_acf,sph_cs,h_ps,fa_prob_ps,hacf,gacf,hcs
5343801,23.03078347263265,10.727505816612393,11.536461921907028,2.039094452249749,2.4751462462356386,-1.0,-1.0,0.43316430545552853,0.43316430545552853,2537.5593474672573,2418.8905911753673,2426.5310524305182,0.10346854039630102,0.0,0.0034208195236284794,-0.2424973656581503,0.32116374701505984
