target_id,prot_ps,prot_acf,prot_cs,e_prot_ps,E_prot_ps,e_prot_acf,E_prot_acf,e_prot_cs,E_prot_cs,sph_ps,sph_acf,sph_cs,h_ps,fa_prob_ps,hacf,gacf,hcs
5437806,54.11061115259844,24.418253349140286,26.49524016483502,5.6926041085183385,7.227639234971342,-1.0,-1.0,0.4484962955158393,0.4484962955158393,338.7677023301345,326.4609586767779,329.4511037992145,0.14024718563088973,0.0,0.00030459345576400176,-0.4771399977820475,0.13834087017175256
