target_id,prot_ps,prot_acf,prot_cs,e_prot_ps,E_prot_ps,e_prot_acf,E_prot_acf,e_prot_cs,E_prot_cs,sph_ps,sph_acf,sph_cs,h_ps,fa_prob_ps,hacf,gacf,hcs
5469517,50.378926069754726,11.912857519928366,50.8728057023835,5.601177621227713,7.182270522485879,-1.0,-1.0,8.037455926381105,8.037455926381105,447.50473318924816,427.7546057624651,448.73558669252384,0.035434016370730036,0.0,0.3174590581304446,0.1806741950382835,0.4917974282395712
