target_id,prot_ps,prot_acf,prot_cs,e_prot_ps,E_prot_ps,e_prot_acf,E_prot_acf,e_prot_cs,E_prot_cs,sph_ps,sph_acf,sph_cs,h_ps,fa_prob_ps,hacf,gacf,hcs
5440148,73.04938949284373,1.7777321585454047,123.29165096898562,18.197533009110444,35.9097961117952,-1.0,-1.0,12.12715782709116,12.12715782709116,623.5003428657922,564.4662644169591,624.272991306546,0.02355938264598341,0.0,0.0016493828212236217,0.7932934820777343,0.07314579267428062
