target_id,prot_ps,prot_acf,prot_cs,e_prot_ps,E_prot_ps,e_prot_acf,E_prot_acf,e_prot_cs,E_prot_cs,sph_ps,sph_acf,sph_cs,h_ps,fa_prob_ps,hacf,gacf,hcs
5477660,72.93538801470993,27.503856336697936,45.94710357613201,1.0030216514709736,1.031356897921924,-1.0,-1.0,1.1885229130056896,1.1885229130056896,1309.940381329917,1242.0043232191774,1291.4429298785828,0.16261695916486718,0.0,0.0004224659508140216,-0.3680058772670204,0.24475858814110427
