target_id,prot_ps,prot_acf,prot_cs,e_prot_ps,E_prot_ps,e_prot_acf,E_prot_acf,e_prot_cs,E_prot_cs,sph_ps,sph_acf,sph_cs,h_ps,fa_prob_ps,hacf,gacf,hcs
5473223,73.0493879287486,4.086740501224995,4.152926090464153,11.275582381860097,16.2384413248961,-1.0,-1.0,0.013627943036015219,0.013627943036015219,631.128737212859,521.3322346364478,530.3667155402534,0.11424909417358327,0.0,0.341013407041247,0.7954277603466896,0.26751665154517784
