target_id,prot_ps,prot_acf,prot_cs,e_prot_ps,E_prot_ps,e_prot_acf,E_prot_acf,e_prot_cs,E_prot_cs,sph_ps,sph_acf,sph_cs,h_ps,fa_prob_ps,hacf,gacf,hcs
5476871,74.87856429880037,30.71175548247993,41.95165954085756,11.219785681137246,16.089781176657027,-1.0,-1.0,1.577775990269693,1.577775990269693,2271.6206538801134,2219.390031960713,2264.0935490082397,0.2067365364366504,0.0,7.510738653460081e-06,-0.5581222027124804,0.10054846124277618
