target_id,prot_ps,prot_acf,prot_cs,e_prot_ps,E_prot_ps,e_prot_acf,E_prot_acf,e_prot_cs,E_prot_cs,sph_ps,sph_acf,sph_cs,h_ps,fa_prob_ps,hacf,gacf,hcs
5456417,60.87205163645608,28.055527885910124,26.29822606639937,13.013696031613087,22.905434399641997,-1.0,-1.0,2.0516977930177505,2.0516977930177505,281.14593391219177,269.6002442825795,274.95595383284154,0.13479178211345336,0.0,0.001530892746578194,-0.5297676292386648,0.09550966446254876
