target_id,prot_ps,prot_acf,prot_cs,e_prot_ps,E_prot_ps,e_prot_acf,E_prot_acf,e_prot_cs,E_prot_cs,sph_ps,sph_acf,sph_cs,h_ps,fa_prob_ps,hacf,gacf,hcs
5461440,91.31091858601665,33.36840652767569,28.934679125118997,1.3718151595393948,1.4143331835610553,-1.0,-1.0,5.429979397270211,5.429979397270211,889.8779690192541,835.0532811762548,840.8933090420103,0.07338179253516686,0.0,0.17952914673729709,-0.06684648335104623,1.0163718279044651
