target_id,prot_ps,prot_acf,prot_cs,e_prot_ps,E_prot_ps,e_prot_acf,E_prot_acf,e_prot_cs,E_prot_cs,sph_ps,sph_acf,sph_cs,h_ps,fa_prob_ps,hacf,gacf,hcs
5426997,89.96491131150195,13.240563970059156,95.01391925570091,8.178827199494847,9.996370108060134,-1.0,-1.0,15.936510015374942,15.936510015374942,1940.5598189145883,1667.3527971236056,1940.5598189145883,0.39144696284023295,0.0,0.000625695076575089,0.2713243921874787,0.6857262139129693
