target_id,prot_ps,prot_acf,prot_cs,e_prot_ps,E_prot_ps,e_prot_acf,E_prot_acf,e_prot_cs,E_prot_cs,sph_ps,sph_acf,sph_cs,h_ps,fa_prob_ps,hacf,gacf,hcs
5446518,2.257539486039982,2.288583129644394,2.289708041147429,0.09169462141984752,0.099713781507345,-1.0,-1.0,0.05900203277674182,0.05900203277674182,3024.7497952400877,3034.3004691806123,3034.3004691806123,0.0888373550124921,0.0,1.3434244692012824,0.8973284297443619,0.3052988020781355
