target_id,prot_ps,prot_acf,prot_cs,e_prot_ps,E_prot_ps,e_prot_acf,E_prot_acf,e_prot_cs,E_prot_cs,sph_ps,sph_acf,sph_cs,h_ps,fa_prob_ps,hacf,gacf,hcs
5529921,91.31077073733245,6.068820016924292,13.167091725608332,1.3748112014973088,1.417570206915343,-1.0,-1.0,0.8591151909072302,0.8591151909072302,375.88441819776216,350.7073208949817,368.52437669057656,0.019403429655554385,2.2916215679436648e-299,5.95289895185154e-05,0.05453769203533517,1.9828954630079636
