target_id,prot_ps,prot_acf,prot_cs,e_prot_ps,E_prot_ps,e_prot_acf,E_prot_acf,e_prot_cs,E_prot_cs,sph_ps,sph_acf,sph_cs,h_ps,fa_prob_ps,hacf,gacf,hcs
5597401,1.617110363945814,3.187601437792182,3.107204405856275,0.036275122324870956,0.03798866419548852,-1.0,-1.0,0.042666627414622404,0.042666627414622404,17414.682621770153,17905.375547677366,17786.078212730397,0.15210694647929665,0.0,1.335333237116111,0.9129678478495523,0.790136160150958
