target_id,prot_ps,prot_acf,prot_cs,e_prot_ps,E_prot_ps,e_prot_acf,E_prot_acf,e_prot_cs,E_prot_cs,sph_ps,sph_acf,sph_cs,h_ps,fa_prob_ps,hacf,gacf,hcs
5512227,62.05352631908131,25.868790294975042,41.250796949184966,20.312111667878277,59.95502610060101,-1.0,-1.0,0.923455406005978,0.923455406005978,947.9457589889025,684.548719595265,878.1795992219514,0.11369608331964608,0.0,0.0062387877989656115,-0.39424243424945726,0.0935185780183287
