target_id,prot_ps,prot_acf,prot_cs,e_prot_ps,E_prot_ps,e_prot_acf,E_prot_acf,e_prot_cs,E_prot_cs,sph_ps,sph_acf,sph_cs,h_ps,fa_prob_ps,hacf,gacf,hcs
5536952,74.8785829616013,27.462813556194305,28.728064609318967,3.771077626759407,4.197957227151747,-1.0,-1.0,5.530475904818857,5.530475904818857,1220.6551540119922,1206.283235693373,1214.486971699003,0.07529053182334944,0.0,9.362733212794905e-05,-0.4026121929800589,0.14033055526490298
