target_id,prot_ps,prot_acf,prot_cs,e_prot_ps,E_prot_ps,e_prot_acf,E_prot_acf,e_prot_cs,E_prot_cs,sph_ps,sph_acf,sph_cs,h_ps,fa_prob_ps,hacf,gacf,hcs
5565156,73.04859033229835,33.79739092756063,42.16357337464112,7.200291521983516,8.94630269931281,-1.0,-1.0,7.817003521337865,7.817003521337865,687.9043058419328,684.9547300972321,686.2300967733923,0.3302654822970595,0.0,0.000123792077045215,-0.6487843694811923,0.04472388621100644
