target_id,prot_ps,prot_acf,prot_cs,e_prot_ps,E_prot_ps,e_prot_acf,E_prot_acf,e_prot_cs,E_prot_cs,sph_ps,sph_acf,sph_cs,h_ps,fa_prob_ps,hacf,gacf,hcs
5535947,14.047948960978292,13.629269632510841,14.040824817137025,0.86993051103134,0.9943087073264714,-1.0,-1.0,0.66884123719727,0.66884123719727,1377.7861829190833,1364.673485339002,1377.2181480696993,0.07670166044909402,0.0,0.7005535012407316,0.48357892437147676,0.901235674131988
