target_id,prot_ps,prot_acf,prot_cs,e_prot_ps,E_prot_ps,e_prot_acf,E_prot_acf,e_prot_cs,E_prot_cs,sph_ps,sph_acf,sph_cs,h_ps,fa_prob_ps,hacf,gacf,hcs
5545141,91.31057299644911,32.06052087759599,46.04169072015364,2.8952237138879866,3.0891636105124007,-1.0,-1.0,1.991871059593423,1.991871059593423,151.21540322085883,149.01795525140264,150.05111029317536,0.07332918016962024,0.0,0.0008268918940517733,-0.43102272613232157,0.1542097910487848
