target_id,prot_ps,prot_acf,prot_cs,e_prot_ps,E_prot_ps,e_prot_acf,E_prot_acf,e_prot_cs,E_prot_cs,sph_ps,sph_acf,sph_cs,h_ps,fa_prob_ps,hacf,gacf,hcs
5560949,61.99502756011145,26.72735109552741,45.81061544327215,0.6840344682396022,0.6993434746442873,-1.0,-1.0,1.0531683984474214,1.0531683984474214,975.7618530552794,965.2986127564759,966.0882349266409,0.12420088251690176,0.0,0.0026065883553003655,-0.35671010007764925,0.09478684114899932
