target_id,prot_ps,prot_acf,prot_cs,e_prot_ps,E_prot_ps,e_prot_acf,E_prot_acf,e_prot_cs,E_prot_cs,sph_ps,sph_acf,sph_cs,h_ps,fa_prob_ps,hacf,gacf,hcs
5597109,52.885587885477975,28.811012338846922,28.564507858496512,10.760512642710438,18.020270117503287,-1.0,-1.0,0.3879034314171773,0.3879034314171773,999.5762578447253,960.9097065035745,958.92170138606,0.15635591541726301,0.0,0.0007742794591197311,-0.5416097114341157,0.0724849657742594
