target_id,prot_ps,prot_acf,prot_cs,e_prot_ps,E_prot_ps,e_prot_acf,E_prot_acf,e_prot_cs,E_prot_cs,sph_ps,sph_acf,sph_cs,h_ps,fa_prob_ps,hacf,gacf,hcs
5515865,75.15317285361577,34.45065871998668,46.16222465706121,11.901139884847566,17.337220750547104,-1.0,-1.0,1.1648274977522883,1.1648274977522883,315.27686813737773,306.3673774160985,310.8328316707056,0.15956446762205198,0.0,4.644437898515541e-05,-0.4201234082357271,0.14202523038599407
