target_id,prot_ps,prot_acf,prot_cs,e_prot_ps,E_prot_ps,e_prot_acf,E_prot_acf,e_prot_cs,E_prot_cs,sph_ps,sph_acf,sph_cs,h_ps,fa_prob_ps,hacf,gacf,hcs
5563810,72.93430425665801,25.113146285526454,37.55828244900813,12.424207783673438,18.942310091367972,-1.0,-1.0,0.7610072971873801,0.7610072971873801,1118.4631063587162,1094.460573330949,1113.988098629699,0.09124792203027766,0.0,0.0005145256885025484,-0.3677161311281237,0.27292379441406694
