target_id,prot_ps,prot_acf,prot_cs,e_prot_ps,E_prot_ps,e_prot_acf,E_prot_acf,e_prot_cs,E_prot_cs,sph_ps,sph_acf,sph_cs,h_ps,fa_prob_ps,hacf,gacf,hcs
5688091,54.555161828205115,2.002446577884257,96.56660181549344,10.277516183703057,16.391767745204447,-1.0,-1.0,10.173143011546646,10.173143011546646,846.5851658248808,607.4251212136933,846.5851658248808,0.2011723291598294,0.0,0.0034129783093642674,0.8919139747111389,0.1438798803701857
