target_id,prot_ps,prot_acf,prot_cs,e_prot_ps,E_prot_ps,e_prot_acf,E_prot_acf,e_prot_cs,E_prot_cs,sph_ps,sph_acf,sph_cs,h_ps,fa_prob_ps,hacf,gacf,hcs
5621887,72.93521856237334,15.345727018546313,43.83708195033018,1.8655188238750924,1.9671559822345017,-1.0,-1.0,2.6831519111713145,2.6831519111713145,1433.73861800698,1386.761607382515,1407.776553571549,0.07732179509827422,0.0,0.00047381756728029356,-0.18479817168210316,0.4254457714279479
