target_id,prot_ps,prot_acf,prot_cs,e_prot_ps,E_prot_ps,e_prot_acf,E_prot_acf,e_prot_cs,E_prot_cs,sph_ps,sph_acf,sph_cs,h_ps,fa_prob_ps,hacf,gacf,hcs
5612072,13.840781161349724,3.739241183269769,96.28852542098613,0.636648876510904,0.7015061488691359,-1.0,-1.0,3.1952163168325183,3.1952163168325183,756.7386602202636,732.0652973488759,759.2558615187531,0.040723742440414594,8.88596082989298e-76,0.002119268330603566,0.14065495054229543,0.8812741173632695
