target_id,prot_ps,prot_acf,prot_cs,e_prot_ps,E_prot_ps,e_prot_acf,E_prot_acf,e_prot_cs,E_prot_cs,sph_ps,sph_acf,sph_cs,h_ps,fa_prob_ps,hacf,gacf,hcs
5636733,52.1775964158448,25.113114236854017,26.829551662318405,13.027050769279754,25.76255582327402,-1.0,-1.0,3.862576075137784,3.862576075137784,235.72416670028602,230.60393484864827,233.30222417511797,0.07826578860345976,0.0,0.0004951000527746996,-0.5341993500513532,0.08257444735774842
