target_id,prot_ps,prot_acf,prot_cs,e_prot_ps,E_prot_ps,e_prot_acf,E_prot_acf,e_prot_cs,E_prot_cs,sph_ps,sph_acf,sph_cs,h_ps,fa_prob_ps,hacf,gacf,hcs
5629662,73.04872395552333,31.14111519791186,42.163721346998074,15.792467103452076,27.612004199286417,-1.0,-1.0,7.080622469762382,7.080622469762382,450.5226080908822,446.3146337459372,448.1751691717286,0.07368446571505358,0.0,0.009251013667593372,-0.3823800915616707,0.18562579492972653
