target_id,prot_ps,prot_acf,prot_cs,e_prot_ps,E_prot_ps,e_prot_acf,E_prot_acf,e_prot_cs,E_prot_cs,sph_ps,sph_acf,sph_cs,h_ps,fa_prob_ps,hacf,gacf,hcs
5630990,91.31175314309306,22.374909343197942,34.01371613123166,1.3113100145695427,1.3500278558443313,-1.0,-1.0,0.6812658649061973,0.6812658649061973,454.47225324982605,445.967163646576,461.7945105417387,0.048039839677699106,0.0,0.0007133593605122834,-0.27403370044538555,0.3243647135057229
