target_id,prot_ps,prot_acf,prot_cs,e_prot_ps,E_prot_ps,e_prot_acf,E_prot_acf,e_prot_cs,E_prot_cs,sph_ps,sph_acf,sph_cs,h_ps,fa_prob_ps,hacf,gacf,hcs
5623673,73.04914705430674,33.511162139475346,40.17538800543175,14.400262418991737,23.928847218696006,-1.0,-1.0,7.752882492973587,7.752882492973587,967.4540822915912,926.8771270032768,955.0783098266387,0.1535675504475876,0.0,0.002023719712180405,-0.5839810316001557,0.0572920271655641
