target_id,prot_ps,prot_acf,prot_cs,e_prot_ps,E_prot_ps,e_prot_acf,E_prot_acf,e_prot_cs,E_prot_cs,sph_ps,sph_acf,sph_cs,h_ps,fa_prob_ps,hacf,gacf,hcs
5616138,28.646821638969463,14.93703823396936,23.05269278306048,1.1726150292691315,1.2783132487775077,-1.0,-1.0,2.6585174706998798,2.6585174706998798,498.1186036247694,487.9064570712882,493.276560305432,0.07391798539748043,0.0,0.0011842159454370782,-0.2986850230957601,0.11303178912603465
