target_id,prot_ps,prot_acf,prot_cs,e_prot_ps,E_prot_ps,e_prot_acf,E_prot_acf,e_prot_cs,E_prot_cs,sph_ps,sph_acf,sph_cs,h_ps,fa_prob_ps,hacf,gacf,hcs
5641801,14.290834125630035,14.24231141898781,14.307234267535929,0.8459323226050781,0.9608193976788915,-1.0,-1.0,0.15544364400068564,0.15544364400068564,3424.067505527858,3417.0367501851747,3424.5177393764657,0.1370118344834633,0.0,0.8942005545268321,0.6292828422098661,0.9564996729143577
