target_id,prot_ps,prot_acf,prot_cs,e_prot_ps,E_prot_ps,e_prot_acf,E_prot_acf,e_prot_cs,E_prot_cs,sph_ps,sph_acf,sph_cs,h_ps,fa_prob_ps,hacf,gacf,hcs
5690161,89.96473490674416,23.170984835363925,76.14059175582604,8.174268705265959,9.990211235308053,-1.0,-1.0,6.52639419467213,6.52639419467213,891.3405032496211,837.3961151543562,891.3405032496211,0.22122733715832332,0.0,0.00828016894095207,-0.2712322201858588,0.49441341857923526
