target_id,prot_ps,prot_acf,prot_cs,e_prot_ps,E_prot_ps,e_prot_acf,E_prot_acf,e_prot_cs,E_prot_cs,sph_ps,sph_acf,sph_cs,h_ps,fa_prob_ps,hacf,gacf,hcs
5653841,73.0486395640434,2.6972542628645897,73.71039899294155,13.16410155848503,20.69906609693348,-1.0,-1.0,3.5047355862279383,3.5047355862279383,538.3228372800938,404.0640196735232,539.389932879755,0.09272708455376001,0.0,0.503203479728795,0.7006062366890947,0.33206706905279443
