target_id,prot_ps,prot_acf,prot_cs,e_prot_ps,E_prot_ps,e_prot_acf,E_prot_acf,e_prot_cs,E_prot_cs,sph_ps,sph_acf,sph_cs,h_ps,fa_prob_ps,hacf,gacf,hcs
5687665,33.2072593424113,32.856843274086714,33.53625250223558,4.54326254513003,6.2312817283206385,-1.0,-1.0,1.623505319181862,1.623505319181862,1441.3399776010867,1443.0878160894501,1444.1066595024931,0.08882137839556058,0.0,0.6565873294235189,0.3082519310820935,0.9926843160643287
