target_id,prot_ps,prot_acf,prot_cs,e_prot_ps,E_prot_ps,e_prot_acf,E_prot_acf,e_prot_cs,E_prot_cs,sph_ps,sph_acf,sph_cs,h_ps,fa_prob_ps,hacf,gacf,hcs
5706179,21.48512936317995,21.332800487056375,21.632694752258146,0.9614646847461401,1.0561747562298187,-1.0,-1.0,0.4246508873953416,0.4246508873953416,986.1823542465356,988.1761930788174,980.6366581562257,0.13950721308070985,0.0,0.8990389623940976,0.4801465489378533,0.9901716561899968
