target_id,prot_ps,prot_acf,prot_cs,e_prot_ps,E_prot_ps,e_prot_acf,E_prot_acf,e_prot_cs,E_prot_cs,sph_ps,sph_acf,sph_cs,h_ps,fa_prob_ps,hacf,gacf,hcs
5772478,92.64118024283161,6.661264813505113,92.41790627795737,2.369060889899444,2.4981037513921223,-1.0,-1.0,4.294733220179227,4.294733220179227,253.77796219460643,214.34072746708742,253.86421009551518,0.07406251051368754,0.0,0.002571317146200791,0.3674341833039159,0.39634804496069553
