target_id,prot_ps,prot_acf,prot_cs,e_prot_ps,E_prot_ps,e_prot_acf,E_prot_acf,e_prot_cs,E_prot_cs,sph_ps,sph_acf,sph_cs,h_ps,fa_prob_ps,hacf,gacf,hcs
5784101,8.043479339171196,7.744388957042247,7.957616094878068,1.189143837343484,1.695472575532202,-1.0,-1.0,0.33588329677309303,0.33588329677309303,1284.6146532303005,1304.0136470606653,1308.2782284109633,0.04157277957700215,0.0,0.8183672016602975,0.5581756342804169,0.9269758661908968
