target_id,prot_ps,prot_acf,prot_cs,e_prot_ps,E_prot_ps,e_prot_acf,E_prot_acf,e_prot_cs,E_prot_cs,sph_ps,sph_acf,sph_cs,h_ps,fa_prob_ps,hacf,gacf,hcs
5791986,22.827960874831533,23.25354179367423,22.773499719491156,2.9149769741171774,3.901371052901645,-1.0,-1.0,0.3912577795436343,0.3912577795436343,2020.3082830872809,2004.3940396501275,2022.2799864211552,0.11681641237353872,0.0,0.620153892210455,0.30582176271463496,0.9789036109431261
