target_id,prot_ps,prot_acf,prot_cs,e_prot_ps,E_prot_ps,e_prot_acf,E_prot_acf,e_prot_cs,E_prot_cs,sph_ps,sph_acf,sph_cs,h_ps,fa_prob_ps,hacf,gacf,hcs
5782846,98.60673252591039,2.0228727450594306,102.1137988482788,8.964466141508382,10.956597889345645,-1.0,-1.0,13.870054361019523,13.870054361019523,379.1544320249401,336.01302620537274,379.1544320249401,0.11288550381610797,4.6790100951503225e-247,0.014966527556788012,0.5921278780182018,0.29403294556299475
