target_id,prot_ps,prot_acf,prot_cs,e_prot_ps,E_prot_ps,e_prot_acf,E_prot_acf,e_prot_cs,E_prot_cs,sph_ps,sph_acf,sph_cs,h_ps,fa_prob_ps,hacf,gacf,hcs
5703130,18.707331161142903,8.66387090831995,63.059631069090685,0.8836640489807763,0.9755826359780428,-1.0,-1.0,3.5817665627344017,3.5817665627344017,375.8102419763626,347.60817944695697,375.8102419763626,0.31298369169282625,0.0,0.0005737084973949091,-0.2918983159733939,0.2570001317351701
