target_id,prot_ps,prot_acf,prot_cs,e_prot_ps,E_prot_ps,e_prot_acf,E_prot_acf,e_prot_cs,E_prot_cs,sph_ps,sph_acf,sph_cs,h_ps,fa_prob_ps,hacf,gacf,hcs
5770431,0.19622178173464846,0.16346698254346848,129.064025374471,0.0022554881053933884,0.0023086213435049574,-1.0,-1.0,8.255031357077025,8.255031357077025,40914.67082811856,40885.19216074086,46580.86959877869,0.6937429596616159,0.0,0.8067991003594727,1.1532385000872953,0.0008836702016077637
