target_id,prot_ps,prot_acf,prot_cs,e_prot_ps,E_prot_ps,e_prot_acf,E_prot_acf,e_prot_cs,E_prot_cs,sph_ps,sph_acf,sph_cs,h_ps,fa_prob_ps,hacf,gacf,hcs
5706433,73.04935774037259,29.62885715533048,40.73438554676719,15.830129775791747,28.15462747916696,-1.0,-1.0,1.0549666941611064,1.0549666941611064,396.2174331383234,391.490347919838,394.4101290601155,0.08006147974153494,0.0,0.006346633393292889,-0.4003586625380203,0.17014660878148172
