target_id,prot_ps,prot_acf,prot_cs,e_prot_ps,E_prot_ps,e_prot_acf,E_prot_acf,e_prot_cs,E_prot_cs,sph_ps,sph_acf,sph_cs,h_ps,fa_prob_ps,hacf,gacf,hcs
5769516,49.303373446579954,26.440335514955223,122.80924505511943,7.068949812010686,9.871258541376598,-1.0,-1.0,10.039916007421533,10.039916007421533,630.6878764786887,574.7197345613988,630.6878764786887,0.29665800229168926,0.0,0.0007107235825162261,-0.5049071320749138,0.37238044445144813
