target_id,prot_ps,prot_acf,prot_cs,e_prot_ps,E_prot_ps,e_prot_acf,E_prot_acf,e_prot_cs,E_prot_cs,sph_ps,sph_acf,sph_cs,h_ps,fa_prob_ps,hacf,gacf,hcs
5771734,75.15307188614644,25.27604300621897,45.59618344919757,0.9367831085522482,0.960774056710548,-1.0,-1.0,4.341381454634818,4.341381454634818,764.1625260247956,736.2110900171306,753.4434276519463,0.07890826404961374,0.0,0.010730295696233766,-0.46344230685176285,0.09074999717242446
