target_id,prot_ps,prot_acf,prot_cs,e_prot_ps,E_prot_ps,e_prot_acf,E_prot_acf,e_prot_cs,E_prot_cs,sph_ps,sph_acf,sph_cs,h_ps,fa_prob_ps,hacf,gacf,hcs
5781846,61.99428201251178,14.651041489094496,38.35507798701526,11.347542659679455,17.797908560866084,-1.0,-1.0,3.781261283528805,3.781261283528805,650.6108036133826,627.9076593633253,629.8967825836953,0.05661797492545962,0.0,0.06724201482413872,-0.07358090201674923,1.1926943412513669
