target_id,prot_ps,prot_acf,prot_cs,e_prot_ps,E_prot_ps,e_prot_acf,E_prot_acf,e_prot_cs,E_prot_cs,sph_ps,sph_acf,sph_cs,h_ps,fa_prob_ps,hacf,gacf,hcs
5784065,9.496499667839112,9.113453747704625,9.406678100349383,1.0729110865309295,1.387509867789344,-1.0,-1.0,0.737210678749463,0.737210678749463,2098.199705791811,2104.0602673362964,2099.3225643508217,0.047998591340485515,0.0,0.873825337678044,0.5150137332227703,0.8775231043574858
