target_id,prot_ps,prot_acf,prot_cs,e_prot_ps,E_prot_ps,e_prot_acf,E_prot_acf,e_prot_cs,E_prot_cs,sph_ps,sph_acf,sph_cs,h_ps,fa_prob_ps,hacf,gacf,hcs
5796099,73.04917435322214,29.77181770745665,40.739661675930236,17.055059549176597,31.717236674701056,-1.0,-1.0,0.9868680408990465,0.9868680408990465,610.1877301836337,601.2002387750542,609.2729960401174,0.09246976612480849,0.0,0.0004348604580624582,-0.4209973181250995,0.16548628732996748
