target_id,prot_ps,prot_acf,prot_cs,e_prot_ps,E_prot_ps,e_prot_acf,E_prot_acf,e_prot_cs,E_prot_cs,sph_ps,sph_acf,sph_cs,h_ps,fa_prob_ps,hacf,gacf,hcs
5738138,41.74199815390019,41.7665621638298,41.84294207101052,4.024483299022613,4.97401420878775,-1.0,-1.0,0.9911154354247458,0.9911154354247458,1965.4276932898927,1965.535774856159,1966.494875234219,0.3218169997255983,0.0,1.0125441235267996,0.5229670304374447,0.9974170890612121
