target_id,prot_ps,prot_acf,prot_cs,e_prot_ps,E_prot_ps,e_prot_acf,E_prot_acf,e_prot_cs,E_prot_cs,sph_ps,sph_acf,sph_cs,h_ps,fa_prob_ps,hacf,gacf,hcs
5879321,5.5851424700375425,5.660145139321685,5.586962736034297,0.28255524271236876,0.3140093113933258,-1.0,-1.0,0.02722896247113296,0.02722896247113296,5922.231548212216,6022.885323531015,5922.066478861415,0.24610408814351387,0.0,1.3521412356793325,0.8158021401697365,0.7716650904002912
