target_id,prot_ps,prot_acf,prot_cs,e_prot_ps,E_prot_ps,e_prot_acf,E_prot_acf,e_prot_cs,E_prot_cs,sph_ps,sph_acf,sph_cs,h_ps,fa_prob_ps,hacf,gacf,hcs
5809890,31.08445692803861,30.017154813278466,30.768911876301285,4.197455178851392,5.7718277478063165,-1.0,-1.0,2.3971799708951065,2.3971799708951065,1645.4309097654477,1592.684780734819,1581.691403194811,0.06775293496091003,0.0,0.6567242397320934,0.35382697905756855,0.9344252570925273
