target_id,prot_ps,prot_acf,prot_cs,e_prot_ps,E_prot_ps,e_prot_acf,E_prot_acf,e_prot_cs,E_prot_cs,sph_ps,sph_acf,sph_cs,h_ps,fa_prob_ps,hacf,gacf,hcs
5858361,20.998685689541407,20.842041224241257,21.215563296377656,2.3285511993755854,2.9906112282089587,-1.0,-1.0,2.0557949085406784,2.0557949085406784,3122.143201529893,3181.605844715619,3159.4010122310133,0.13431449242205712,0.0,1.3527651273125498,0.6683531297071137,0.9785269556695663
