target_id,prot_ps,prot_acf,prot_cs,e_prot_ps,E_prot_ps,e_prot_acf,E_prot_acf,e_prot_cs,E_prot_cs,sph_ps,sph_acf,sph_cs,h_ps,fa_prob_ps,hacf,gacf,hcs
5864912,16.054768652981767,16.837798696011305,16.20127268948126,1.8214839365086473,2.349209656971226,-1.0,-1.0,0.8200911668323791,0.8200911668323791,1453.25612814303,1486.4046796808802,1487.8263236876865,0.05708825950207288,0.0,0.7842163887818357,0.4501913727207407,0.9051531812988438
