target_id,prot_ps,prot_acf,prot_cs,e_prot_ps,E_prot_ps,e_prot_acf,E_prot_acf,e_prot_cs,E_prot_cs,sph_ps,sph_acf,sph_cs,h_ps,fa_prob_ps,hacf,gacf,hcs
5893143,24.762202285118065,16.653497144579887,37.50673941964271,1.8667480732888322,2.194280035185102,-1.0,-1.0,3.837661596420137,3.837661596420137,705.9184788690354,701.858688385597,712.2253626601807,0.0805490236330737,0.0,0.00015986211994858945,-0.2364488152862208,0.1702434939821378
