target_id,prot_ps,prot_acf,prot_cs,e_prot_ps,E_prot_ps,e_prot_acf,E_prot_acf,e_prot_cs,E_prot_cs,sph_ps,sph_acf,sph_cs,h_ps,fa_prob_ps,hacf,gacf,hcs
5888258,60.87432587562194,18.880690773949027,14.178295354242435,1.3510059909712666,1.4131017192606947,-1.0,-1.0,0.7593015779048835,0.7593015779048835,1091.0556940729234,1023.0695587351345,976.7455315612463,0.06791122133114684,0.0,5.5985287703924635e-05,-0.3315821408427354,0.1940961030891903
