target_id,prot_ps,prot_acf,prot_cs,e_prot_ps,E_prot_ps,e_prot_acf,E_prot_acf,e_prot_cs,E_prot_cs,sph_ps,sph_acf,sph_cs,h_ps,fa_prob_ps,hacf,gacf,hcs
5892037,73.04835999722569,16.673900865018368,72.79294521600907,14.661763134220095,24.331320663569088,-1.0,-1.0,2.833225096502631,2.833225096502631,976.2904782333118,914.0591636072352,977.2183554992379,0.1025713682028155,0.0,0.5041169821085606,0.3091828611947307,0.9454373289418175
