target_id,prot_ps,prot_acf,prot_cs,e_prot_ps,E_prot_ps,e_prot_acf,E_prot_acf,e_prot_cs,E_prot_cs,sph_ps,sph_acf,sph_cs,h_ps,fa_prob_ps,hacf,gacf,hcs
5876826,72.93530652920063,32.63269503740594,96.33858148962265,19.22993636992541,41.14130091353812,-1.0,-1.0,5.136111183505873,5.136111183505873,1189.1556943288945,1096.3283995426857,1196.4028173410168,0.15940199956553422,0.0,0.0011898784564041143,-0.5747096784068011,0.07175117399725509
