target_id,prot_ps,prot_acf,prot_cs,e_prot_ps,E_prot_ps,e_prot_acf,E_prot_acf,e_prot_cs,E_prot_cs,sph_ps,sph_acf,sph_cs,h_ps,fa_prob_ps,hacf,gacf,hcs
5881857,121.74854934520357,6.416160069406033,116.75248791026654,2.276039107381962,2.364175051050907,-1.0,-1.0,3.181479062444529,3.181479062444529,458.67840996516134,423.59997250705385,476.32554740887934,0.06598115034631816,0.0,0.34382360607580187,0.5532788492629434,0.0989479384458525
