target_id,prot_ps,prot_acf,prot_cs,e_prot_ps,E_prot_ps,e_prot_acf,E_prot_acf,e_prot_cs,E_prot_cs,sph_ps,sph_acf,sph_cs,h_ps,fa_prob_ps,hacf,gacf,hcs
5879822,69.57091035169985,15.999604376032948,34.321092589904104,25.157916074840458,93.33759609843108,-1.0,-1.0,9.40377809103576,9.40377809103576,398.6059622325487,375.6353597970891,380.5094239072137,0.048006947023594364,0.0,4.3090873435215615e-05,-0.06439263925454558,0.9504041515210672
