target_id,prot_ps,prot_acf,prot_cs,e_prot_ps,E_prot_ps,e_prot_acf,E_prot_acf,e_prot_cs,E_prot_cs,sph_ps,sph_acf,sph_cs,h_ps,fa_prob_ps,hacf,gacf,hcs
5807917,73.04951258885578,11.504174248781055,11.609745730032841,1.8441099267248973,1.9411365131108198,-1.0,-1.0,0.09461128385566757,0.09461128385566757,2584.739590598165,2525.0711520231575,2506.4238028717787,0.06725570858977352,0.0,0.4159525297506939,0.16218065097228387,0.7768924105229277
