target_id,prot_ps,prot_acf,prot_cs,e_prot_ps,E_prot_ps,e_prot_acf,E_prot_acf,e_prot_cs,E_prot_cs,sph_ps,sph_acf,sph_cs,h_ps,fa_prob_ps,hacf,gacf,hcs
5807205,18.87121610581315,18.65601587900892,18.844457063553744,0.9549002126232118,1.0629175929569534,-1.0,-1.0,0.29445290590284867,0.29445290590284867,203.1468691252659,203.66266312692352,203.07878399485676,0.17628263907198286,0.0,0.7930090275817359,0.33566965032845214,0.9747814939683718
