target_id,prot_ps,prot_acf,prot_cs,e_prot_ps,E_prot_ps,e_prot_acf,E_prot_acf,e_prot_cs,E_prot_cs,sph_ps,sph_acf,sph_cs,h_ps,fa_prob_ps,hacf,gacf,hcs
5819225,73.0494442231814,24.86783521808684,28.926624678081573,1.9137913360698064,2.018497201305351,-1.0,-1.0,2.2306865446862107,2.2306865446862107,722.5962821151173,715.8601277388852,720.5414598342744,0.12168370391935156,0.0,0.01080610992615591,-0.470207316099453,0.1337493495301831
