target_id,prot_ps,prot_acf,prot_cs,e_prot_ps,E_prot_ps,e_prot_acf,E_prot_acf,e_prot_cs,E_prot_cs,sph_ps,sph_acf,sph_cs,h_ps,fa_prob_ps,hacf,gacf,hcs
5814526,73.04935779265519,31.42702227924019,46.0763815944598,10.693949663898621,15.058912259514528,-1.0,-1.0,1.6325856090177107,1.6325856090177107,824.4206357063966,808.272894081047,817.4026831484653,0.10865625059202458,0.0,0.013463892049641463,-0.47897366821506204,0.22387752744784517
