target_id,prot_ps,prot_acf,prot_cs,e_prot_ps,E_prot_ps,e_prot_acf,E_prot_acf,e_prot_cs,E_prot_cs,sph_ps,sph_acf,sph_cs,h_ps,fa_prob_ps,hacf,gacf,hcs
5876368,1.0503037423106056,0.061301328241825104,73.69853628227803,0.010386759062828821,0.010596466694461126,-1.0,-1.0,3.129137603803956,3.129137603803956,815.8876265115332,644.2598800682005,929.8982440665487,0.06295241408521093,0.0,0.1484681959828677,0.9864783357056602,0.3686960110002294
