target_id,prot_ps,prot_acf,prot_cs,e_prot_ps,E_prot_ps,e_prot_acf,E_prot_acf,e_prot_cs,E_prot_cs,sph_ps,sph_acf,sph_cs,h_ps,fa_prob_ps,hacf,gacf,hcs
5905644,20.013400094365373,20.209083295892924,20.225430380459873,2.125197653891199,2.690987783278654,-1.0,-1.0,0.8682311850255843,0.8682311850255843,2628.810050536481,2630.4982816157253,2627.58693659148,0.09506734311420235,0.0,0.7685058120012285,0.42833588409156226,0.9851988320257944
