target_id,prot_ps,prot_acf,prot_cs,e_prot_ps,E_prot_ps,e_prot_acf,E_prot_acf,e_prot_cs,E_prot_cs,sph_ps,sph_acf,sph_cs,h_ps,fa_prob_ps,hacf,gacf,hcs
5953057,93.53652992328472,5.864445355720818,82.41405183071272,8.664297515660635,10.610770942916531,-1.0,-1.0,16.954990258744623,16.954990258744623,285.308708278874,261.38536307630545,285.308708278874,0.19951559206496527,1.6575445606123142e-217,0.02376501779298948,0.40605903751165007,0.5187748896629318
