target_id,prot_ps,prot_acf,prot_cs,e_prot_ps,E_prot_ps,e_prot_acf,E_prot_acf,e_prot_cs,E_prot_cs,sph_ps,sph_acf,sph_cs,h_ps,fa_prob_ps,hacf,gacf,hcs
5950533,20.871238041077426,20.617590323556215,20.79497905304995,2.481775630478939,3.246016405388538,-1.0,-1.0,0.39945093145808586,0.39945093145808586,3293.312029279535,3303.4084783502076,3301.131203789929,0.22864113283475684,0.0,1.2087875032447961,0.6322078925861135,0.9881069982072971
