target_id,prot_ps,prot_acf,prot_cs,e_prot_ps,E_prot_ps,e_prot_acf,E_prot_acf,e_prot_cs,E_prot_cs,sph_ps,sph_acf,sph_cs,h_ps,fa_prob_ps,hacf,gacf,hcs
5953179,12.567345593044394,12.362319866660982,12.440989174903372,1.253725646403188,1.5623254537626536,-1.0,-1.0,0.8460266148347542,0.8460266148347542,1890.3997768216227,1930.5092554427247,1886.7319456331522,0.06187495060309028,0.0,0.8770036901682132,0.48984712661053514,0.9900034048555497
