target_id,prot_ps,prot_acf,prot_cs,e_prot_ps,E_prot_ps,e_prot_acf,E_prot_acf,e_prot_cs,E_prot_cs,sph_ps,sph_acf,sph_cs,h_ps,fa_prob_ps,hacf,gacf,hcs
5964402,73.5978227503668,10.625544432550669,73.5443874937789,17.06338724058736,31.54370997185609,-1.0,-1.0,2.3535736887133627,2.3535736887133627,224.62739338449654,216.00612687008174,224.6176131105763,0.14836486845918226,0.0,0.23790495145772794,0.2402161116020471,1.013073876791858
