target_id,prot_ps,prot_acf,prot_cs,e_prot_ps,E_prot_ps,e_prot_acf,E_prot_acf,e_prot_cs,E_prot_cs,sph_ps,sph_acf,sph_cs,h_ps,fa_prob_ps,hacf,gacf,hcs
5963456,15.061735353793557,15.284415744245052,15.210241373721509,1.5937178023127956,2.016109923720366,-1.0,-1.0,0.9889550244006297,0.9889550244006297,1516.241587888356,1501.8834353156499,1505.1480056792896,0.045606252026945016,0.0,0.6808397876795944,0.40567043049049917,0.9857530704510222
