target_id,prot_ps,prot_acf,prot_cs,e_prot_ps,E_prot_ps,e_prot_acf,E_prot_acf,e_prot_cs,E_prot_cs,sph_ps,sph_acf,sph_cs,h_ps,fa_prob_ps,hacf,gacf,hcs
5939413,52.88552519729874,28.218459566123784,75.53820590326447,11.858359061470637,21.326807317899764,-1.0,-1.0,2.8463833220544332,2.8463833220544332,347.6293510726167,338.81309269118,354.52862406912493,0.15867781454668656,0.0,0.00013624688313296218,-0.5204902053576952,0.13871176803673851
