target_id,prot_ps,prot_acf,prot_cs,e_prot_ps,E_prot_ps,e_prot_acf,E_prot_acf,e_prot_cs,E_prot_cs,sph_ps,sph_acf,sph_cs,h_ps,fa_prob_ps,hacf,gacf,hcs
5943512,92.83282113471373,18.75784907117486,46.888901328539255,4.054657343427593,4.447005528853012,-1.0,-1.0,10.022587716821121,10.022587716821121,1141.1977055571124,1024.7796779862413,1082.7759378724882,0.11612145843110588,0.0,0.0001231873172016923,-0.15145049502031174,0.5345056103201266
