target_id,prot_ps,prot_acf,prot_cs,e_prot_ps,E_prot_ps,e_prot_acf,E_prot_acf,e_prot_cs,E_prot_cs,sph_ps,sph_acf,sph_cs,h_ps,fa_prob_ps,hacf,gacf,hcs
5991479,26.0888156292248,12.464591194875538,12.249625850313636,4.436826375976445,6.758651392758576,-1.0,-1.0,0.10302720836606108,0.10302720836606108,1281.3014790772597,1269.5825425545056,1237.2989499502837,0.0708418930397488,0.0,0.0005491016911144675,-0.3900012915883012,0.3254553347816954
