target_id,prot_ps,prot_acf,prot_cs,e_prot_ps,E_prot_ps,e_prot_acf,E_prot_acf,e_prot_cs,E_prot_cs,sph_ps,sph_acf,sph_cs,h_ps,fa_prob_ps,hacf,gacf,hcs
5966660,61.33145509223965,1.4507964816875756,61.67454204306624,9.003184397225432,12.692253669431345,-1.0,-1.0,2.113415253919025,2.113415253919025,418.1102329802023,258.19449011213527,418.2018339736571,0.12076216888041925,0.0,0.0011311102129762385,0.8477792112857927,0.20195061654154878
