target_id,prot_ps,prot_acf,prot_cs,e_prot_ps,E_prot_ps,e_prot_acf,E_prot_acf,e_prot_cs,E_prot_cs,sph_ps,sph_acf,sph_cs,h_ps,fa_prob_ps,hacf,gacf,hcs
5967092,81.77523465534216,11.769836783409119,46.99291239475832,3.2428195344123765,3.519132863599296,-1.0,-1.0,1.968445820262233,1.968445820262233,229.87132619005973,223.99289265586657,231.99100628180375,0.024171984638469212,0.0,0.0005477941315228871,-0.0683372783032536,1.1225350619263954
