target_id,prot_ps,prot_acf,prot_cs,e_prot_ps,E_prot_ps,e_prot_acf,E_prot_acf,e_prot_cs,E_prot_cs,sph_ps,sph_acf,sph_cs,h_ps,fa_prob_ps,hacf,gacf,hcs
5984541,73.04870494299013,29.159029033966362,46.09318447919878,11.352404543511192,16.398318583180412,-1.0,-1.0,1.5262507292871799,1.5262507292871799,534.4124001365117,522.126542680117,535.4013763884738,0.06656904411551053,0.0,0.001546605423791092,-0.4581077171977095,0.11811418572825576
