target_id,prot_ps,prot_acf,prot_cs,e_prot_ps,E_prot_ps,e_prot_acf,E_prot_acf,e_prot_cs,E_prot_cs,sph_ps,sph_acf,sph_cs,h_ps,fa_prob_ps,hacf,gacf,hcs
6043042,65.73769582337034,16.448576478287578,70.69836288401308,15.23266834550347,28.14627895738684,-1.0,-1.0,5.951041992147986,5.951041992147986,612.4584519992289,591.8273631722939,612.4584519992289,0.2249628632268889,0.0,0.00041635530247342845,0.04457536555220154,6.18557600950933
