target_id,prot_ps,prot_acf,prot_cs,e_prot_ps,E_prot_ps,e_prot_acf,E_prot_acf,e_prot_cs,E_prot_cs,sph_ps,sph_acf,sph_cs,h_ps,fa_prob_ps,hacf,gacf,hcs
6035837,16.232995526673268,16.285686876624823,16.176103598037074,1.3942108009775236,1.6798877724528083,-1.0,-1.0,0.1979610657480704,0.1979610657480704,5303.130742862366,5302.434955176978,5297.2768337661355,0.20265586631486804,0.0,1.1935495732157733,0.6394984585943825,0.9844784197025909
