target_id,prot_ps,prot_acf,prot_cs,e_prot_ps,E_prot_ps,e_prot_acf,E_prot_acf,e_prot_cs,E_prot_cs,sph_ps,sph_acf,sph_cs,h_ps,fa_prob_ps,hacf,gacf,hcs
6070481,73.04940574646567,77.97503008693457,73.5736454442788,1.991189615517385,2.104787260515394,-1.0,-1.0,2.9398052637472625,2.9398052637472625,879.1938397373067,880.4439918660421,879.8349044653214,0.31280934451837683,0.0,0.4884712092959686,0.39167985814647804,0.936572861407912
