target_id,prot_ps,prot_acf,prot_cs,e_prot_ps,E_prot_ps,e_prot_acf,E_prot_acf,e_prot_cs,E_prot_cs,sph_ps,sph_acf,sph_cs,h_ps,fa_prob_ps,hacf,gacf,hcs
6061235,91.31189072015934,9.501671448815614,91.16154694883184,2.532291781801746,2.6816636345966742,-1.0,-1.0,3.969188087609897,3.969188087609897,835.5261052747586,790.8692657208148,835.9495793314785,0.09046618239702665,0.0,0.00014762701080889284,0.2793898559061493,0.6369619123724428
