target_id,prot_ps,prot_acf,prot_cs,e_prot_ps,E_prot_ps,e_prot_acf,E_prot_acf,e_prot_cs,E_prot_cs,sph_ps,sph_acf,sph_cs,h_ps,fa_prob_ps,hacf,gacf,hcs
6034386,73.04922636946213,13.58838212909177,26.35471822341339,7.1943421680301185,8.960136035985641,-1.0,-1.0,5.204379430150226,5.204379430150226,944.1906592781319,910.4515976387654,928.6337488084965,0.03203934561151954,0.0,0.00031102776828071527,-0.12236900948993258,0.6616504112031781
