target_id,prot_ps,prot_acf,prot_cs,e_prot_ps,E_prot_ps,e_prot_acf,E_prot_acf,e_prot_cs,E_prot_cs,sph_ps,sph_acf,sph_cs,h_ps,fa_prob_ps,hacf,gacf,hcs
6021431,6.550058839859409,13.056923147756606,13.090231132384456,0.24554917731668358,0.26542561746592597,-1.0,-1.0,0.5208099400671086,0.5208099400671086,2524.5913507038417,2742.7479808454236,2705.3057678748955,0.17823168165992054,0.0,0.9025671948617634,0.5854688252145189,0.35787306219127046
