target_id,prot_ps,prot_acf,prot_cs,e_prot_ps,E_prot_ps,e_prot_acf,E_prot_acf,e_prot_cs,E_prot_cs,sph_ps,sph_acf,sph_cs,h_ps,fa_prob_ps,hacf,gacf,hcs
6019560,46.41600481386602,26.563416747376323,24.804730315586358,10.676429124277284,19.605315284931528,-1.0,-1.0,0.28855631158050316,0.28855631158050316,134.75840301172346,127.25646884811313,130.3785692803649,0.11198634738625843,0.0,0.00035211892685985124,-0.48999316182892977,0.12192445468712387
