target_id,prot_ps,prot_acf,prot_cs,e_prot_ps,E_prot_ps,e_prot_acf,E_prot_acf,e_prot_cs,E_prot_cs,sph_ps,sph_acf,sph_cs,h_ps,fa_prob_ps,hacf,gacf,hcs
6038432,16.98801446390286,16.980430000461638,17.01609198059245,1.0170514702542768,1.153826211110843,-1.0,-1.0,0.17334819498696435,0.17334819498696435,2070.6951044064663,2071.2742209554794,2066.1596040188365,0.13177019416309138,0.0,0.7115110417220851,0.4298318934777176,0.9618608369257439
