target_id,prot_ps,prot_acf,prot_cs,e_prot_ps,E_prot_ps,e_prot_acf,E_prot_acf,e_prot_cs,E_prot_cs,sph_ps,sph_acf,sph_cs,h_ps,fa_prob_ps,hacf,gacf,hcs
6042542,23.564240368949285,22.844803913496435,23.385373242342084,3.3946527994331888,4.749345855756321,-1.0,-1.0,0.8822346744456543,0.8822346744456543,2096.0631086425333,2083.195380620304,2051.8540333411315,0.15842094531659914,0.0,0.9341122061663363,0.45854929946334816,0.9643003761470607
