target_id,prot_ps,prot_acf,prot_cs,e_prot_ps,E_prot_ps,e_prot_acf,E_prot_acf,e_prot_cs,E_prot_cs,sph_ps,sph_acf,sph_cs,h_ps,fa_prob_ps,hacf,gacf,hcs
6066938,73.59808069067228,26.318794157356024,34.56895963952,9.073999813187392,12.083334072741167,-1.0,-1.0,7.057420317259863,7.057420317259863,276.1158701597148,268.84857197971746,268.8228073564316,0.06893093817876103,0.0,0.00031389021349514934,-0.5671841307653552,0.14355787751573318
