target_id,prot_ps,prot_acf,prot_cs,e_prot_ps,E_prot_ps,e_prot_acf,E_prot_acf,e_prot_cs,E_prot_cs,sph_ps,sph_acf,sph_cs,h_ps,fa_prob_ps,hacf,gacf,hcs
6029090,91.31157846307433,19.9841268947348,60.81295208067072,2.4009401604378127,2.5328028924704,-1.0,-1.0,7.994502024255652,7.994502024255652,730.1448959338055,717.5450773699885,722.6928875483223,0.05553794961372661,0.0,0.007855684221241666,-0.25891749503902856,0.14554526460586867
