target_id,prot_ps,prot_acf,prot_cs,e_prot_ps,E_prot_ps,e_prot_acf,E_prot_acf,e_prot_cs,E_prot_cs,sph_ps,sph_acf,sph_cs,h_ps,fa_prob_ps,hacf,gacf,hcs
6044064,5.090508098837332,5.0675880163908005,5.0747462074097935,0.18660151745597364,0.2013943985241431,-1.0,-1.0,0.10242387698963615,0.10242387698963615,959186.0230383266,951586.7886513754,948044.9173292709,0.058996716065725874,0.0,1.2791994134302764,0.796133656809339,0.9682853695716757
