target_id,prot_ps,prot_acf,prot_cs,e_prot_ps,E_prot_ps,e_prot_acf,E_prot_acf,e_prot_cs,E_prot_cs,sph_ps,sph_acf,sph_cs,h_ps,fa_prob_ps,hacf,gacf,hcs
6044382,74.87806196662838,30.078544437885284,31.225493282516812,25.603017734496653,82.77664728108007,-1.0,-1.0,5.504692332192376,5.504692332192376,972.8602628319418,933.7715496086997,946.6423312074375,0.10394693532530994,0.0,0.000187960540456944,-0.5140055728249384,0.0630770314635846
