target_id,prot_ps,prot_acf,prot_cs,e_prot_ps,E_prot_ps,e_prot_acf,E_prot_acf,e_prot_cs,E_prot_cs,sph_ps,sph_acf,sph_cs,h_ps,fa_prob_ps,hacf,gacf,hcs
6143935,73.04943979622351,24.295689443591982,26.571931095691937,9.38258969290704,12.669794621746007,-1.0,-1.0,0.36267980616911893,0.36267980616911893,639.7197583538436,634.8460417108496,635.8471748510946,0.07376656696861245,0.0,0.0009906652162018637,-0.3077476748968074,0.20699366629077393
