target_id,prot_ps,prot_acf,prot_cs,e_prot_ps,E_prot_ps,e_prot_acf,E_prot_acf,e_prot_cs,E_prot_cs,sph_ps,sph_acf,sph_cs,h_ps,fa_prob_ps,hacf,gacf,hcs
6142199,29.439096434895703,29.118096409365535,29.51802687055445,1.1909343854529446,1.2964430230789787,-1.0,-1.0,1.6931326734185304,1.6931326734185304,321.95286568010386,324.45389653673095,321.9168886284694,0.09415533714539566,0.0,0.2937621253649788,0.2260742745718125,0.9915759185681318
