target_id,prot_ps,prot_acf,prot_cs,e_prot_ps,E_prot_ps,e_prot_acf,E_prot_acf,e_prot_cs,E_prot_cs,sph_ps,sph_acf,sph_cs,h_ps,fa_prob_ps,hacf,gacf,hcs
6110417,73.04928268992167,27.871530203148723,37.405488469302384,1.8014317529551818,1.8958731729857874,-1.0,-1.0,9.63065180691736,9.63065180691736,264.2732700885015,252.5091771416836,256.33983845715966,0.09341122929046629,0.0,0.0010607814895834122,-0.41886856322610916,0.07562427321190539
