target_id,prot_ps,prot_acf,prot_cs,e_prot_ps,E_prot_ps,e_prot_acf,E_prot_acf,e_prot_cs,E_prot_cs,sph_ps,sph_acf,sph_cs,h_ps,fa_prob_ps,hacf,gacf,hcs
6147892,91.31173490316417,13.792749191634357,13.786210406832396,1.3295183610562447,1.3693635361495922,-1.0,-1.0,0.5837706903900791,0.5837706903900791,1451.306913609318,1377.4617045286084,1377.441740536057,0.050943005500468916,0.0,0.7170525488812691,0.3731358041617748,0.9310189588117989
