target_id,prot_ps,prot_acf,prot_cs,e_prot_ps,E_prot_ps,e_prot_acf,E_prot_acf,e_prot_cs,E_prot_cs,sph_ps,sph_acf,sph_cs,h_ps,fa_prob_ps,hacf,gacf,hcs
6147228,73.04957817499971,30.630147977732122,31.767437599808783,12.746721465057362,19.475461069623194,-1.0,-1.0,0.44561983760232293,0.44561983760232293,405.1125489214378,394.894372400064,404.21521681889817,0.1446334374387362,0.0,0.03374583581429852,-0.4192549601200002,0.2909353306060841
