target_id,prot_ps,prot_acf,prot_cs,e_prot_ps,E_prot_ps,e_prot_acf,E_prot_acf,e_prot_cs,E_prot_cs,sph_ps,sph_acf,sph_cs,h_ps,fa_prob_ps,hacf,gacf,hcs
6130977,52.56988892817101,4.6180344466120005,52.60764064679991,9.785413348978459,15.496961875833087,-1.0,-1.0,1.2451445944837107,1.2451445944837107,186.77990759852034,143.6502797791937,186.5312985411564,0.10416343056764535,0.0,0.23654727041246357,0.7016831852090978,0.2847395432364649
