target_id,prot_ps,prot_acf,prot_cs,e_prot_ps,E_prot_ps,e_prot_acf,E_prot_acf,e_prot_cs,E_prot_cs,sph_ps,sph_acf,sph_cs,h_ps,fa_prob_ps,hacf,gacf,hcs
6183900,4.450828533324771,4.189034067094326,4.4791103440726,1.210307813693309,2.632617722108667,-1.0,-1.0,0.3700525503585409,0.3700525503585409,499.30194411760533,470.56746539923216,500.8381950024476,0.2153119572708685,2.1083133731515514e-111,0.46343601535463874,0.3033620313839922,0.9331512428918614
