target_id,prot_ps,prot_acf,prot_cs,e_prot_ps,E_prot_ps,e_prot_acf,E_prot_acf,e_prot_cs,E_prot_cs,sph_ps,sph_acf,sph_cs,h_ps,fa_prob_ps,hacf,gacf,hcs
6199422,61.331426000029595,18.94208107329905,28.32009953300304,0.6574958763807572,0.6718735147867534,-1.0,-1.0,0.38451568635298455,0.38451568635298455,200.44532293971344,197.27621992514352,200.81949700714935,0.038829701970351196,0.0,0.00037959715419502715,-0.3561436576805845,0.3617933337257667
