target_id,prot_ps,prot_acf,prot_cs,e_prot_ps,E_prot_ps,e_prot_acf,E_prot_acf,e_prot_cs,E_prot_cs,sph_ps,sph_acf,sph_cs,h_ps,fa_prob_ps,hacf,gacf,hcs
6105180,7.494240434554309,14.650725973304361,13.9717251028819,1.5891119675454233,2.779770301799557,-1.0,-1.0,1.2275623155344624,1.2275623155344624,513.6870374061293,560.4142827583449,539.9306203066868,0.029372257592493733,0.0,0.3505658683918833,0.247750035373312,0.7065771096865722
