target_id,prot_ps,prot_acf,prot_cs,e_prot_ps,E_prot_ps,e_prot_acf,E_prot_acf,e_prot_cs,E_prot_cs,sph_ps,sph_acf,sph_cs,h_ps,fa_prob_ps,hacf,gacf,hcs
6119994,11.503846610965567,10.829868004657328,11.389138735388407,1.466680134764001,1.967722661304279,-1.0,-1.0,0.8158637695088982,0.8158637695088982,3896.4328708234534,3809.175496225143,3786.978352762836,0.06791361052958261,0.0,0.9952517084580035,0.6104788576405855,0.8815393874501459
