target_id,prot_ps,prot_acf,prot_cs,e_prot_ps,E_prot_ps,e_prot_acf,E_prot_acf,e_prot_cs,E_prot_cs,sph_ps,sph_acf,sph_cs,h_ps,fa_prob_ps,hacf,gacf,hcs
6146617,52.56987157589291,6.784013194963336,7.4444327927380805,8.526935683449508,12.635712701204397,-1.0,-1.0,0.3188913673116592,0.3188913673116592,576.8846854971629,539.2256226701567,547.732444536312,0.03335726793499829,0.0,0.38331934441496984,0.3222727744082831,0.7371355395485352
