target_id,prot_ps,prot_acf,prot_cs,e_prot_ps,E_prot_ps,e_prot_acf,E_prot_acf,e_prot_cs,E_prot_cs,sph_ps,sph_acf,sph_cs,h_ps,fa_prob_ps,hacf,gacf,hcs
6101163,24.619150992130542,25.276085631921887,24.868439788464453,3.376468444517524,4.635160895748914,-1.0,-1.0,2.2645180469701813,2.2645180469701813,1429.2934006562284,1365.571127531423,1415.6588899832595,0.10508697079410816,0.0,0.8813526776785434,0.43518450148773635,0.9751920808314157
