target_id,prot_ps,prot_acf,prot_cs,e_prot_ps,E_prot_ps,e_prot_acf,E_prot_acf,e_prot_cs,E_prot_cs,sph_ps,sph_acf,sph_cs,h_ps,fa_prob_ps,hacf,gacf,hcs
6114904,33.97646630063145,14.732702864333987,19.541571508012716,2.4012090934435903,2.801089501092875,-1.0,-1.0,2.1183767804280738,2.1183767804280738,343.47621508278553,339.6217430530155,342.8132639730668,0.03605083294933181,0.0,0.00017812476725555249,-0.19013454655554574,0.4223321384594106
