target_id,prot_ps,prot_acf,prot_cs,e_prot_ps,E_prot_ps,e_prot_acf,E_prot_acf,e_prot_cs,E_prot_cs,sph_ps,sph_acf,sph_cs,h_ps,fa_prob_ps,hacf,gacf,hcs
6139092,72.93535041898569,20.004650827031583,26.420626132473394,8.568151127012513,11.210555818324224,-1.0,-1.0,0.39372944103662844,0.39372944103662844,1142.3057910890586,1125.5116780577962,1126.851262792203,0.15009210497164444,0.0,0.00015980568790920774,-0.10592501799465674,0.3870938569568563
