target_id,prot_ps,prot_acf,prot_cs,e_prot_ps,E_prot_ps,e_prot_acf,E_prot_acf,e_prot_cs,E_prot_cs,sph_ps,sph_acf,sph_cs,h_ps,fa_prob_ps,hacf,gacf,hcs
6226669,74.8776421573032,30.773120909929276,46.10393313113837,11.367092423854444,16.25220719495526,-1.0,-1.0,1.2758759985460482,1.2758759985460482,1429.2407616266137,1403.6560539955763,1414.7280469684529,0.18287198295088153,0.0,0.00523538133135007,-0.4987641657625121,0.22264994642831623
