target_id,prot_ps,prot_acf,prot_cs,e_prot_ps,E_prot_ps,e_prot_acf,E_prot_acf,e_prot_cs,E_prot_cs,sph_ps,sph_acf,sph_cs,h_ps,fa_prob_ps,hacf,gacf,hcs
6219926,16.054821239202806,16.40827395627275,16.221509791938583,1.3512039022240554,1.6213938057685837,-1.0,-1.0,1.491949960913519,1.491949960913519,2012.477476480773,1997.8675230845859,1988.8033540648184,0.03717264519496471,0.0,0.6080916355691381,0.36703387002912624,0.9567343962097751
