target_id,prot_ps,prot_acf,prot_cs,e_prot_ps,E_prot_ps,e_prot_acf,E_prot_acf,e_prot_cs,E_prot_cs,sph_ps,sph_acf,sph_cs,h_ps,fa_prob_ps,hacf,gacf,hcs
6210030,74.87865568701946,29.444906261749566,28.531971183102264,0.9035834724597578,0.9259686887385499,-1.0,-1.0,0.5059105674536123,0.5059105674536123,790.6555795205009,773.4734447203163,778.3933172381713,0.15227460029785103,0.0,0.0029051156718353788,-0.542936202161745,0.05849561221305808
