target_id,prot_ps,prot_acf,prot_cs,e_prot_ps,E_prot_ps,e_prot_acf,E_prot_acf,e_prot_cs,E_prot_cs,sph_ps,sph_acf,sph_cs,h_ps,fa_prob_ps,hacf,gacf,hcs
6207387,73.04938171514901,31.32486308645457,45.77990034556768,11.688279888841684,17.270184392821093,-1.0,-1.0,2.325001717578629,2.325001717578629,637.7154935669091,630.1753878604032,636.728353754081,0.16712814778368792,0.0,0.0014074434968030514,-0.5872388840116838,0.05799073305605457
