target_id,prot_ps,prot_acf,prot_cs,e_prot_ps,E_prot_ps,e_prot_acf,E_prot_acf,e_prot_cs,E_prot_cs,sph_ps,sph_acf,sph_cs,h_ps,fa_prob_ps,hacf,gacf,hcs
6268520,62.08307073114808,4.025374628603458,62.241949006345365,19.061283811811563,48.615406145870836,-1.0,-1.0,5.133057523223606,5.133057523223606,293.30668934216135,200.05627841269612,293.70657572683393,0.07562650079986288,0.0,0.021305316644626482,0.652243116967312,0.21383828905989458
