target_id,prot_ps,prot_acf,prot_cs,e_prot_ps,E_prot_ps,e_prot_acf,E_prot_acf,e_prot_cs,E_prot_cs,sph_ps,sph_acf,sph_cs,h_ps,fa_prob_ps,hacf,gacf,hcs
6204977,73.04933459845553,29.771882840432227,28.618011083041285,24.40465610370331,75.05680356703962,-1.0,-1.0,4.580996541108552,4.580996541108552,753.8661075984772,728.3860117261589,737.4221125370259,0.08555139730712222,0.0,0.0009870806613261895,-0.47057828712608607,0.11728339345378426
