target_id,prot_ps,prot_acf,prot_cs,e_prot_ps,E_prot_ps,e_prot_acf,E_prot_acf,e_prot_cs,E_prot_cs,sph_ps,sph_acf,sph_cs,h_ps,fa_prob_ps,hacf,gacf,hcs
6290523,73.04957398482269,32.16267486382276,26.829474012833085,23.58346171353122,67.79595834295195,-1.0,-1.0,4.5411054484252,4.5411054484252,419.4906002097108,409.9687922681165,404.62430956881593,0.1899251849016833,0.0,0.0002503902627024046,-0.5880256640683141,0.03873912122358819
