target_id,prot_ps,prot_acf,prot_cs,e_prot_ps,E_prot_ps,e_prot_acf,E_prot_acf,e_prot_cs,E_prot_cs,sph_ps,sph_acf,sph_cs,h_ps,fa_prob_ps,hacf,gacf,hcs
6229103,20.163806077038952,19.698177648708224,20.176646888234217,4.233902819944923,7.246746904870864,-1.0,-1.0,0.21311621683398407,0.21311621683398407,842.8131493264884,858.8741225819921,842.3940239169588,0.0904010620111719,0.0,0.4481597061936167,0.0819932094633858,0.9527739114218786
