target_id,prot_ps,prot_acf,prot_cs,e_prot_ps,E_prot_ps,e_prot_acf,E_prot_acf,e_prot_cs,E_prot_cs,sph_ps,sph_acf,sph_cs,h_ps,fa_prob_ps,hacf,gacf,hcs
6271821,42.970171341614545,19.125920701771975,42.54230034558569,1.5056562927636463,1.6203441370481713,-1.0,-1.0,2.3331857660464923,2.3331857660464923,662.8408358641603,648.3861369739737,663.1773721553371,0.07015431874165355,0.0,0.00923239858097627,-0.2520665495815265,0.35834929892569206
