target_id,prot_ps,prot_acf,prot_cs,e_prot_ps,E_prot_ps,e_prot_acf,E_prot_acf,e_prot_cs,E_prot_cs,sph_ps,sph_acf,sph_cs,h_ps,fa_prob_ps,hacf,gacf,hcs
6203753,19.479594074457687,19.085108150728047,19.504182120137504,2.8801362608550782,4.072308456417826,-1.0,-1.0,0.32147811771293777,0.32147811771293777,1483.3966765658681,1489.7305661305907,1482.8707543808969,0.05855835893651175,0.0,0.45456789813698795,0.1965897510212375,0.9585693246490737
