target_id,prot_ps,prot_acf,prot_cs,e_prot_ps,E_prot_ps,e_prot_acf,E_prot_acf,e_prot_cs,E_prot_cs,sph_ps,sph_acf,sph_cs,h_ps,fa_prob_ps,hacf,gacf,hcs
6313490,0.8665302879084538,0.4904097765684128,81.89189388990401,0.010183858762616071,0.010428361069594883,-1.0,-1.0,0.15543158544864544,0.15543158544864544,8724.793513469125,8686.80301217087,9777.201806080811,0.12781672248670103,0.0,4.583596627119378,3.511124548918347,0.008447140382074276
