target_id,prot_ps,prot_acf,prot_cs,e_prot_ps,E_prot_ps,e_prot_acf,E_prot_acf,e_prot_cs,E_prot_cs,sph_ps,sph_acf,sph_cs,h_ps,fa_prob_ps,hacf,gacf,hcs
6310904,73.04955686260502,22.33404956338927,28.36158656266518,10.53496624414727,14.821705275400191,-1.0,-1.0,3.297576753334545,3.297576753334545,445.372208312826,433.966458684896,440.7697662140328,0.12024808931374685,0.0,6.225061322896741e-05,-0.24242329663551837,0.22236337772753803
