target_id,prot_ps,prot_acf,prot_cs,e_prot_ps,E_prot_ps,e_prot_acf,E_prot_acf,e_prot_cs,E_prot_cs,sph_ps,sph_acf,sph_cs,h_ps,fa_prob_ps,hacf,gacf,hcs
6386799,52.177576234199336,26.298261425457895,19.751393595854022,1.0971057330244491,1.1447648577782914,-1.0,-1.0,0.1970548852988812,0.1970548852988812,399.2927802454512,399.9228325753444,396.8022370658637,0.057103336832256504,0.0,0.0011484035355079636,-0.31179609388228186,0.18057043043726748
