target_id,prot_ps,prot_acf,prot_cs,e_prot_ps,E_prot_ps,e_prot_acf,E_prot_acf,e_prot_cs,E_prot_cs,sph_ps,sph_acf,sph_cs,h_ps,fa_prob_ps,hacf,gacf,hcs
6383801,73.04937291714299,32.51001401944086,45.583171567944625,8.889927067926308,11.787680521917139,-1.0,-1.0,1.0978733681554727,1.0978733681554727,548.9637253315137,541.1926480956374,540.234637879607,0.16481048957963487,0.0,0.0008105521834887441,-0.6009912948651511,0.09379547649241307
