target_id,prot_ps,prot_acf,prot_cs,e_prot_ps,E_prot_ps,e_prot_acf,E_prot_acf,e_prot_cs,E_prot_cs,sph_ps,sph_acf,sph_cs,h_ps,fa_prob_ps,hacf,gacf,hcs
6341792,14.13775207641838,13.996859742328525,14.097141326253958,0.7938950410126449,0.8952827254942726,-1.0,-1.0,0.5150295260560177,0.5150295260560177,3460.3985688466782,3410.2123422274935,3412.598691435442,0.0885831347598569,0.0,0.8392214458001226,0.5645941041747483,0.9856707177852129
