target_id,prot_ps,prot_acf,prot_cs,e_prot_ps,E_prot_ps,e_prot_acf,E_prot_acf,e_prot_cs,E_prot_cs,sph_ps,sph_acf,sph_cs,h_ps,fa_prob_ps,hacf,gacf,hcs
6359566,72.93532281783375,9.399526715278625,72.19878638774158,8.903787696419172,11.779122517606012,-1.0,-1.0,11.760983133905551,11.760983133905551,803.1447139848779,752.6068098381819,782.7930463887424,0.02879669405640734,0.0,0.00028919493207951036,0.0793521363898593,0.9100506580955731
