target_id,prot_ps,prot_acf,prot_cs,e_prot_ps,E_prot_ps,e_prot_acf,E_prot_acf,e_prot_cs,E_prot_cs,sph_ps,sph_acf,sph_cs,h_ps,fa_prob_ps,hacf,gacf,hcs
6352940,12.580273027909644,12.64848001068458,12.582025491896749,0.49329717767202474,0.5348204694615912,-1.0,-1.0,0.07768142966970301,0.07768142966970301,5982.486933116219,5958.550626552073,5982.486933116219,0.321465536648365,0.0,1.0356396801065508,0.6550726662507805,0.9416203348661438
