target_id,prot_ps,prot_acf,prot_cs,e_prot_ps,E_prot_ps,e_prot_acf,E_prot_acf,e_prot_cs,E_prot_cs,sph_ps,sph_acf,sph_cs,h_ps,fa_prob_ps,hacf,gacf,hcs
6304015,73.04957818273922,4.822358187288046,73.22355152778468,8.630193648174888,11.33532349768862,-1.0,-1.0,2.6185218888585293,2.6185218888585293,418.9979396766021,332.77623980883607,418.87380243343546,0.1386338713920824,0.0,0.4340126308714986,0.5235541551030877,0.45710156858737816
