target_id,prot_ps,prot_acf,prot_cs,e_prot_ps,E_prot_ps,e_prot_acf,E_prot_acf,e_prot_cs,E_prot_cs,sph_ps,sph_acf,sph_cs,h_ps,fa_prob_ps,hacf,gacf,hcs
6357692,76.89427034103109,14.262732475064695,33.641453961278316,3.2338022468139656,3.534022629178523,-1.0,-1.0,6.708386716110786,6.708386716110786,457.4270348170151,453.61217608805737,454.8854570952815,0.038598680572305866,0.0,0.044622623859190254,-0.09430317430794295,0.7919360177959406
