target_id,prot_ps,prot_acf,prot_cs,e_prot_ps,E_prot_ps,e_prot_acf,E_prot_acf,e_prot_cs,E_prot_cs,sph_ps,sph_acf,sph_cs,h_ps,fa_prob_ps,hacf,gacf,hcs
6358426,50.37888035336373,2.5337787065654993,4.592065231665038,2.8472232160759745,3.205978959923854,-1.0,-1.0,0.21722474586961205,0.21722474586961205,349.8642435464933,307.7973817041233,323.761270906974,0.014940862608411033,5.992364564072805e-229,0.0016902637912212665,0.22667856849451531,0.5210083291735464
