target_id,prot_ps,prot_acf,prot_cs,e_prot_ps,E_prot_ps,e_prot_acf,E_prot_acf,e_prot_cs,E_prot_cs,sph_ps,sph_acf,sph_cs,h_ps,fa_prob_ps,hacf,gacf,hcs
6311552,33.20384578627541,21.84365734877065,16.035778276515188,7.107226219972542,12.334985560005059,-1.0,-1.0,1.044978908783186,1.044978908783186,914.5689852033915,921.1985742861799,906.6868139849873,0.047461187681607404,0.0,3.783915306324048e-05,-0.22855892206566308,0.3517074240188875
