target_id,prot_ps,prot_acf,prot_cs,e_prot_ps,E_prot_ps,e_prot_acf,E_prot_acf,e_prot_cs,E_prot_cs,sph_ps,sph_acf,sph_cs,h_ps,fa_prob_ps,hacf,gacf,hcs
6357770,42.97014679951588,39.273502826690674,39.74650235016854,9.948856505571037,18.689952765721692,-1.0,-1.0,4.255169236862355,4.255169236862355,1109.481800071673,1092.2619757987054,1119.1826760192507,0.0842136142015003,0.0,0.3851918975441062,0.3624838687718829,0.9434936861835326
