target_id,prot_ps,prot_acf,prot_cs,e_prot_ps,E_prot_ps,e_prot_acf,E_prot_acf,e_prot_cs,E_prot_cs,sph_ps,sph_acf,sph_cs,h_ps,fa_prob_ps,hacf,gacf,hcs
6344463,46.416102185300296,24.60182124003768,46.22546125986869,9.289904793106693,15.387901454700312,-1.0,-1.0,1.1463237228998255,1.1463237228998255,160.3076237845338,157.33748536417332,160.34632042767578,0.0749194372196355,0.0,0.0008283599393373309,-0.33971637774253954,0.23278569564364782
