target_id,prot_ps,prot_acf,prot_cs,e_prot_ps,E_prot_ps,e_prot_acf,E_prot_acf,e_prot_cs,E_prot_cs,sph_ps,sph_acf,sph_cs,h_ps,fa_prob_ps,hacf,gacf,hcs
6357076,73.04880001529558,4.005029695108533,123.37286532312994,5.409793175605117,6.361436335082743,-1.0,-1.0,16.243470036427617,16.243470036427617,440.6269669353198,396.7897357192077,442.30591565857424,0.03123120238899936,0.0,0.08850399183920457,0.5975422242343035,0.13573258390526433
