target_id,prot_ps,prot_acf,prot_cs,e_prot_ps,E_prot_ps,e_prot_acf,E_prot_acf,e_prot_cs,E_prot_cs,sph_ps,sph_acf,sph_cs,h_ps,fa_prob_ps,hacf,gacf,hcs
6373909,74.87865270147431,34.67592203244567,52.49808932151455,16.42379058136087,29.48956268886522,-1.0,-1.0,1.8347877453217114,1.8347877453217114,826.321393839488,814.4928435061993,795.0886779198435,0.1448955717938451,0.0,0.0007894759122697437,-0.5622392244932691,0.06210764763792318
