target_id,prot_ps,prot_acf,prot_cs,e_prot_ps,E_prot_ps,e_prot_acf,E_prot_acf,e_prot_cs,E_prot_cs,sph_ps,sph_acf,sph_cs,h_ps,fa_prob_ps,hacf,gacf,hcs
6441032,73.0494041164976,29.44497269252315,28.381208381876228,23.49394288368977,67.06168741452957,-1.0,-1.0,1.6876409282447284,1.6876409282447284,911.7799236553359,888.44046917526,898.3844436602178,0.12054006090787153,0.0,0.002054097729950244,-0.5626437942586501,0.09906384155791793
