target_id,prot_ps,prot_acf,prot_cs,e_prot_ps,E_prot_ps,e_prot_acf,E_prot_acf,e_prot_cs,E_prot_cs,sph_ps,sph_acf,sph_cs,h_ps,fa_prob_ps,hacf,gacf,hcs
6449102,7.341573051803069,7.417450575158,7.370404574227931,0.3353509713845577,0.3687021976713991,-1.0,-1.0,0.22316695934801536,0.22316695934801536,5975.793884895713,5928.9717904193385,5943.683998064992,0.11020596683918048,0.0,1.2252311193253669,0.7518814883356753,0.895962913300653
