target_id,prot_ps,prot_acf,prot_cs,e_prot_ps,E_prot_ps,e_prot_acf,E_prot_acf,e_prot_cs,E_prot_cs,sph_ps,sph_acf,sph_cs,h_ps,fa_prob_ps,hacf,gacf,hcs
6441286,73.0494183586248,29.89451971044764,47.055535363372904,21.666122132520997,52.493252240989946,-1.0,-1.0,1.2143902896372245,1.2143902896372245,693.9155003110644,678.2998186074129,693.1851322577235,0.09618678068673368,0.0,0.005285216553141153,-0.4549868226349628,0.24103431932857775
