target_id,prot_ps,prot_acf,prot_cs,e_prot_ps,E_prot_ps,e_prot_acf,E_prot_acf,e_prot_cs,E_prot_cs,sph_ps,sph_acf,sph_cs,h_ps,fa_prob_ps,hacf,gacf,hcs
6465248,15.807551274749821,16.142655513249338,15.973872811300678,1.4378290718337823,1.7536587502542051,-1.0,-1.0,0.6451220173121891,0.6451220173121891,4649.726071833296,4698.844699869768,4662.348491597418,0.1461382038782325,0.0,1.1591861186814103,0.6415522614123336,0.9591753400182161
