target_id,prot_ps,prot_acf,prot_cs,e_prot_ps,E_prot_ps,e_prot_acf,E_prot_acf,e_prot_cs,E_prot_cs,sph_ps,sph_acf,sph_cs,h_ps,fa_prob_ps,hacf,gacf,hcs
6444754,61.99501808029465,7.437885509803891,7.467813530819772,9.930250350740096,14.542420103697857,-1.0,-1.0,0.10151760427762788,0.10151760427762788,2529.52036462368,2296.473561161242,2260.2292456236637,0.06638364238289171,0.0,0.44989428796759035,0.5857357591904665,0.40758535532100243
