target_id,prot_ps,prot_acf,prot_cs,e_prot_ps,E_prot_ps,e_prot_acf,E_prot_acf,e_prot_cs,E_prot_cs,sph_ps,sph_acf,sph_cs,h_ps,fa_prob_ps,hacf,gacf,hcs
6468494,73.04944565452267,23.274005718063563,37.82955663390923,2.3032062152383332,2.4565652602408505,-1.0,-1.0,8.550335604086793,8.550335604086793,608.7212582275581,601.5270050295029,606.1343140466183,0.06304993801629619,0.0,0.0008687755759125698,-0.20689298654495508,0.4270019923403363
