target_id,prot_ps,prot_acf,prot_cs,e_prot_ps,E_prot_ps,e_prot_acf,E_prot_acf,e_prot_cs,E_prot_cs,sph_ps,sph_acf,sph_cs,h_ps,fa_prob_ps,hacf,gacf,hcs
6510758,73.04940254411977,36.02462572790682,51.64558184260503,25.72745226667672,85.00479519964566,-1.0,-1.0,3.981562175098691,3.981562175098691,348.73414321517873,344.69393008086485,343.7928241031509,0.10189295554229304,0.0,0.0005305429022303132,-0.4959064349309985,0.23157978280121183
