target_id,prot_ps,prot_acf,prot_cs,e_prot_ps,E_prot_ps,e_prot_acf,E_prot_acf,e_prot_cs,E_prot_cs,sph_ps,sph_acf,sph_cs,h_ps,fa_prob_ps,hacf,gacf,hcs
6548903,73.04885101569465,33.327532838098705,92.23185266462153,14.780595286506362,24.997784073232125,-1.0,-1.0,4.061721251814772,4.061721251814772,877.8475843167064,842.9666742574339,886.8172293612064,0.11869281114653848,0.0,0.0010021005734164312,-0.6106408482714506,0.14391879768868804
