target_id,prot_ps,prot_acf,prot_cs,e_prot_ps,E_prot_ps,e_prot_acf,E_prot_acf,e_prot_cs,E_prot_cs,sph_ps,sph_acf,sph_cs,h_ps,fa_prob_ps,hacf,gacf,hcs
6504437,75.15321130330713,23.457518944516778,28.568512854399017,0.8225900016880416,0.840889743666537,-1.0,-1.0,0.3735561233310086,0.3735561233310086,247.4705702974575,237.9036137178903,238.1816500475615,0.11152783867456617,0.0,0.01038865485651122,-0.45133641514634587,0.07542256104201694
