target_id,prot_ps,prot_acf,prot_cs,e_prot_ps,E_prot_ps,e_prot_acf,E_prot_acf,e_prot_cs,E_prot_cs,sph_ps,sph_acf,sph_cs,h_ps,fa_prob_ps,hacf,gacf,hcs
6587113,46.12595848207191,1.9616152793169022,45.5156045279,4.931246637827648,6.289492113337495,-1.0,-1.0,4.3106468618769975,4.3106468618769975,186.56990171016088,104.2351137112396,185.42076612855521,0.044730917000947744,4.880872420217007e-220,0.002735217275386448,0.7997891985114858,0.14987476449698448
