target_id,prot_ps,prot_acf,prot_cs,e_prot_ps,E_prot_ps,e_prot_acf,E_prot_acf,e_prot_cs,E_prot_cs,sph_ps,sph_acf,sph_cs,h_ps,fa_prob_ps,hacf,gacf,hcs
6528708,24.349808673131083,23.846143323462456,72.79169598591294,1.04875994360048,1.1469564449060705,-1.0,-1.0,2.528811417901883,2.528811417901883,1138.2537401105221,1153.4119261887927,1187.6652179621722,0.13628815181199505,0.0,0.4154887485936053,0.0431529233707304,4.540295451516323
