target_id,prot_ps,prot_acf,prot_cs,e_prot_ps,E_prot_ps,e_prot_acf,E_prot_acf,e_prot_cs,E_prot_cs,sph_ps,sph_acf,sph_cs,h_ps,fa_prob_ps,hacf,gacf,hcs
6585265,15.307409675286692,15.263752800878137,15.457665805001568,1.7864289842933019,2.3232752027165393,-1.0,-1.0,1.2976904804769736,1.2976904804769736,1208.524480104163,1208.6180988097408,1212.1571883464896,0.04313558312569043,0.0,0.5682650882270033,0.3576933787118697,0.9830017164649215
