target_id,prot_ps,prot_acf,prot_cs,e_prot_ps,E_prot_ps,e_prot_acf,E_prot_acf,e_prot_cs,E_prot_cs,sph_ps,sph_acf,sph_cs,h_ps,fa_prob_ps,hacf,gacf,hcs
6516874,0.4582257537291641,0.02043377049267292,0.9191401680940764,0.004544271309351977,0.004636150563759656,-1.0,-1.0,0.0087800305572552,0.0087800305572552,31847.39977289929,12166.77610931948,31970.830651433513,0.29079390091307533,0.0,1.4530755533389987,1.0823367428753055,0.024579461181600454
