target_id,prot_ps,prot_acf,prot_cs,e_prot_ps,E_prot_ps,e_prot_acf,E_prot_acf,e_prot_cs,E_prot_cs,sph_ps,sph_acf,sph_cs,h_ps,fa_prob_ps,hacf,gacf,hcs
6503870,62.08318719597552,22.7832148456946,75.10071166257167,21.23278506789819,68.68137466740569,-1.0,-1.0,2.778399625986778,2.778399625986778,343.0801206414414,335.5446639331418,346.89897792273143,0.054001424460792355,0.0,0.005016460312868648,-0.41014588000532126,0.19658377430319365
