target_id,prot_ps,prot_acf,prot_cs,e_prot_ps,E_prot_ps,e_prot_acf,E_prot_acf,e_prot_cs,E_prot_cs,sph_ps,sph_acf,sph_cs,h_ps,fa_prob_ps,hacf,gacf,hcs
6504214,21.967831488550694,21.884118349291384,21.974473955295093,1.6576606360542065,1.950458130055921,-1.0,-1.0,0.25231133867106115,0.25231133867106115,1836.1308234318544,1845.5608770335143,1835.7439267922516,0.2596947675950215,0.0,1.1483007622395267,0.6396644004144133,0.994243572969478
