target_id,prot_ps,prot_acf,prot_cs,e_prot_ps,E_prot_ps,e_prot_acf,E_prot_acf,e_prot_cs,E_prot_cs,sph_ps,sph_acf,sph_cs,h_ps,fa_prob_ps,hacf,gacf,hcs
6530559,98.60698528179209,34.06196207553148,147.3099149058759,8.7752011730298,10.698375080018309,-1.0,-1.0,9.98121770700582,9.98121770700582,626.9272593557456,658.8558310958167,626.9272593557456,0.37388814701136264,0.0,0.0019053545980555198,-0.5006112787259814,0.18744340286117878
