target_id,prot_ps,prot_acf,prot_cs,e_prot_ps,E_prot_ps,e_prot_acf,E_prot_acf,e_prot_cs,E_prot_cs,sph_ps,sph_acf,sph_cs,h_ps,fa_prob_ps,hacf,gacf,hcs
6678230,52.56980124855056,4.066315694712102,12.955180348960393,2.138579576456685,2.327465785877962,-1.0,-1.0,0.5903810848515376,0.5903810848515376,202.5572800089706,177.73081908291067,196.50714424217168,0.026679464655152633,0.0,0.1237713599497979,0.25000111158170907,0.3018361271818947
