target_id,prot_ps,prot_acf,prot_cs,e_prot_ps,E_prot_ps,e_prot_acf,E_prot_acf,e_prot_cs,E_prot_cs,sph_ps,sph_acf,sph_cs,h_ps,fa_prob_ps,hacf,gacf,hcs
6695363,37.439331924095676,15.304814228322357,18.03035966901558,3.2065752122760074,3.8773929287695665,-1.0,-1.0,0.6474761147110997,0.6474761147110997,2176.396698317884,2059.8629267552737,2089.0720117511814,0.1192380009765928,0.0,1.1283146733293004e-05,-0.2824274918036008,0.217991036377945
