target_id,prot_ps,prot_acf,prot_cs,e_prot_ps,E_prot_ps,e_prot_acf,E_prot_acf,e_prot_cs,E_prot_cs,sph_ps,sph_acf,sph_cs,h_ps,fa_prob_ps,hacf,gacf,hcs
6632445,61.85637634040128,25.215177400037646,35.72517006827836,14.502850769410522,27.069221046652082,-1.0,-1.0,6.754566289780509,6.754566289780509,1038.0155915448327,1038.7777280102885,1035.8960945726371,0.09874527915909004,0.0,0.002097815702547551,-0.3935844565933699,0.11270915240461805
