target_id,prot_ps,prot_acf,prot_cs,e_prot_ps,E_prot_ps,e_prot_acf,E_prot_acf,e_prot_cs,E_prot_cs,sph_ps,sph_acf,sph_cs,h_ps,fa_prob_ps,hacf,gacf,hcs
6610100,73.04935595211487,31.05921506881714,36.5474799800265,21.557754808831362,51.861683858518745,-1.0,-1.0,0.5930894524544535,0.5930894524544535,875.8738617535557,852.7636265412916,858.8264361703896,0.11972356843367755,0.0,6.902824849489009e-05,-0.412720815014279,0.1060992915855839
