target_id,prot_ps,prot_acf,prot_cs,e_prot_ps,E_prot_ps,e_prot_acf,E_prot_acf,e_prot_cs,E_prot_cs,sph_ps,sph_acf,sph_cs,h_ps,fa_prob_ps,hacf,gacf,hcs
6614926,56.1911647443546,3.003755158279091,1.5078291972687536,11.50347084324261,19.344818561496922,-1.0,-1.0,0.012205925422103206,0.012205925422103206,3969.3293895595752,2695.8688656017684,2506.8795541842446,0.055943147176611384,0.0,0.22566347322696523,0.8477429119182138,0.17088744986965915
