target_id,prot_ps,prot_acf,prot_cs,e_prot_ps,E_prot_ps,e_prot_acf,E_prot_acf,e_prot_cs,E_prot_cs,sph_ps,sph_acf,sph_cs,h_ps,fa_prob_ps,hacf,gacf,hcs
6676655,121.74904637050382,28.566331727430224,32.87273688591086,2.453855225711706,2.556933094079355,-1.0,-1.0,2.4619545461513668,2.4619545461513668,594.2934402394792,597.1379486544062,595.4519255758295,0.05470793023405428,0.0,0.002897727617630269,-0.42243878782914407,0.16315103571864606
