target_id,prot_ps,prot_acf,prot_cs,e_prot_ps,E_prot_ps,e_prot_acf,E_prot_acf,e_prot_cs,E_prot_cs,sph_ps,sph_acf,sph_cs,h_ps,fa_prob_ps,hacf,gacf,hcs
6605424,73.04945587766237,32.59178669191897,28.934559116922316,9.382862424025149,12.593067603867595,-1.0,-1.0,4.7627959817596075,4.7627959817596075,611.2767181727232,602.8591255952947,597.0635598320982,0.15966196135287294,0.0,0.0012094574600874375,-0.5472375113298611,0.07279818085401304
