target_id,prot_ps,prot_acf,prot_cs,e_prot_ps,E_prot_ps,e_prot_acf,E_prot_acf,e_prot_cs,E_prot_cs,sph_ps,sph_acf,sph_cs,h_ps,fa_prob_ps,hacf,gacf,hcs
6609760,91.3118298502148,0.6334620714187622,53.57977066616324,1.2808244527768409,1.3179133446962226,-1.0,-1.0,2.4102012596977733,2.4102012596977733,420.8274470503637,268.2263155512275,403.36931784335485,0.020254847109642635,7.8081053653e-313,0.007350657694572882,0.8154423128359418,0.12925744089272
