target_id,prot_ps,prot_acf,prot_cs,e_prot_ps,E_prot_ps,e_prot_acf,E_prot_acf,e_prot_cs,E_prot_cs,sph_ps,sph_acf,sph_cs,h_ps,fa_prob_ps,hacf,gacf,hcs
6611625,73.04925904550596,30.609632642008364,28.61637687340495,9.251871703687279,12.432605360855575,-1.0,-1.0,0.4124560266596,0.4124560266596,762.4135666300878,734.8118067625841,747.635892765773,0.16895248358271947,0.0,0.0005136123040163088,-0.560710071255606,0.09646396732271738
