target_id,prot_ps,prot_acf,prot_cs,e_prot_ps,E_prot_ps,e_prot_acf,E_prot_acf,e_prot_cs,E_prot_cs,sph_ps,sph_acf,sph_cs,h_ps,fa_prob_ps,hacf,gacf,hcs
6613055,72.93543685061556,4.086749907582998,62.615956059014415,23.681964966530714,68.82076543669129,-1.0,-1.0,10.585291916660932,10.585291916660932,679.719563678509,603.4505273874764,674.5730357715142,0.047122199617231166,0.0,0.5625670173159767,0.7672789587058899,0.21453449368219224
