target_id,prot_ps,prot_acf,prot_cs,e_prot_ps,E_prot_ps,e_prot_acf,E_prot_acf,e_prot_cs,E_prot_cs,sph_ps,sph_acf,sph_cs,h_ps,fa_prob_ps,hacf,gacf,hcs
6629156,0.07573326246112362,0.08173498511314392,73.49871717481652,0.004498991607970584,0.005112488281360308,-1.0,-1.0,3.0643998361426745,3.0643998361426745,3488.1875600145954,3493.4757894079207,3847.6074436619015,0.18852014652285665,0.0,0.16496045793361774,0.96752026830418,0.01587399522271586
