target_id,prot_ps,prot_acf,prot_cs,e_prot_ps,E_prot_ps,e_prot_acf,E_prot_acf,e_prot_cs,E_prot_cs,sph_ps,sph_acf,sph_cs,h_ps,fa_prob_ps,hacf,gacf,hcs
6690679,23.844244940709657,21.986722519621253,23.607732461518612,5.131243153851802,9.07703868061147,-1.0,-1.0,1.9599141194574001,1.9599141194574001,1314.3435575193985,1316.0189787830795,1332.1459577208127,0.052580944914938005,0.0,0.24265404991186906,0.16950652662012308,0.7345480213894581
