target_id,prot_ps,prot_acf,prot_cs,e_prot_ps,E_prot_ps,e_prot_acf,E_prot_acf,e_prot_cs,E_prot_cs,sph_ps,sph_acf,sph_cs,h_ps,fa_prob_ps,hacf,gacf,hcs
6793825,73.04857832918196,23.437484548427165,31.390495325317602,0.8532866530361929,0.8736832327815165,-1.0,-1.0,5.250117597704948,5.250117597704948,475.0486069134191,464.89104354332187,459.968663161351,0.05997791380794472,0.0,0.01717144347727978,-0.4887419401479986,0.11692674715708883
