target_id,prot_ps,prot_acf,prot_cs,e_prot_ps,E_prot_ps,e_prot_acf,E_prot_acf,e_prot_cs,E_prot_cs,sph_ps,sph_acf,sph_cs,h_ps,fa_prob_ps,hacf,gacf,hcs
6765437,50.757116326871625,20.903713867999613,23.98144346995279,8.753234239312953,13.43253500098512,-1.0,-1.0,5.43220811805431,5.43220811805431,391.38220398618887,385.8096384286785,390.8547572673338,0.08247366278900577,0.0,4.098701831861673e-05,-0.384020859899613,0.21776331092659357
