target_id,prot_ps,prot_acf,prot_cs,e_prot_ps,E_prot_ps,e_prot_acf,E_prot_acf,e_prot_cs,E_prot_cs,sph_ps,sph_acf,sph_cs,h_ps,fa_prob_ps,hacf,gacf,hcs
6755461,75.15321520196252,20.14731248561293,34.47029439222068,2.0109177672679976,2.123416361518082,-1.0,-1.0,4.556775952471633,4.556775952471633,451.6796738938278,417.2441535483554,438.32435794042266,0.1052455141657142,0.0,0.011224456302907027,-0.07334285897878555,0.6383000863430243
