target_id,prot_ps,prot_acf,prot_cs,e_prot_ps,E_prot_ps,e_prot_acf,E_prot_acf,e_prot_cs,E_prot_cs,sph_ps,sph_acf,sph_cs,h_ps,fa_prob_ps,hacf,gacf,hcs
6756058,62.08305583655729,26.992479341104627,94.24707164095716,0.6143640923451557,0.6267722120307653,-1.0,-1.0,9.243200375013307,9.243200375013307,647.4090633578204,629.7058962068571,652.9199614264033,0.14843643479062252,0.0,0.0066550633128486525,-0.49746244111464355,0.02890240758085243
