target_id,prot_ps,prot_acf,prot_cs,e_prot_ps,E_prot_ps,e_prot_acf,E_prot_acf,e_prot_cs,E_prot_cs,sph_ps,sph_acf,sph_cs,h_ps,fa_prob_ps,hacf,gacf,hcs
6775078,54.109965814165356,25.60346016427502,28.60405581759554,11.567463709905873,20.057273932104984,-1.0,-1.0,0.42341661936119135,0.42341661936119135,579.0561724513718,556.6876961357972,568.5495737129038,0.07507558443670401,0.0,0.0001328934573007201,-0.4403706104225284,0.2758941416351309
