target_id,prot_ps,prot_acf,prot_cs,e_prot_ps,E_prot_ps,e_prot_acf,E_prot_acf,e_prot_cs,E_prot_cs,sph_ps,sph_acf,sph_cs,h_ps,fa_prob_ps,hacf,gacf,hcs
6720468,72.93424641454364,35.71826256625354,41.75092999041546,2.3131303572331348,2.4688198859856243,-1.0,-1.0,3.4238680627402664,3.4238680627402664,1483.5881014187082,1426.1602130193096,1444.6771213943746,0.31856796487057454,0.0,0.00019667958850044798,-0.5507670822304523,0.08794055820586742
