target_id,prot_ps,prot_acf,prot_cs,e_prot_ps,E_prot_ps,e_prot_acf,E_prot_acf,e_prot_cs,E_prot_cs,sph_ps,sph_acf,sph_cs,h_ps,fa_prob_ps,hacf,gacf,hcs
6716137,179.93331685117394,10.155382124707103,152.95170181581753,16.66630583341373,20.410357148593192,-1.0,-1.0,21.762940917203874,21.762940917203874,1511.5923285901713,1334.4801789749895,1511.5923285901713,0.17501390287547247,0.0,0.0006592423308011824,0.16319352001203324,0.833238763377167
