target_id,prot_ps,prot_acf,prot_cs,e_prot_ps,E_prot_ps,e_prot_acf,E_prot_acf,e_prot_cs,E_prot_cs,sph_ps,sph_acf,sph_cs,h_ps,fa_prob_ps,hacf,gacf,hcs
6793401,47.423244714820406,13.13884795550257,47.28504496714707,5.282214781034703,6.776773363807038,-1.0,-1.0,1.5085281264340715,1.5085281264340715,746.2182590432368,732.1762685750554,746.2055913415314,0.026085361344897393,0.0,0.05189302837901805,-0.037591048334675956,1.8946902706927107
