target_id,prot_ps,prot_acf,prot_cs,e_prot_ps,E_prot_ps,e_prot_acf,E_prot_acf,e_prot_cs,E_prot_cs,sph_ps,sph_acf,sph_cs,h_ps,fa_prob_ps,hacf,gacf,hcs
6776058,72.93534637871869,33.87917217519134,45.96569719826765,2.567628070910885,2.760012683595548,-1.0,-1.0,1.4488112837070983,1.4488112837070983,1491.0782002124588,1418.1887310632724,1455.8361650879183,0.235534906113213,0.0,7.803670397033002e-05,-0.5760688745350636,0.1378409381977252
