target_id,prot_ps,prot_acf,prot_cs,e_prot_ps,E_prot_ps,e_prot_acf,E_prot_acf,e_prot_cs,E_prot_cs,sph_ps,sph_acf,sph_cs,h_ps,fa_prob_ps,hacf,gacf,hcs
6766615,91.31154009914931,8.52083588624373,8.998166165146975,10.564188038247337,13.785999119345732,-1.0,-1.0,0.9164842252785951,0.9164842252785951,1224.8429301568829,1354.3399873807773,1524.871746956352,0.024456594731261633,0.0,0.21377720175718698,0.4095194261438041,0.4616733581143099
