target_id,prot_ps,prot_acf,prot_cs,e_prot_ps,E_prot_ps,e_prot_acf,E_prot_acf,e_prot_cs,E_prot_cs,sph_ps,sph_acf,sph_cs,h_ps,fa_prob_ps,hacf,gacf,hcs
6751866,45.99864324569861,22.08887469302863,28.58373946747742,8.194467898369403,12.660022498784052,-1.0,-1.0,3.2482175120205237,3.2482175120205237,360.44716726330927,356.73195721736204,358.2536546516971,0.0964905911704808,0.0,0.0003230963393950348,-0.3391621018439476,0.13827904049497067
