target_id,prot_ps,prot_acf,prot_cs,e_prot_ps,E_prot_ps,e_prot_acf,E_prot_acf,e_prot_cs,E_prot_cs,sph_ps,sph_acf,sph_cs,h_ps,fa_prob_ps,hacf,gacf,hcs
6864359,73.04944573658885,26.196027507074177,33.51635388210447,9.17752503190421,12.298710737233009,-1.0,-1.0,1.049428990125583,1.049428990125583,667.9010263596567,665.2170200999848,663.215269059827,0.06251735227248191,0.0,0.006179487479414353,-0.4787844846081697,0.1639568704376285
