target_id,prot_ps,prot_acf,prot_cs,e_prot_ps,E_prot_ps,e_prot_acf,E_prot_acf,e_prot_cs,E_prot_cs,sph_ps,sph_acf,sph_cs,h_ps,fa_prob_ps,hacf,gacf,hcs
6871755,73.04938003644374,23.62135740555823,36.90081047711893,0.8182033969607971,0.8371028587143456,-1.0,-1.0,7.0520149212837095,7.0520149212837095,484.19508550695093,481.40905516749467,480.7637620158504,0.05373537673225677,0.0,0.023338492937855393,-0.30674399645724093,0.15479333368398276
