target_id,prot_ps,prot_acf,prot_cs,e_prot_ps,E_prot_ps,e_prot_acf,E_prot_acf,e_prot_cs,E_prot_cs,sph_ps,sph_acf,sph_cs,h_ps,fa_prob_ps,hacf,gacf,hcs
6879140,71.13485532320964,18.49246621131897,33.54022529125214,14.444682805866393,24.490080659288964,-1.0,-1.0,3.8301309082522215,3.8301309082522215,656.7576950509584,641.8832939917731,648.8269147547954,0.034477776875655654,0.0,0.004014729496292266,-0.1358440503924222,0.6925618197103941
