target_id,prot_ps,prot_acf,prot_cs,e_prot_ps,E_prot_ps,e_prot_acf,E_prot_acf,e_prot_cs,E_prot_cs,sph_ps,sph_acf,sph_cs,h_ps,fa_prob_ps,hacf,gacf,hcs
6853020,4.906530946315216,5.047152008395642,4.889724848899659,0.3786784506786596,0.4476725841267637,-1.0,-1.0,0.060961577284140006,0.060961577284140006,459.84996235116336,464.4987133456502,463.61222107622893,0.03694913993868783,0.0,0.4070960690082303,0.3734840193483486,0.8441142534258267
