target_id,prot_ps,prot_acf,prot_cs,e_prot_ps,E_prot_ps,e_prot_acf,E_prot_acf,e_prot_cs,E_prot_cs,sph_ps,sph_acf,sph_cs,h_ps,fa_prob_ps,hacf,gacf,hcs
6860282,73.0484226845663,30.773181220516562,28.650885585967004,21.87412754343417,55.36111806841147,-1.0,-1.0,0.37381665082344734,0.37381665082344734,635.3313125782759,601.4549141487731,614.2247812172591,0.16663669760658548,0.0,0.0016651629232766196,-0.5678469753625753,0.14368932105951204
