target_id,prot_ps,prot_acf,prot_cs,e_prot_ps,E_prot_ps,e_prot_acf,E_prot_acf,e_prot_cs,E_prot_cs,sph_ps,sph_acf,sph_cs,h_ps,fa_prob_ps,hacf,gacf,hcs
6875450,93.53712804689484,3.8415452633053064,3.9952879227852454,8.663391495518937,10.609548794584171,-1.0,-1.0,0.49438365296690867,0.49438365296690867,419.4024336221788,312.4774728813416,310.060299735082,0.26377736054661155,1.4931059099621855e-300,0.24695768598492004,0.6580179753759844,0.1091498798112405
