target_id,prot_ps,prot_acf,prot_cs,e_prot_ps,E_prot_ps,e_prot_acf,E_prot_acf,e_prot_cs,E_prot_cs,sph_ps,sph_acf,sph_cs,h_ps,fa_prob_ps,hacf,gacf,hcs
6865853,8.301073214698857,8.193921053782105,8.301467737419237,0.2365359460715748,0.2506790984104583,-1.0,-1.0,0.03265060791519798,0.03265060791519798,378.8500419820269,377.4200501685466,378.8500419820269,0.15879486358036393,0.0,0.6991050530406622,0.5694801421542951,0.8982120262401506
