target_id,prot_ps,prot_acf,prot_cs,e_prot_ps,E_prot_ps,e_prot_acf,E_prot_acf,e_prot_cs,E_prot_cs,sph_ps,sph_acf,sph_cs,h_ps,fa_prob_ps,hacf,gacf,hcs
6841911,62.0830632393731,24.6835121139884,79.43727447975564,1.1180876463899025,1.1602984674425372,-1.0,-1.0,2.898377124587358,2.898377124587358,914.3054807999919,882.5356901906616,920.247811123379,0.1461702032419017,0.0,0.0002835129520772639,-0.48658264712011473,0.10863856740075692
