target_id,prot_ps,prot_acf,prot_cs,e_prot_ps,E_prot_ps,e_prot_acf,E_prot_acf,e_prot_cs,E_prot_cs,sph_ps,sph_acf,sph_cs,h_ps,fa_prob_ps,hacf,gacf,hcs
6853086,73.59767809651218,4.618024027906358,74.10407972906005,24.792205965308668,77.5871092640399,-1.0,-1.0,1.627590107113194,1.627590107113194,218.35338703855757,176.5233983963749,218.24055611163607,0.11825848187430923,0.0,0.230632323355957,0.6991699267513123,0.12282970201345533
