target_id,prot_ps,prot_acf,prot_cs,e_prot_ps,E_prot_ps,e_prot_acf,E_prot_acf,e_prot_cs,E_prot_cs,sph_ps,sph_acf,sph_cs,h_ps,fa_prob_ps,hacf,gacf,hcs
6807014,12.074284239330698,12.137964765541255,12.197428532321936,1.4961386074972527,1.9825441165410087,-1.0,-1.0,0.7346312759911111,0.7346312759911111,777.6001874704763,793.3041637569621,810.4131777920542,0.0561708928818706,0.0,0.7356597029008596,0.4808331970604448,0.9799085584182671
