target_id,prot_ps,prot_acf,prot_cs,e_prot_ps,E_prot_ps,e_prot_acf,E_prot_acf,e_prot_cs,E_prot_cs,sph_ps,sph_acf,sph_cs,h_ps,fa_prob_ps,hacf,gacf,hcs
6843172,53.29250436514231,25.317007193807513,75.3015619844566,11.111683279041586,18.924368021714038,-1.0,-1.0,3.2164219079529297,3.2164219079529297,136.96394597704153,136.16186719969022,140.65863619878303,0.12931270070344136,0.0,5.607022426712405e-05,-0.528777752672955,0.10591696571466935
