target_id,prot_ps,prot_acf,prot_cs,e_prot_ps,E_prot_ps,e_prot_acf,E_prot_acf,e_prot_cs,E_prot_cs,sph_ps,sph_acf,sph_cs,h_ps,fa_prob_ps,hacf,gacf,hcs
6837702,5.9957073131871885,5.843954348005354,6.008658418649673,0.45098445384094354,0.5299037771159139,-1.0,-1.0,0.29237528581206623,0.29237528581206623,4930.387241771536,4894.155334165597,4926.431050153161,0.3113972892262187,0.0,0.7818631127999165,0.7141237375994955,0.9728415609340207
