target_id,prot_ps,prot_acf,prot_cs,e_prot_ps,E_prot_ps,e_prot_acf,E_prot_acf,e_prot_cs,E_prot_cs,sph_ps,sph_acf,sph_cs,h_ps,fa_prob_ps,hacf,gacf,hcs
6852178,73.04931592209675,32.469121464993805,47.59127252313308,23.702938276413633,68.79324738640285,-1.0,-1.0,6.232352379918891,6.232352379918891,647.3913827294784,635.0142095620715,645.6356379701647,0.11505791864826119,0.0,2.6154719859505793e-05,-0.4924355092107218,0.18317893161724885
