target_id,prot_ps,prot_acf,prot_cs,e_prot_ps,E_prot_ps,e_prot_acf,E_prot_acf,e_prot_cs,E_prot_cs,sph_ps,sph_acf,sph_cs,h_ps,fa_prob_ps,hacf,gacf,hcs
6871887,14.323409690493138,13.588412476237863,14.31384142423558,1.3309189175291287,1.6382679633627575,-1.0,-1.0,0.10420752945437985,0.10420752945437985,1978.9783872416592,1916.3288144841035,1979.3397094227905,0.1752342859482474,0.0,0.6559002498176192,0.43032746643382863,0.9516590593193136
