target_id,prot_ps,prot_acf,prot_cs,e_prot_ps,E_prot_ps,e_prot_acf,E_prot_acf,e_prot_cs,E_prot_cs,sph_ps,sph_acf,sph_cs,h_ps,fa_prob_ps,hacf,gacf,hcs
6888521,54.11000132984515,49.653988745994866,53.56745867382743,7.395020823594045,10.215051087302086,-1.0,-1.0,7.314493269791715,7.314493269791715,2230.7417534540837,2146.6591757919646,2144.0614378172663,0.17837421352924826,0.0,1.0746887364642184,0.5563049561007419,0.8144667911464291
