target_id,prot_ps,prot_acf,prot_cs,e_prot_ps,E_prot_ps,e_prot_acf,E_prot_acf,e_prot_cs,E_prot_cs,sph_ps,sph_acf,sph_cs,h_ps,fa_prob_ps,hacf,gacf,hcs
6864510,73.04938003228683,14.916601129807532,43.336062567626456,2.2711598988972526,2.4201431408691008,-1.0,-1.0,2.6302468731235233,2.6302468731235233,1128.3575015771617,1095.6964912179951,1121.3004176853735,0.050622187644844586,0.0,0.00025507354022877293,-0.3708273583175665,0.19196536031108016
