target_id,prot_ps,prot_acf,prot_cs,e_prot_ps,E_prot_ps,e_prot_acf,E_prot_acf,e_prot_cs,E_prot_cs,sph_ps,sph_acf,sph_cs,h_ps,fa_prob_ps,hacf,gacf,hcs
6945291,98.60678585582816,35.14481816440821,46.95959342827834,8.685409403141392,10.565213176530492,-1.0,-1.0,9.098691086997269,9.098691086997269,1216.97364061729,1282.6485434275794,1216.97364061729,0.39262583781032584,0.0,2.760659493189488e-05,-0.5498126535341114,0.13948679061450778
