target_id,prot_ps,prot_acf,prot_cs,e_prot_ps,E_prot_ps,e_prot_acf,E_prot_acf,e_prot_cs,E_prot_cs,sph_ps,sph_acf,sph_cs,h_ps,fa_prob_ps,hacf,gacf,hcs
6944978,4.565586143868557,4.658883534371853,4.622920222878455,0.16522995875758184,0.1779837022965971,-1.0,-1.0,0.10632236780441408,0.10632236780441408,1449.6721182858269,1465.7419915345818,1455.175348188707,0.10776903498818376,0.0,1.204205728060579,0.8333798693597967,0.9125248084128887
