target_id,prot_ps,prot_acf,prot_cs,e_prot_ps,E_prot_ps,e_prot_acf,E_prot_acf,e_prot_cs,E_prot_cs,sph_ps,sph_acf,sph_cs,h_ps,fa_prob_ps,hacf,gacf,hcs
6937828,73.04934613497747,17.98164837062359,46.771453068457134,0.7620681426639635,0.7782922453772727,-1.0,-1.0,1.6927538800226272,1.6927538800226272,839.6506408991921,828.4910551915505,843.7803402869354,0.07917990015250473,0.0,0.000204061364896313,-0.37051574259640097,0.2463891602399115
