target_id,prot_ps,prot_acf,prot_cs,e_prot_ps,E_prot_ps,e_prot_acf,E_prot_acf,e_prot_cs,E_prot_cs,sph_ps,sph_acf,sph_cs,h_ps,fa_prob_ps,hacf,gacf,hcs
6922404,14.18436304248935,14.099467755295336,14.189460595559305,0.4513485533705186,0.48173981637681607,-1.0,-1.0,0.09986783614834896,0.09986783614834896,3662.8963090041348,3656.829033868113,3666.5097895752856,0.19690066917794677,0.0,0.9123089779879208,0.5505583424686262,0.9761768484345441
