target_id,prot_ps,prot_acf,prot_cs,e_prot_ps,E_prot_ps,e_prot_acf,E_prot_acf,e_prot_cs,E_prot_cs,sph_ps,sph_acf,sph_cs,h_ps,fa_prob_ps,hacf,gacf,hcs
6955481,21.173733831184645,19.268979706801474,20.95762072797865,5.1642369623657025,10.179336405107215,-1.0,-1.0,0.8285052992535586,0.8285052992535586,1132.3866586274569,1118.1809169148532,1133.5689268356577,0.05758588207331638,0.0,0.3061456607378029,0.12031276639220599,0.48264991038313193
