target_id,prot_ps,prot_acf,prot_cs,e_prot_ps,E_prot_ps,e_prot_acf,E_prot_acf,e_prot_cs,E_prot_cs,sph_ps,sph_acf,sph_cs,h_ps,fa_prob_ps,hacf,gacf,hcs
6938264,28.095573265562304,27.830703447572887,28.184512893282562,3.4002710022227767,4.471862520835408,-1.0,-1.0,1.2961657335087675,1.2961657335087675,2598.1723342635746,2498.656495213485,2585.378780340747,0.1151616676873179,0.0,0.9438247527232229,0.5322103500314147,0.995993738193375
