target_id,prot_ps,prot_acf,prot_cs,e_prot_ps,E_prot_ps,e_prot_acf,E_prot_acf,e_prot_cs,E_prot_cs,sph_ps,sph_acf,sph_cs,h_ps,fa_prob_ps,hacf,gacf,hcs
6962977,74.87870599302305,20.740180157590657,117.65080802649648,0.9261250113890327,0.9494853889790988,-1.0,-1.0,5.359258081404684,5.359258081404684,837.048664023252,810.1013887533936,838.3093943664552,0.030873755119172692,0.0,0.0003753168163450893,-0.3181009087156274,0.17273721051416577
