target_id,prot_ps,prot_acf,prot_cs,e_prot_ps,E_prot_ps,e_prot_acf,E_prot_acf,e_prot_cs,E_prot_cs,sph_ps,sph_acf,sph_cs,h_ps,fa_prob_ps,hacf,gacf,hcs
6947848,18.87122695154723,17.77737506199628,18.67176093149465,3.432915133041771,5.400005615197802,-1.0,-1.0,1.3558417150984683,1.3558417150984683,388.06536985235533,385.53466853075076,386.92966962744674,0.036827490298656375,0.0,0.40222208097924617,0.21402849466362778,0.739960737619034
