target_id,prot_ps,prot_acf,prot_cs,e_prot_ps,E_prot_ps,e_prot_acf,E_prot_acf,e_prot_cs,E_prot_cs,sph_ps,sph_acf,sph_cs,h_ps,fa_prob_ps,hacf,gacf,hcs
6951011,73.0494025180362,27.830709155648947,28.64991828615074,1.6893780268320455,1.770447708435313,-1.0,-1.0,0.3752498360743258,0.3752498360743258,762.8589191409425,743.6539704323154,752.4313315228704,0.09746451159925014,0.0,0.00029219334932617524,-0.5178094100776638,0.13650427797525433
