target_id,prot_ps,prot_acf,prot_cs,e_prot_ps,E_prot_ps,e_prot_acf,E_prot_acf,e_prot_cs,E_prot_cs,sph_ps,sph_acf,sph_cs,h_ps,fa_prob_ps,hacf,gacf,hcs
6953213,27.772757482034226,27.42212000116706,27.809446189435697,3.240084254013201,4.213345892503742,-1.0,-1.0,0.6727716329932171,0.6727716329932171,1414.6596529688052,1413.424883543066,1413.9640068718504,0.1741450048833304,0.0,0.9442521525061452,0.5265955521090288,0.9897642869271034
