target_id,prot_ps,prot_acf,prot_cs,e_prot_ps,E_prot_ps,e_prot_acf,E_prot_acf,e_prot_cs,E_prot_cs,sph_ps,sph_acf,sph_cs,h_ps,fa_prob_ps,hacf,gacf,hcs
6974205,21.173746465479645,21.251025423407555,21.224516792165673,2.2601770312724554,2.8658945691610214,-1.0,-1.0,1.1297019997934974,1.1297019997934974,3419.150133526679,3425.3983543085674,3423.545091783525,0.14129055812281865,0.0,0.9946950106458676,0.583339730330678,0.9903538548423966
