target_id,prot_ps,prot_acf,prot_cs,e_prot_ps,E_prot_ps,e_prot_acf,E_prot_acf,e_prot_cs,E_prot_cs,sph_ps,sph_acf,sph_cs,h_ps,fa_prob_ps,hacf,gacf,hcs
7049645,36.79930876776796,18.942050856538117,28.017683961102744,10.319235288334976,23.201292486548148,-1.0,-1.0,4.987126766719869,4.987126766719869,238.1119327469251,241.94329234236443,244.6821398795665,0.03476690107384212,0.0,0.0003575016970741307,-0.41605865094482974,0.17033338149492389
