target_id,prot_ps,prot_acf,prot_cs,e_prot_ps,E_prot_ps,e_prot_acf,E_prot_acf,e_prot_cs,E_prot_cs,sph_ps,sph_acf,sph_cs,h_ps,fa_prob_ps,hacf,gacf,hcs
7038372,17.602267696058163,17.491255324333906,17.618433119435124,0.3581458523293932,0.3733626469969522,-1.0,-1.0,0.16915204030535658,0.16915204030535658,3203.0103782947012,3204.640678179328,3203.0722097775115,0.33984803290851456,0.0,1.027867472904879,0.5818429109469265,0.9589127255583583
