target_id,prot_ps,prot_acf,prot_cs,e_prot_ps,E_prot_ps,e_prot_acf,E_prot_acf,e_prot_cs,E_prot_cs,sph_ps,sph_acf,sph_cs,h_ps,fa_prob_ps,hacf,gacf,hcs
7045031,61.8562710842839,1.144284836947918,88.03800596952439,19.20249670694828,50.91553438797992,-1.0,-1.0,6.254031539985265,6.254031539985265,711.0224640969484,641.454199506729,708.8224392258007,0.015642456964452253,1.3322955771511122e-233,0.0090663090770981,0.78325930025819,0.12480673970787015
