target_id,prot_ps,prot_acf,prot_cs,e_prot_ps,E_prot_ps,e_prot_acf,E_prot_acf,e_prot_cs,E_prot_cs,sph_ps,sph_acf,sph_cs,h_ps,fa_prob_ps,hacf,gacf,hcs
7018659,94.8463412099214,33.69512244919315,37.06013928662986,1.4422184862866487,1.4874911809226177,-1.0,-1.0,7.890404208998139,7.890404208998139,300.10165299099623,288.41152987772256,290.79376073588287,0.09318762219815895,0.0,0.00046154352041843927,-0.3496920098499341,0.15348416449544922
