target_id,prot_ps,prot_acf,prot_cs,e_prot_ps,E_prot_ps,e_prot_acf,E_prot_acf,e_prot_cs,E_prot_cs,sph_ps,sph_acf,sph_cs,h_ps,fa_prob_ps,hacf,gacf,hcs
7024901,9.435638852058014,9.15435129404068,9.414300426164509,0.5718802365862654,0.6516628191944243,-1.0,-1.0,0.07123385210076319,0.07123385210076319,4936.429804165078,4916.798457877431,4941.679494120678,0.1667299239936822,0.0,1.0427234243101893,0.6076674979570164,0.9317762553503377
