target_id,prot_ps,prot_acf,prot_cs,e_prot_ps,E_prot_ps,e_prot_acf,E_prot_acf,e_prot_cs,E_prot_cs,sph_ps,sph_acf,sph_cs,h_ps,fa_prob_ps,hacf,gacf,hcs
7036871,54.11061598933273,26.870297975838184,28.934509003609417,1.1054874629041223,1.1530735189354786,-1.0,-1.0,2.638504507672682,2.638504507672682,495.140415774962,482.2239339625846,486.3457355827853,0.08738052360544171,0.0,0.0008377431322040274,-0.416120709464236,0.16321093220182964
