target_id,prot_ps,prot_acf,prot_cs,e_prot_ps,E_prot_ps,e_prot_acf,E_prot_acf,e_prot_cs,E_prot_cs,sph_ps,sph_acf,sph_cs,h_ps,fa_prob_ps,hacf,gacf,hcs
7026358,18.973768854137123,18.615234914701432,18.951338830956356,0.8325784912768803,0.9134886390843597,-1.0,-1.0,0.20363107788554757,0.20363107788554757,2620.9687444941032,2563.3494610223834,2526.929843926963,0.33083906375146377,0.0,1.0701521773761176,0.5185014263690038,0.9599188241772622
