target_id,prot_ps,prot_acf,prot_cs,e_prot_ps,E_prot_ps,e_prot_acf,E_prot_acf,e_prot_cs,E_prot_cs,sph_ps,sph_acf,sph_cs,h_ps,fa_prob_ps,hacf,gacf,hcs
7014525,25.051062069924214,25.153481365647167,25.30182764892466,1.3609580079237027,1.5265647971697476,-1.0,-1.0,1.0329526003960057,1.0329526003960057,2250.4181202082054,2250.5130934529184,2238.1094932118363,0.20213462611182892,0.0,0.9640791442294281,0.5457862214607809,0.9991217313733205
