target_id,prot_ps,prot_acf,prot_cs,e_prot_ps,E_prot_ps,e_prot_acf,E_prot_acf,e_prot_cs,E_prot_cs,sph_ps,sph_acf,sph_cs,h_ps,fa_prob_ps,hacf,gacf,hcs
7041486,73.04942031330258,30.180592357181013,28.934544610437,23.97508104199386,71.13659976147852,-1.0,-1.0,2.141477547237444,2.141477547237444,738.1297243191058,701.0241760339389,713.4042538990584,0.14714034176996868,0.0,0.0005689235351920008,-0.5882630004988838,0.07775533331947361
