target_id,prot_ps,prot_acf,prot_cs,e_prot_ps,E_prot_ps,e_prot_acf,E_prot_acf,e_prot_cs,E_prot_cs,sph_ps,sph_acf,sph_cs,h_ps,fa_prob_ps,hacf,gacf,hcs
7091660,54.11007758085976,28.055564968381077,122.98247834162319,12.455021307809737,22.88495605320003,-1.0,-1.0,5.594040368875265,5.594040368875265,478.158975043926,460.9164072102658,479.53338688695703,0.07470993118437458,0.0,0.0001496852170453089,-0.4970728015113679,0.31971572099334
