target_id,prot_ps,prot_acf,prot_cs,e_prot_ps,E_prot_ps,e_prot_acf,E_prot_acf,e_prot_cs,E_prot_cs,sph_ps,sph_acf,sph_cs,h_ps,fa_prob_ps,hacf,gacf,hcs
7020085,91.31161596522598,32.95952008012682,125.28319630284675,1.524416886473773,1.5769124832300747,-1.0,-1.0,5.0079351193510195,5.0079351193510195,851.683999343957,801.6155381314126,791.3494924414115,0.10333279707977067,0.0,0.0013472247844231733,-0.517791922613721,0.15755519426403924
