target_id,prot_ps,prot_acf,prot_cs,e_prot_ps,E_prot_ps,e_prot_acf,E_prot_acf,e_prot_cs,E_prot_cs,sph_ps,sph_acf,sph_cs,h_ps,fa_prob_ps,hacf,gacf,hcs
7121057,15.378832493323163,15.304857477080077,15.365893728961879,0.5848604184105177,0.6330370815721533,-1.0,-1.0,0.4276241674403985,0.4276241674403985,5525.356228574735,5538.260075194298,5524.360988654944,0.19025217176564937,0.0,1.2172620923241246,0.6221413787853017,0.9702330916127893
