target_id,prot_ps,prot_acf,prot_cs,e_prot_ps,E_prot_ps,e_prot_acf,E_prot_acf,e_prot_cs,E_prot_cs,sph_ps,sph_acf,sph_cs,h_ps,fa_prob_ps,hacf,gacf,hcs
7174562,73.04939527067623,27.81027227966115,37.82953077112789,2.062788608162208,2.1858870662766634,-1.0,-1.0,3.973970230964729,3.973970230964729,415.19589117660433,409.5901508456636,417.26093094700093,0.10124275414435349,0.0,0.00020152434771533723,-0.4835915374614118,0.1799030904473782
