target_id,prot_ps,prot_acf,prot_cs,e_prot_ps,E_prot_ps,e_prot_acf,E_prot_acf,e_prot_cs,E_prot_cs,sph_ps,sph_acf,sph_cs,h_ps,fa_prob_ps,hacf,gacf,hcs
7122183,72.93544782683757,19.452933106571436,28.813004960374965,2.8592525815454763,3.0998672828186358,-1.0,-1.0,0.5989626299498733,0.5989626299498733,802.2668363982712,786.294163685451,789.9704893404532,0.059605408861415785,0.0,0.040589415821970704,-0.26909392979007274,0.25912987498104223
