target_id,prot_ps,prot_acf,prot_cs,e_prot_ps,E_prot_ps,e_prot_acf,E_prot_acf,e_prot_cs,E_prot_cs,sph_ps,sph_acf,sph_cs,h_ps,fa_prob_ps,hacf,gacf,hcs
7190966,97.76659543577759,35.348763428628445,45.625771403505446,9.056114322721854,11.090609325047168,-1.0,-1.0,13.001118063870367,13.001118063870367,786.3006186725125,786.3006186725125,786.3006186725125,0.6307979625674036,0.0,0.0003607788456927996,-0.4071516163966643,0.2106589841200239
