target_id,prot_ps,prot_acf,prot_cs,e_prot_ps,E_prot_ps,e_prot_acf,E_prot_acf,e_prot_cs,E_prot_cs,sph_ps,sph_acf,sph_cs,h_ps,fa_prob_ps,hacf,gacf,hcs
7106387,54.516804189243466,3.821108725387603,4.632532401778736,9.343749005112578,14.165778361684552,-1.0,-1.0,0.1881154015782242,0.1881154015782242,211.19009218413467,180.96050300607723,184.73892730097117,0.04119081965633008,0.0,0.2504994408310487,0.5104530246422866,0.12237757210789
