target_id,prot_ps,prot_acf,prot_cs,e_prot_ps,E_prot_ps,e_prot_acf,E_prot_acf,e_prot_cs,E_prot_cs,sph_ps,sph_acf,sph_cs,h_ps,fa_prob_ps,hacf,gacf,hcs
7102500,7.560368828772086,7.233548820018768,7.511662224079398,0.1436781478159359,0.14941074467365478,-1.0,-1.0,0.12517595011632912,0.12517595011632912,2911.980945234716,2857.845117078186,2916.9797398400005,0.11892337415379207,0.0,0.651278169357485,0.5589523687065101,0.9769335504896942
