target_id,prot_ps,prot_acf,prot_cs,e_prot_ps,E_prot_ps,e_prot_acf,E_prot_acf,e_prot_cs,E_prot_cs,sph_ps,sph_acf,sph_cs,h_ps,fa_prob_ps,hacf,gacf,hcs
7109448,91.31079967833936,29.608495658263564,28.660648672024347,3.1405684425702276,3.3750552259898257,-1.0,-1.0,0.3776797001304916,0.3776797001304916,629.5541176828509,608.63637989534,608.4688581388858,0.11627258866175474,0.0,0.0003254188131818214,-0.3653820570352568,0.1640529059094568
