target_id,prot_ps,prot_acf,prot_cs,e_prot_ps,E_prot_ps,e_prot_acf,E_prot_acf,e_prot_cs,E_prot_cs,sph_ps,sph_acf,sph_cs,h_ps,fa_prob_ps,hacf,gacf,hcs
7173935,59.97672587796045,31.446406794246286,81.89103653248841,9.121463931537,13.16426727027067,-1.0,-1.0,7.1197619720558025,7.1197619720558025,3043.4483800345192,3186.3250265005317,3043.4483800345192,0.30772680514885586,0.0,6.564331332956086e-05,-0.29750140014783644,0.3267889487826527
