target_id,prot_ps,prot_acf,prot_cs,e_prot_ps,E_prot_ps,e_prot_acf,E_prot_acf,e_prot_cs,E_prot_cs,sph_ps,sph_acf,sph_cs,h_ps,fa_prob_ps,hacf,gacf,hcs
7174635,54.1107966693904,26.768173463642597,28.6532865312896,9.253857985379135,13.99160107196127,-1.0,-1.0,0.3896139176735222,0.3896139176735222,536.692434653297,524.3522629530734,524.8688427607898,0.11654158873439106,0.0,0.0007116332359427546,-0.578580227108921,0.14417543981596542
