target_id,prot_ps,prot_acf,prot_cs,e_prot_ps,E_prot_ps,e_prot_acf,E_prot_acf,e_prot_cs,E_prot_cs,sph_ps,sph_acf,sph_cs,h_ps,fa_prob_ps,hacf,gacf,hcs
7295611,73.59784112290716,5.455810007639229,67.50005686365209,5.765534415649512,6.8494087940785136,-1.0,-1.0,11.78852142896666,11.78852142896666,228.56837397346322,190.0887141338207,226.58035486948302,0.08209414274480867,0.0,4.383081312997472e-05,0.544762107054696,0.28168175251615585
