target_id,prot_ps,prot_acf,prot_cs,e_prot_ps,E_prot_ps,e_prot_acf,E_prot_acf,e_prot_cs,E_prot_cs,sph_ps,sph_acf,sph_cs,h_ps,fa_prob_ps,hacf,gacf,hcs
7282182,5.411062564043725,5.455795460846275,5.419548827684393,0.18897912114055426,0.20301795063011419,-1.0,-1.0,0.022816165738299005,0.022816165738299005,7208.4940581985,7128.650072624126,7199.013643378204,0.26672884548036196,0.0,1.4355965988142105,0.830413741848013,0.9269148240106597
