target_id,prot_ps,prot_acf,prot_cs,e_prot_ps,E_prot_ps,e_prot_acf,E_prot_acf,e_prot_cs,E_prot_cs,sph_ps,sph_acf,sph_cs,h_ps,fa_prob_ps,hacf,gacf,hcs
7204593,61.85639809224667,30.38491147197783,28.307307611017787,9.856574254961942,14.39978019965983,-1.0,-1.0,3.9092869055063955,3.9092869055063955,318.02256262582523,313.08715722265356,307.0254686065624,0.09195683906430564,0.0,0.00010795539883490246,-0.4068452071092611,0.13344970770341028
