target_id,prot_ps,prot_acf,prot_cs,e_prot_ps,E_prot_ps,e_prot_acf,E_prot_acf,e_prot_cs,E_prot_cs,sph_ps,sph_acf,sph_cs,h_ps,fa_prob_ps,hacf,gacf,hcs
7270857,73.04831882633238,32.20349533483386,47.59128987598232,26.12735698108375,89.53583660430716,-1.0,-1.0,6.754272647516152,6.754272647516152,657.3183500191377,644.1272278519881,653.508041861406,0.08921914033326639,0.0,0.0031447829609360656,-0.4673052850419331,0.21610406375691882
