target_id,prot_ps,prot_acf,prot_cs,e_prot_ps,E_prot_ps,e_prot_acf,E_prot_acf,e_prot_cs,E_prot_cs,sph_ps,sph_acf,sph_cs,h_ps,fa_prob_ps,hacf,gacf,hcs
7272157,121.74897491206153,31.93787556141615,47.59131698978102,5.789179456316077,6.404322726699874,-1.0,-1.0,7.412262831750072,7.412262831750072,677.5675187786105,669.1894553806188,677.9200199439803,0.07160104468039125,0.0,0.0025109830078912654,-0.4773208636490347,0.2472823315773652
