target_id,prot_ps,prot_acf,prot_cs,e_prot_ps,E_prot_ps,e_prot_acf,E_prot_acf,e_prot_cs,E_prot_cs,sph_ps,sph_acf,sph_cs,h_ps,fa_prob_ps,hacf,gacf,hcs
7213390,58.439502653575346,19.595918023958802,30.750674696825442,4.9383526245713085,5.930653371479522,-1.0,-1.0,6.537512410884673,6.537512410884673,242.4534567227551,239.58973878982817,240.1137813120903,0.037828427518115784,0.0,0.006344077998097081,-0.37076276963059784,0.12162626719736805
