target_id,prot_ps,prot_acf,prot_cs,e_prot_ps,E_prot_ps,e_prot_acf,E_prot_acf,e_prot_cs,E_prot_cs,sph_ps,sph_acf,sph_cs,h_ps,fa_prob_ps,hacf,gacf,hcs
7207081,73.04863133533439,27.42212999984622,32.8728402662091,7.987588477602316,10.252054939231698,-1.0,-1.0,5.915322640989739,5.915322640989739,253.4425392070317,250.4450734639985,251.53746173308335,0.13547188480630054,0.0,0.015195410867930859,-0.45957839597128297,0.062070844301034094
