target_id,prot_ps,prot_acf,prot_cs,e_prot_ps,E_prot_ps,e_prot_acf,E_prot_acf,e_prot_cs,E_prot_cs,sph_ps,sph_acf,sph_cs,h_ps,fa_prob_ps,hacf,gacf,hcs
7283710,73.04941647462569,19.92286811582744,46.850252518998104,0.8761769780979307,0.897766049014038,-1.0,-1.0,1.4204875439274143,1.4204875439274143,1593.9140189685315,1536.621501264791,1601.3614547511518,0.09356548522697665,0.0,0.00010849990089153994,-0.3328569590571843,0.2153769926499041
