target_id,prot_ps,prot_acf,prot_cs,e_prot_ps,E_prot_ps,e_prot_acf,E_prot_acf,e_prot_cs,E_prot_cs,sph_ps,sph_acf,sph_cs,h_ps,fa_prob_ps,hacf,gacf,hcs
7287728,73.04935960560572,18.472060330212116,37.744037309967496,1.8991886635043471,2.0022598624919254,-1.0,-1.0,5.321059141056967,5.321059141056967,1017.2573423239844,999.5781918988829,1006.6312791231805,0.13801394252284208,0.0,5.8830660666781e-05,-0.3530192948255784,0.21282223135132433
