target_id,prot_ps,prot_acf,prot_cs,e_prot_ps,E_prot_ps,e_prot_acf,E_prot_acf,e_prot_cs,E_prot_cs,sph_ps,sph_acf,sph_cs,h_ps,fa_prob_ps,hacf,gacf,hcs
7272044,91.31163773800225,34.04251268878579,124.17854831416685,3.4847718402079266,3.7758534120350618,-1.0,-1.0,5.684380688765193,5.684380688765193,1365.7515565443537,1276.3896390956284,1290.9055153325946,0.11788723923250796,0.0,0.0005512442452680344,-0.55655674066415,0.12962177184647428
