target_id,prot_ps,prot_acf,prot_cs,e_prot_ps,E_prot_ps,e_prot_acf,E_prot_acf,e_prot_cs,E_prot_cs,sph_ps,sph_acf,sph_cs,h_ps,fa_prob_ps,hacf,gacf,hcs
7268095,22.543436412740675,21.496108073741198,22.625158600410572,2.8585856619840264,3.8232675216101697,-1.0,-1.0,0.624405568453531,0.624405568453531,1494.9907838361737,1609.0661261257574,1481.025271270727,0.10789195880362476,0.0,0.7986268209781187,0.38509416021583975,0.9312993481810471
