target_id,prot_ps,prot_acf,prot_cs,e_prot_ps,E_prot_ps,e_prot_acf,E_prot_acf,e_prot_cs,E_prot_cs,sph_ps,sph_acf,sph_cs,h_ps,fa_prob_ps,hacf,gacf,hcs
7375780,58.878938413842604,4.822359615936875,55.825964358984486,2.672397629593391,2.942144541233553,-1.0,-1.0,3.7606030942565876,3.7606030942565876,381.56568239401105,344.6132918238546,382.00056114968964,0.04540263368423863,0.0,0.08214363738905504,0.2588233937937372,0.2351500861519722
