target_id,prot_ps,prot_acf,prot_cs,e_prot_ps,E_prot_ps,e_prot_acf,E_prot_acf,e_prot_cs,E_prot_cs,sph_ps,sph_acf,sph_cs,h_ps,fa_prob_ps,hacf,gacf,hcs
7337808,91.31186259007121,28.035030893981457,28.601143140008578,1.3067687071619787,1.3451978185634772,-1.0,-1.0,0.43579827150218664,0.43579827150218664,711.3762806475992,695.2337259934027,700.0774078389953,0.07775246585694803,0.0,0.00015194270567547852,-0.37197243772796823,0.2833372270158753
