target_id,prot_ps,prot_acf,prot_cs,e_prot_ps,E_prot_ps,e_prot_acf,E_prot_acf,e_prot_cs,E_prot_cs,sph_ps,sph_acf,sph_cs,h_ps,fa_prob_ps,hacf,gacf,hcs
7367854,11.975307920755135,11.58590773679316,11.854406551010909,0.8667660391348857,1.0151939552937996,-1.0,-1.0,0.5184580302306844,0.5184580302306844,3369.450786211824,3391.5226543350896,3349.377582096876,0.08011675295042914,0.0,1.0078879079037533,0.5966036697890447,0.9627568898707043
