target_id,prot_ps,prot_acf,prot_cs,e_prot_ps,E_prot_ps,e_prot_acf,E_prot_acf,e_prot_cs,E_prot_cs,sph_ps,sph_acf,sph_cs,h_ps,fa_prob_ps,hacf,gacf,hcs
7336529,91.31165183155349,30.895730026066303,23.42415351546369,2.8092994010914794,2.9915340560751673,-1.0,-1.0,3.3203673084616927,3.3203673084616927,1475.329073280305,1466.080835487352,1456.3776935864428,0.0642615744465636,0.0,0.0013106395079754973,-0.3773491738928184,0.16814789738133054
