target_id,prot_ps,prot_acf,prot_cs,e_prot_ps,E_prot_ps,e_prot_acf,E_prot_acf,e_prot_cs,E_prot_cs,sph_ps,sph_acf,sph_cs,h_ps,fa_prob_ps,hacf,gacf,hcs
7352480,73.04951269884235,33.286500623915344,28.685064024282077,21.161908451420338,51.01457839438531,-1.0,-1.0,0.41870110115608866,0.41870110115608866,343.34402096112586,333.84977085721476,337.50679472985655,0.11079017592531122,0.0,0.0002782009868895208,-0.5500270133318573,0.1719200129282176
