target_id,prot_ps,prot_acf,prot_cs,e_prot_ps,E_prot_ps,e_prot_acf,E_prot_acf,e_prot_cs,E_prot_cs,sph_ps,sph_acf,sph_cs,h_ps,fa_prob_ps,hacf,gacf,hcs
7352950,73.04862400960624,24.43879563547671,28.645261022946265,1.7917714598898158,1.8832332901510398,-1.0,-1.0,0.36194474173990554,0.36194474173990554,286.71001758973546,284.76811517274473,284.96111747198256,0.04733145179577118,0.0,0.0021847054600457605,-0.45963825094901817,0.3986928334377908
