target_id,prot_ps,prot_acf,prot_cs,e_prot_ps,E_prot_ps,e_prot_acf,E_prot_acf,e_prot_cs,E_prot_cs,sph_ps,sph_acf,sph_cs,h_ps,fa_prob_ps,hacf,gacf,hcs
7301275,69.5699535204354,12.914114993065596,7.310876327162332,5.064082515173766,5.934243467059531,-1.0,-1.0,0.03502160308371881,0.03502160308371881,247.3813720136103,236.47583774019233,225.66328155173906,0.05132301267973012,0.0,0.00018471437374718847,0.059406876270388466,2.398332177641618
