target_id,prot_ps,prot_acf,prot_cs,e_prot_ps,E_prot_ps,e_prot_acf,E_prot_acf,e_prot_cs,E_prot_cs,sph_ps,sph_acf,sph_cs,h_ps,fa_prob_ps,hacf,gacf,hcs
7349171,52.57041772133701,3.187657518312335,53.050150302525495,10.59171314485279,17.62124927654834,-1.0,-1.0,0.986475136843828,0.986475136843828,358.5679522921421,320.9960771918673,358.929463976659,0.034325904428086335,0.0,0.11869798095234156,0.3870193456921993,0.14197834471362383
