target_id,prot_ps,prot_acf,prot_cs,e_prot_ps,E_prot_ps,e_prot_acf,E_prot_acf,e_prot_cs,E_prot_cs,sph_ps,sph_acf,sph_cs,h_ps,fa_prob_ps,hacf,gacf,hcs
7376530,81.16506612303994,26.666052262298763,45.477328474833946,13.918591262785284,21.29526441325804,-1.0,-1.0,1.4068328031994934,1.4068328031994934,125.51065040960997,122.86830260976636,123.69705909743661,0.043926332609052536,0.0,0.005502651671989378,-0.4709965742686246,0.18749643507001496
