target_id,prot_ps,prot_acf,prot_cs,e_prot_ps,E_prot_ps,e_prot_acf,E_prot_acf,e_prot_cs,E_prot_cs,sph_ps,sph_acf,sph_cs,h_ps,fa_prob_ps,hacf,gacf,hcs
7499730,54.11067740226481,27.851147305686027,28.696644612664432,8.34560472250292,12.01462668777647,-1.0,-1.0,0.5368848920983107,0.5368848920983107,744.1620209948738,709.8676120990064,713.7604346930875,0.09682961350783144,0.0,0.0009124769884010786,-0.5004214725765527,0.13933637321079814
