target_id,prot_ps,prot_acf,prot_cs,e_prot_ps,E_prot_ps,e_prot_acf,E_prot_acf,e_prot_cs,E_prot_cs,sph_ps,sph_acf,sph_cs,h_ps,fa_prob_ps,hacf,gacf,hcs
7428567,91.31044237637677,28.56626337300986,28.6502952349383,1.2275403929552056,1.2612395060079251,-1.0,-1.0,0.35907740382907066,0.35907740382907066,813.1104120675374,793.8972682826892,793.3390547151812,0.10605755486325288,0.0,0.0033310041255887324,-0.45761524125686986,0.1383543362659614
