target_id,prot_ps,prot_acf,prot_cs,e_prot_ps,E_prot_ps,e_prot_acf,E_prot_acf,e_prot_cs,E_prot_cs,sph_ps,sph_acf,sph_cs,h_ps,fa_prob_ps,hacf,gacf,hcs
7466295,72.93526207883491,16.040483152028173,45.84027818176434,10.487205755206574,14.661268572278502,-1.0,-1.0,1.260170102158617,1.260170102158617,789.3701924187253,764.8612682058838,764.8754996454263,0.0466977439443326,0.0,0.09008843338807013,-0.0012287277648569282,102.45478259598046
