target_id,prot_ps,prot_acf,prot_cs,e_prot_ps,E_prot_ps,e_prot_acf,E_prot_acf,e_prot_cs,E_prot_cs,sph_ps,sph_acf,sph_cs,h_ps,fa_prob_ps,hacf,gacf,hcs
7432608,73.04931018173203,31.54960359632969,42.54231101000682,20.070825909717982,45.103952481316156,-1.0,-1.0,14.852247157587449,14.852247157587449,1138.2817541198592,1127.4515629696107,1119.863260376734,0.1471398150515442,0.0,1.6965739071700403e-05,-0.48978014136313425,0.09135864207971855
