target_id,prot_ps,prot_acf,prot_cs,e_prot_ps,E_prot_ps,e_prot_acf,E_prot_acf,e_prot_cs,E_prot_cs,sph_ps,sph_acf,sph_cs,h_ps,fa_prob_ps,hacf,gacf,hcs
7419577,54.110796666923726,27.912461794912815,31.390485310368238,9.825943624372215,15.342174768685581,-1.0,-1.0,3.5113028020171857,3.5113028020171857,903.3422556532881,796.1503314411387,839.446519904312,0.09956316322490509,0.0,8.163420778506403e-05,-0.5961842578636682,0.1762340769682101
