target_id,prot_ps,prot_acf,prot_cs,e_prot_ps,E_prot_ps,e_prot_acf,E_prot_acf,e_prot_cs,E_prot_cs,sph_ps,sph_acf,sph_cs,h_ps,fa_prob_ps,hacf,gacf,hcs
7423752,54.1106256959212,24.867801782209426,21.678231104213292,10.131840968305994,16.10123369889491,-1.0,-1.0,0.4675946084887857,0.4675946084887857,929.325349577956,892.7394652363517,887.7057230473491,0.0680280688935111,0.0,6.644045412568245e-05,-0.4336167182977256,0.10626033878200986
