target_id,prot_ps,prot_acf,prot_cs,e_prot_ps,E_prot_ps,e_prot_acf,E_prot_acf,e_prot_cs,E_prot_cs,sph_ps,sph_acf,sph_cs,h_ps,fa_prob_ps,hacf,gacf,hcs
7455026,10.664028097739497,10.686859775800258,10.672672539896196,0.5461415707712263,0.607771153621405,-1.0,-1.0,0.0648052958700108,0.0648052958700108,6249.2638230146995,6254.276211412268,6257.716194454702,0.31115629666493966,0.0,1.1004869235489823,0.6637329922676692,0.9776658170147722
