target_id,prot_ps,prot_acf,prot_cs,e_prot_ps,E_prot_ps,e_prot_acf,E_prot_acf,e_prot_cs,E_prot_cs,sph_ps,sph_acf,sph_cs,h_ps,fa_prob_ps,hacf,gacf,hcs
7594324,63.5212146257911,3.0651363311335444,2.8988000667918343,13.508286485205076,23.68083829371283,-1.0,-1.0,0.17864072528215114,0.17864072528215114,271.94548478534125,168.32117182704798,166.40389847692344,0.032732226994689424,0.0,0.17302621389091433,0.5340399808197859,0.09485385475264274
