target_id,prot_ps,prot_acf,prot_cs,e_prot_ps,E_prot_ps,e_prot_acf,E_prot_acf,e_prot_cs,E_prot_cs,sph_ps,sph_acf,sph_cs,h_ps,fa_prob_ps,hacf,gacf,hcs
7529755,46.76843006877555,9.419935996644199,52.53267124768531,4.250294236577432,5.194625530870695,-1.0,-1.0,3.929056244890516,3.929056244890516,296.71234475135236,290.0603280835444,296.71234475135236,0.13262414237616332,7.275955845557485e-138,0.02697623598823262,0.009943017153771513,23.413267637651064
