target_id,prot_ps,prot_acf,prot_cs,e_prot_ps,E_prot_ps,e_prot_acf,E_prot_acf,e_prot_cs,E_prot_cs,sph_ps,sph_acf,sph_cs,h_ps,fa_prob_ps,hacf,gacf,hcs
7532553,73.04934459817649,28.096324938815087,28.93451493808068,2.216504031075175,2.358274073019899,-1.0,-1.0,3.333887670421869,3.333887670421869,666.0455267305979,657.8397710536008,654.9344396659457,0.11149960564346566,0.0,0.00031911967141273756,-0.4659396685597839,0.1303059848669618
