target_id,prot_ps,prot_acf,prot_cs,e_prot_ps,E_prot_ps,e_prot_acf,E_prot_acf,e_prot_cs,E_prot_cs,sph_ps,sph_acf,sph_cs,h_ps,fa_prob_ps,hacf,gacf,hcs
7548531,38.447093911436156,19.779815010726452,38.919218813820756,0.4629544195897637,0.4742616945989937,-1.0,-1.0,0.957079351404862,0.957079351404862,1575.1547584770553,1551.777502599713,1589.6934494510974,0.0751704848163431,0.0,0.3281878983527893,0.08187295405211216,1.0464763187960526
