target_id,prot_ps,prot_acf,prot_cs,e_prot_ps,E_prot_ps,e_prot_acf,E_prot_acf,e_prot_cs,E_prot_cs,sph_ps,sph_acf,sph_cs,h_ps,fa_prob_ps,hacf,gacf,hcs
7511147,34.78534446938874,19.309805303346366,51.77202912918907,0.3391145021688615,0.34591485315248605,-1.0,-1.0,3.1298779860813974,3.1298779860813974,1328.5672750571828,1360.213627596238,1425.7848891840003,0.20367403446623275,0.0,3.456603495666233e-05,-0.46793078101635033,0.1197388888565423
