target_id,prot_ps,prot_acf,prot_cs,e_prot_ps,E_prot_ps,e_prot_acf,E_prot_acf,e_prot_cs,E_prot_cs,sph_ps,sph_acf,sph_cs,h_ps,fa_prob_ps,hacf,gacf,hcs
7593258,54.110611162148174,16.387815218418837,24.691178170003496,1.1797487599989367,1.2340999156047943,-1.0,-1.0,1.3274363840920351,1.3274363840920351,1125.8853623520436,1101.3569228637762,1118.0919448019492,0.05320067154230616,0.0,0.00029178354949982444,-0.298135304913271,0.28058840232400195
