target_id,prot_ps,prot_acf,prot_cs,e_prot_ps,E_prot_ps,e_prot_acf,E_prot_acf,e_prot_cs,E_prot_cs,sph_ps,sph_acf,sph_cs,h_ps,fa_prob_ps,hacf,gacf,hcs
7599004,119.02490812238159,1.9412343855947256,20.019235027022656,11.02587861469901,13.502960157355531,-1.0,-1.0,3.1942033646762766,3.1942033646762766,485.224600727239,383.3782585870559,484.9475987980902,0.10010176021132072,9.061546979900584e-130,0.11965272984217229,0.7474768075441404,0.3748717889010136
