target_id,prot_ps,prot_acf,prot_cs,e_prot_ps,E_prot_ps,e_prot_acf,E_prot_acf,e_prot_cs,E_prot_cs,sph_ps,sph_acf,sph_cs,h_ps,fa_prob_ps,hacf,gacf,hcs
7591157,89.96498674552603,34.24574672617018,144.1725504148658,7.990983149706722,9.738222609134297,-1.0,-1.0,10.605191874645708,10.605191874645708,1359.583553144553,1380.1548637784213,1359.583553144553,0.3051476196167057,0.0,0.0026139036326963128,-0.2583084190796062,0.36215190825162263
