target_id,prot_ps,prot_acf,prot_cs,e_prot_ps,E_prot_ps,e_prot_acf,E_prot_acf,e_prot_cs,E_prot_cs,sph_ps,sph_acf,sph_cs,h_ps,fa_prob_ps,hacf,gacf,hcs
7532052,67.74638201775778,19.984121429733932,28.17945024550427,4.651350264562993,5.400319066026057,-1.0,-1.0,5.249266898501173,5.249266898501173,862.32171067043,850.8283787671797,855.433394562652,0.029391819496437023,0.0,0.010668171003295715,-0.24135018000618158,0.2626403440769103
