target_id,prot_ps,prot_acf,prot_cs,e_prot_ps,E_prot_ps,e_prot_acf,E_prot_acf,e_prot_cs,E_prot_cs,sph_ps,sph_acf,sph_cs,h_ps,fa_prob_ps,hacf,gacf,hcs
7550902,91.3116198433372,13.159288220107555,53.56729387387634,3.200058251121618,3.4438550930655225,-1.0,-1.0,2.445571099922531,2.445571099922531,400.36653847522393,396.57707849045323,403.2085522506481,0.01793596929786505,3.5359836167439488e-276,0.008838842409329101,-0.040792915126684225,1.6439943400016421
