target_id,prot_ps,prot_acf,prot_cs,e_prot_ps,E_prot_ps,e_prot_acf,E_prot_acf,e_prot_cs,E_prot_cs,sph_ps,sph_acf,sph_cs,h_ps,fa_prob_ps,hacf,gacf,hcs
7511455,52.17807733352492,27.176795224659145,33.22970508691716,10.780840127427176,18.244786476043885,-1.0,-1.0,0.6116354027269807,0.6116354027269807,452.383879628708,449.84852549339143,451.4192088961948,0.08571687942435607,0.0,0.0023299070939891142,-0.5332827294519692,0.10232431722106869
