target_id,prot_ps,prot_acf,prot_cs,e_prot_ps,E_prot_ps,e_prot_acf,E_prot_acf,e_prot_cs,E_prot_cs,sph_ps,sph_acf,sph_cs,h_ps,fa_prob_ps,hacf,gacf,hcs
7598209,15.061734214569594,14.834847397170961,15.072058951716915,0.8627937330159696,0.9756945988776469,-1.0,-1.0,0.181851918008704,0.181851918008704,2680.4395379148054,2740.2271076009506,2683.4063117968267,0.20340442520572735,0.0,1.0386667097615945,0.5418757542857525,0.9835633836409672
