target_id,prot_ps,prot_acf,prot_cs,e_prot_ps,E_prot_ps,e_prot_acf,E_prot_acf,e_prot_cs,E_prot_cs,sph_ps,sph_acf,sph_cs,h_ps,fa_prob_ps,hacf,gacf,hcs
7502259,18.036912128380507,18.226857651025057,18.139772854118267,0.8106783877938248,0.8898697952555032,-1.0,-1.0,0.35706419999270617,0.35706419999270617,7978.959156687586,8084.882540106473,8029.496427335309,0.2984426646333881,0.0,1.1730571150966327,0.6389375109441913,0.9761821444001115
