target_id,prot_ps,prot_acf,prot_cs,e_prot_ps,E_prot_ps,e_prot_acf,E_prot_acf,e_prot_cs,E_prot_cs,sph_ps,sph_acf,sph_cs,h_ps,fa_prob_ps,hacf,gacf,hcs
7691514,9.548834498014658,9.522134228609502,9.637993672979063,0.8109806809521416,0.9749250760999892,-1.0,-1.0,0.3685709301352095,0.3685709301352095,3054.8452805647835,3047.0126455826435,3007.4330684080383,0.08484344868226719,0.0,0.9436431066005311,0.5662470581616049,0.9058972053982756
