target_id,prot_ps,prot_acf,prot_cs,e_prot_ps,E_prot_ps,e_prot_acf,E_prot_acf,e_prot_cs,E_prot_cs,sph_ps,sph_acf,sph_cs,h_ps,fa_prob_ps,hacf,gacf,hcs
7621836,66.90708769074264,20.086393190082163,20.050882086464718,0.7240283197605066,0.7400166711256873,-1.0,-1.0,0.35233794653649947,0.35233794653649947,410.7567750899117,394.4551782633703,395.42923789945326,0.05826528804321135,0.0,0.4106587055102183,0.12492617617945889,0.8265818213212278
