target_id,prot_ps,prot_acf,prot_cs,e_prot_ps,E_prot_ps,e_prot_acf,E_prot_acf,e_prot_cs,E_prot_cs,sph_ps,sph_acf,sph_cs,h_ps,fa_prob_ps,hacf,gacf,hcs
7678396,24.95960783752295,24.3365025264211,24.81919837662602,1.592861770242692,1.8285877858554471,-1.0,-1.0,0.9206030224966069,0.9206030224966069,4716.49726456432,4622.684482476509,4622.047542174692,0.21493201911350213,0.0,1.1649971439275477,0.6329091733368124,0.9647625583730816
