target_id,prot_ps,prot_acf,prot_cs,e_prot_ps,E_prot_ps,e_prot_acf,E_prot_acf,e_prot_cs,E_prot_cs,sph_ps,sph_acf,sph_cs,h_ps,fa_prob_ps,hacf,gacf,hcs
7627739,47.12866400996729,11.647197157144547,90.53715240454434,9.643823646127238,16.21253677821435,-1.0,-1.0,3.5443331711552624,3.5443331711552624,429.06987636207185,417.1287578745362,431.21778640009114,0.040986559499099996,0.0,0.2448288522337137,0.18373660511622492,0.7561489682807934
