target_id,prot_ps,prot_acf,prot_cs,e_prot_ps,E_prot_ps,e_prot_acf,E_prot_acf,e_prot_cs,E_prot_cs,sph_ps,sph_acf,sph_cs,h_ps,fa_prob_ps,hacf,gacf,hcs
7679216,73.04938171867293,28.198506888002157,28.934528785180298,2.236965655520123,2.3821590008504074,-1.0,-1.0,4.529772775230774,4.529772775230774,722.6852239216322,711.7310052664645,704.7584048495596,0.11996851322605469,0.0,0.00017121700586941735,-0.4673685249081431,0.13898389375676543
