target_id,prot_ps,prot_acf,prot_cs,e_prot_ps,E_prot_ps,e_prot_acf,E_prot_acf,e_prot_cs,E_prot_cs,sph_ps,sph_acf,sph_cs,h_ps,fa_prob_ps,hacf,gacf,hcs
7678770,19.742826301615132,19.06466876808554,19.54159199321643,1.4536946508628645,1.7076889750071587,-1.0,-1.0,0.6272490636330018,0.6272490636330018,2173.7106894782296,2184.7400879522966,2175.420306067,0.12905947413428692,0.0,0.8112322866896486,0.43546351559112245,0.9397464754260153
