target_id,prot_ps,prot_acf,prot_cs,e_prot_ps,E_prot_ps,e_prot_acf,E_prot_acf,e_prot_cs,E_prot_cs,sph_ps,sph_acf,sph_cs,h_ps,fa_prob_ps,hacf,gacf,hcs
7668708,91.3115959055997,30.89571101590991,52.23527338228589,15.190791705769016,22.87947306844211,-1.0,-1.0,1.9204587457002962,1.9204587457002962,592.7153111000654,573.9813546245115,579.678597792161,0.08243424693947164,0.0,0.0004249951512286243,-0.4377911330946334,0.15967947560730894
