target_id,prot_ps,prot_acf,prot_cs,e_prot_ps,E_prot_ps,e_prot_acf,E_prot_acf,e_prot_cs,E_prot_cs,sph_ps,sph_acf,sph_cs,h_ps,fa_prob_ps,hacf,gacf,hcs
7603635,73.04931213556814,17.49123140797019,34.009250900968546,2.476384029669944,2.654564603465772,-1.0,-1.0,0.5603127350936608,0.5603127350936608,1219.5615004188264,1159.1777924849553,1186.0963232776435,0.0653933155406745,0.0,9.62900424047175e-05,-0.25619295759027394,0.6434583423217696
