target_id,prot_ps,prot_acf,prot_cs,e_prot_ps,E_prot_ps,e_prot_acf,E_prot_acf,e_prot_cs,E_prot_cs,sph_ps,sph_acf,sph_cs,h_ps,fa_prob_ps,hacf,gacf,hcs
7688068,22.140916133426565,8.0306699979119,45.45665732940194,0.8735780838643343,0.9491333468501288,-1.0,-1.0,3.1616679588820173,3.1616679588820173,533.7445784395496,480.16829459402777,644.2502879403692,0.018761947704585148,7.777285822036731e-245,0.02477748921478653,0.07278965925085887,0.9084436650790326
