target_id,prot_ps,prot_acf,prot_cs,e_prot_ps,E_prot_ps,e_prot_acf,E_prot_acf,e_prot_cs,E_prot_cs,sph_ps,sph_acf,sph_cs,h_ps,fa_prob_ps,hacf,gacf,hcs
7762843,6.551448287542731,6.579666601493955,6.553208278687485,0.3975703704746749,0.4518641066628817,-1.0,-1.0,0.02523400971642684,0.02523400971642684,6368.982996531232,6379.809121378237,6368.982996531232,0.22175499081042233,0.0,1.2076470936751487,0.78789071328832,0.7824856436538359
