target_id,prot_ps,prot_acf,prot_cs,e_prot_ps,E_prot_ps,e_prot_acf,E_prot_acf,e_prot_cs,E_prot_cs,sph_ps,sph_acf,sph_cs,h_ps,fa_prob_ps,hacf,gacf,hcs
7748839,73.04940574972464,19.023782235570252,32.711772437437766,23.18435204741759,64.57976319668789,-1.0,-1.0,0.8310813279542567,0.8310813279542567,561.258074996631,553.2113301454775,555.7062098818002,0.06790504517049278,0.0,0.00035333412468188663,-0.19828121539088525,0.5988235590164367
