target_id,prot_ps,prot_acf,prot_cs,e_prot_ps,E_prot_ps,e_prot_acf,E_prot_acf,e_prot_cs,E_prot_cs,sph_ps,sph_acf,sph_cs,h_ps,fa_prob_ps,hacf,gacf,hcs
7743899,52.69235467990289,27.830629876814783,74.60489905054985,9.615511972546628,15.055249673394755,-1.0,-1.0,3.3928289816195845,3.3928289816195845,972.9424979873163,921.7381366424673,965.2674119949086,0.09651369728694754,0.0,0.0011579072345784813,-0.4737349937905265,0.06593659897506428
