target_id,prot_ps,prot_acf,prot_cs,e_prot_ps,E_prot_ps,e_prot_acf,E_prot_acf,e_prot_cs,E_prot_cs,sph_ps,sph_acf,sph_cs,h_ps,fa_prob_ps,hacf,gacf,hcs
7740202,73.04933894175012,23.21267070621252,42.1634868972879,9.959312591029182,13.744572192456445,-1.0,-1.0,8.332961856175952,8.332961856175952,410.1026556999144,401.06718806933196,406.17774394374453,0.07485115844020092,0.0,0.005304962814773273,-0.24797643898521163,0.23046919900837212
