target_id,prot_ps,prot_acf,prot_cs,e_prot_ps,E_prot_ps,e_prot_acf,E_prot_acf,e_prot_cs,E_prot_cs,sph_ps,sph_acf,sph_cs,h_ps,fa_prob_ps,hacf,gacf,hcs
7730639,54.110795677011254,28.934147145599127,73.66960892444109,10.122098386921714,16.076613360285513,-1.0,-1.0,3.5152325445777723,3.5152325445777723,830.5283926761574,809.1214445016944,827.2857724239004,0.09229229575217862,0.0,0.0009164729314815045,-0.4441272005695056,0.159825487879943
