target_id,prot_ps,prot_acf,prot_cs,e_prot_ps,E_prot_ps,e_prot_acf,E_prot_acf,e_prot_cs,E_prot_cs,sph_ps,sph_acf,sph_cs,h_ps,fa_prob_ps,hacf,gacf,hcs
7742284,23.950632476617923,23.805236294865608,23.840627734138153,2.805723705751209,3.653045016422311,-1.0,-1.0,0.45398756593820583,0.45398756593820583,1573.5575813579997,1572.5666476882325,1572.5689495788436,0.0858220752105654,0.0,0.5093926282060555,0.20880294905496025,0.9944406641222195
