target_id,prot_ps,prot_acf,prot_cs,e_prot_ps,E_prot_ps,e_prot_acf,E_prot_acf,e_prot_cs,E_prot_cs,sph_ps,sph_acf,sph_cs,h_ps,fa_prob_ps,hacf,gacf,hcs
7761021,77.47162203086233,7.315300338901579,12.334565310346452,4.662369845714508,5.307598260700814,-1.0,-1.0,0.19717796507097393,0.19717796507097393,317.44109889479034,289.42801571246554,308.2595143285099,0.06263283811494877,0.0,6.247796608947927e-05,0.012821061200738892,14.69673352092155
