target_id,prot_ps,prot_acf,prot_cs,e_prot_ps,E_prot_ps,e_prot_acf,E_prot_acf,e_prot_cs,E_prot_cs,sph_ps,sph_acf,sph_cs,h_ps,fa_prob_ps,hacf,gacf,hcs
7799847,54.555120482944844,31.569202719256282,46.24305853854865,9.563328967845557,14.647179438236677,-1.0,-1.0,3.9535044927651612,3.9535044927651612,1487.3146547839442,1696.1167381543792,1487.3146547839442,0.26145474857424067,0.0,0.0003027116986734635,-0.593970250001698,0.11816516472559367
