target_id,prot_ps,prot_acf,prot_cs,e_prot_ps,E_prot_ps,e_prot_acf,E_prot_acf,e_prot_cs,E_prot_cs,sph_ps,sph_acf,sph_cs,h_ps,fa_prob_ps,hacf,gacf,hcs
7732991,54.110661954664366,27.42198314424604,124.32804914224565,9.667483553567465,14.979926676265023,-1.0,-1.0,5.4008275804676105,5.4008275804676105,771.848453661055,731.171646848129,782.4682946867432,0.08965335302289504,0.0,0.00021906154708828396,-0.5017499746437781,0.15019107768047316
