target_id,prot_ps,prot_acf,prot_cs,e_prot_ps,E_prot_ps,e_prot_acf,E_prot_acf,e_prot_cs,E_prot_cs,sph_ps,sph_acf,sph_cs,h_ps,fa_prob_ps,hacf,gacf,hcs
7700437,97.76646356492792,0.7355794608592987,69.09297875851391,9.055616887867401,11.08994358208193,-1.0,-1.0,14.17545392567907,14.17545392567907,380.70106617919487,222.95807507766617,380.70106617919487,0.43428492749769815,0.0,0.0011437712565378622,0.9702378345956453,0.10289836410991322
