target_id,prot_ps,prot_acf,prot_cs,e_prot_ps,E_prot_ps,e_prot_acf,E_prot_acf,e_prot_cs,E_prot_cs,sph_ps,sph_acf,sph_cs,h_ps,fa_prob_ps,hacf,gacf,hcs
7733320,91.31169711116439,27.074645331595093,28.649821941484802,1.2741497048063621,1.3105655751276544,-1.0,-1.0,0.37919251717315533,0.37919251717315533,424.6915064775084,400.3874402044021,404.15306938649303,0.0871451858029302,0.0,7.367632828919612e-05,-0.5123261681386719,0.23302180872270037
