target_id,prot_ps,prot_acf,prot_cs,e_prot_ps,E_prot_ps,e_prot_acf,E_prot_acf,e_prot_cs,E_prot_cs,sph_ps,sph_acf,sph_cs,h_ps,fa_prob_ps,hacf,gacf,hcs
7797516,88.81053974102153,5.619178549386561,69.17756094696483,8.226515518510666,10.074637656847202,-1.0,-1.0,1.7277487833905696,1.7277487833905696,3749.668966008545,3476.223242218264,3749.668966008545,0.18490320537402363,2.5348559266896913e-189,0.00021783923921458916,-0.008189899153340757,7.640664713402465
