target_id,prot_ps,prot_acf,prot_cs,e_prot_ps,E_prot_ps,e_prot_acf,E_prot_acf,e_prot_cs,E_prot_cs,sph_ps,sph_acf,sph_cs,h_ps,fa_prob_ps,hacf,gacf,hcs
7832257,18.239702423039486,12.93452897015959,18.24232528994368,0.43874140935223593,0.46114836855038277,-1.0,-1.0,0.1534590679517119,0.1534590679517119,1390.7148844151475,1383.8600942540527,1390.7148844151475,0.030678238850989872,0.0,5.3617962988972145e-05,-0.12868438583865263,1.6410889986417299
