target_id,prot_ps,prot_acf,prot_cs,e_prot_ps,E_prot_ps,e_prot_acf,E_prot_acf,e_prot_cs,E_prot_cs,sph_ps,sph_acf,sph_cs,h_ps,fa_prob_ps,hacf,gacf,hcs
7849605,73.59780290185161,4.086753819137812,73.32719341295304,1.9763699406354505,2.087355102133884,-1.0,-1.0,3.9793909643554657,3.9793909643554657,304.7565420033029,250.47842539708603,304.7866352207643,0.0653005422322273,0.0,0.14158036761221265,0.5097550157634144,0.09217302675521674
