target_id,prot_ps,prot_acf,prot_cs,e_prot_ps,E_prot_ps,e_prot_acf,E_prot_acf,e_prot_cs,E_prot_cs,sph_ps,sph_acf,sph_cs,h_ps,fa_prob_ps,hacf,gacf,hcs
7816680,61.85571038286182,3.821107854600996,57.4770226139808,16.2287409943823,33.77340608151897,-1.0,-1.0,10.732682113034672,10.732682113034672,2470.289137479553,1649.5310338447393,2321.159144716241,0.08365819949798665,0.0,0.07080921539428153,0.6325206684492362,0.4405581261128318
