target_id,prot_ps,prot_acf,prot_cs,e_prot_ps,E_prot_ps,e_prot_acf,E_prot_acf,e_prot_cs,E_prot_cs,sph_ps,sph_acf,sph_cs,h_ps,fa_prob_ps,hacf,gacf,hcs
7826063,1.7882184771326082,1.7981715574860573,73.2699817763817,0.04109007810396337,0.043048657546277624,-1.0,-1.0,0.29244663748343985,0.29244663748343985,6338.444694391368,6338.031569874791,7001.922133856264,0.4533614003946904,0.0,1.614414981790111,0.922861772927598,0.022205009026698353
