target_id,prot_ps,prot_acf,prot_cs,e_prot_ps,E_prot_ps,e_prot_acf,E_prot_acf,e_prot_cs,E_prot_cs,sph_ps,sph_acf,sph_cs,h_ps,fa_prob_ps,hacf,gacf,hcs
7817242,95.37699916977331,4.5158610148355365,4.660155965345734,4.665648882275931,5.177233555833567,-1.0,-1.0,0.04163248678643808,0.04163248678643808,1799.5263106896675,1447.117632919358,1466.996121782166,0.06987146159208925,0.0,0.5347960994143334,0.7407532810902061,0.4612780321564421
