target_id,prot_ps,prot_acf,prot_cs,e_prot_ps,E_prot_ps,e_prot_acf,E_prot_acf,e_prot_cs,E_prot_cs,sph_ps,sph_acf,sph_cs,h_ps,fa_prob_ps,hacf,gacf,hcs
7882153,37.46122829394589,19.493754412047565,20.225281045120205,5.689908613643773,8.137020918718768,-1.0,-1.0,2.24162338814866,2.24162338814866,1516.9652050158086,1487.7808110708809,1465.6424137713464,0.067048871100592,0.0,3.208337518711968e-06,-0.3922694684638738,0.3045677640827848
