target_id,prot_ps,prot_acf,prot_cs,e_prot_ps,E_prot_ps,e_prot_acf,E_prot_acf,e_prot_cs,E_prot_cs,sph_ps,sph_acf,sph_cs,h_ps,fa_prob_ps,hacf,gacf,hcs
7870339,52.86727935283435,10.809392660856247,77.80188079400958,7.292315023859118,10.032265104833229,-1.0,-1.0,7.1440228357865845,7.1440228357865845,2425.42077486286,1392.8397737369917,2247.52427008452,0.12602682025170167,0.0,4.692206482607986e-05,-0.07009783231733054,1.065858973542365
