target_id,prot_ps,prot_acf,prot_cs,e_prot_ps,E_prot_ps,e_prot_acf,E_prot_acf,e_prot_cs,E_prot_cs,sph_ps,sph_acf,sph_cs,h_ps,fa_prob_ps,hacf,gacf,hcs
7879358,73.04933313712839,26.665961716789752,28.656463259774274,2.2575185448497166,2.4046596007795387,-1.0,-1.0,0.36027059414219226,0.36027059414219226,817.8916702425892,804.0950900169465,811.7791729331442,0.0839066813629088,0.0,0.00019225526241353763,-0.4063466021308124,0.31712124355989385
