target_id,prot_ps,prot_acf,prot_cs,e_prot_ps,E_prot_ps,e_prot_acf,E_prot_acf,e_prot_cs,E_prot_cs,sph_ps,sph_acf,sph_cs,h_ps,fa_prob_ps,hacf,gacf,hcs
7888432,73.04841512328811,30.814043743535876,31.23588154756471,2.0301879359550696,2.1484126683794784,-1.0,-1.0,5.095319063803243,5.095319063803243,807.4682521969942,759.2295911455078,791.1850093947974,0.11380469881076453,0.0,0.00167951299566374,-0.4795830021177885,0.07929419485959271
