target_id,prot_ps,prot_acf,prot_cs,e_prot_ps,E_prot_ps,e_prot_acf,E_prot_acf,e_prot_cs,E_prot_cs,sph_ps,sph_acf,sph_cs,h_ps,fa_prob_ps,hacf,gacf,hcs
7825734,61.99518361637451,27.136047214269638,26.643797683101145,7.904647225383805,10.618291528151872,-1.0,-1.0,3.922627824544332,3.922627824544332,1379.8653519825812,1340.4529762543712,1344.3580401250645,0.166450114756112,0.0,0.041775272188583235,-0.25751520596728494,0.24154386122875804
