target_id,prot_ps,prot_acf,prot_cs,e_prot_ps,E_prot_ps,e_prot_acf,E_prot_acf,e_prot_cs,E_prot_cs,sph_ps,sph_acf,sph_cs,h_ps,fa_prob_ps,hacf,gacf,hcs
7801431,0.5683204986440513,0.2043440192937851,0.5727110068180337,0.005639740000517479,0.0057538056616683875,-1.0,-1.0,0.008731766015015279,0.008731766015015279,3210.3439307333583,3143.3963941767406,3211.6460568029183,0.39735962083295634,6.385200708928009e-168,0.5898565232691657,1.3804452548094661,0.3913223621450284
