target_id,prot_ps,prot_acf,prot_cs,e_prot_ps,E_prot_ps,e_prot_acf,E_prot_acf,e_prot_cs,E_prot_cs,sph_ps,sph_acf,sph_cs,h_ps,fa_prob_ps,hacf,gacf,hcs
7956638,73.04958839532844,27.99420177936554,28.631899157580236,1.9238778497525146,2.0297206141070063,-1.0,-1.0,0.3968195869949071,0.3968195869949071,391.79258388105154,379.92342213324133,386.2801046520577,0.09411428871769062,0.0,0.0013764873270941669,-0.5079147535912367,0.17046614991945863
