target_id,prot_ps,prot_acf,prot_cs,e_prot_ps,E_prot_ps,e_prot_acf,E_prot_acf,e_prot_cs,E_prot_cs,sph_ps,sph_acf,sph_cs,h_ps,fa_prob_ps,hacf,gacf,hcs
7901541,23.950674379234528,24.21395126497373,24.413285081384664,2.1631541210766514,2.6342270035593103,-1.0,-1.0,1.5314061106374712,1.5314061106374712,2209.5955666207683,2201.6107653806757,2183.3335079371423,0.07409204157691576,0.0,0.8765386005637167,0.475860127464469,0.9988111394373038
