target_id,prot_ps,prot_acf,prot_cs,e_prot_ps,E_prot_ps,e_prot_acf,E_prot_acf,e_prot_cs,E_prot_cs,sph_ps,sph_acf,sph_cs,h_ps,fa_prob_ps,hacf,gacf,hcs
7900727,16.60214142239625,16.857812635134906,16.778734168591907,1.9299257822286933,2.5069384720951184,-1.0,-1.0,0.8987728068402949,0.8987728068402949,1664.951203059279,1701.407130561626,1704.0797053396186,0.05308592084841185,0.0,0.4342341830865407,0.20023520443759377,0.9592531702614542
