target_id,prot_ps,prot_acf,prot_cs,e_prot_ps,E_prot_ps,e_prot_acf,E_prot_acf,e_prot_cs,E_prot_cs,sph_ps,sph_acf,sph_cs,h_ps,fa_prob_ps,hacf,gacf,hcs
7917035,6.7637452220103915,13.52712616417557,13.414740674896164,0.21386799739645923,0.22833169489483307,-1.0,-1.0,0.5849802500491555,0.5849802500491555,5337.398004123273,5535.937904866693,5524.912785733278,0.0763465507841825,0.0,0.8845414221612367,0.5530298434370117,0.8299015067700303
