target_id,prot_ps,prot_acf,prot_cs,e_prot_ps,E_prot_ps,e_prot_acf,E_prot_acf,e_prot_cs,E_prot_cs,sph_ps,sph_acf,sph_cs,h_ps,fa_prob_ps,hacf,gacf,hcs
7908709,59.512008409871974,0.8377880649641156,68.73989771464841,5.4103546161623015,6.6126779289601245,-1.0,-1.0,9.27337119391211,9.27337119391211,313.4554026981211,249.40480255560422,313.4554026981211,0.15179612679565474,1.7438899240870737e-204,0.03775566356939564,0.9194652583388008,0.177716592221096
