target_id,prot_ps,prot_acf,prot_cs,e_prot_ps,E_prot_ps,e_prot_acf,E_prot_acf,e_prot_cs,E_prot_cs,sph_ps,sph_acf,sph_cs,h_ps,fa_prob_ps,hacf,gacf,hcs
7987666,73.59779106145231,30.24197343736887,46.06942127804662,1.8686618155669805,1.9675769745526566,-1.0,-1.0,1.115164389949605,1.115164389949605,356.5964595211251,349.3857816909514,355.5889992356533,0.17232043952571507,0.0,0.0028830440788604472,-0.47825837553389405,0.2154481675132465
