target_id,prot_ps,prot_acf,prot_cs,e_prot_ps,E_prot_ps,e_prot_acf,E_prot_acf,e_prot_cs,E_prot_cs,sph_ps,sph_acf,sph_cs,h_ps,fa_prob_ps,hacf,gacf,hcs
7967689,56.359149624931284,19.146439461037517,29.822060908656564,1.4617286716009943,1.5425435134413235,-1.0,-1.0,4.760749466399128,4.760749466399128,1018.8801277814555,998.3982682025174,1023.1633673015185,0.04326236814111274,0.0,0.0007160657539027893,-0.2706881026485546,0.33269922210490444
