target_id,prot_ps,prot_acf,prot_cs,e_prot_ps,E_prot_ps,e_prot_acf,E_prot_acf,e_prot_cs,E_prot_cs,sph_ps,sph_acf,sph_cs,h_ps,fa_prob_ps,hacf,gacf,hcs
7909717,45.893397770250154,3.4124234970659018,3.454005822278977,6.267559399494772,8.590454356401914,-1.0,-1.0,0.015588667327125568,0.015588667327125568,973.8613652548062,912.3725511391576,908.8195556730685,0.032883010456459166,0.0,0.3741829202954393,0.5972450340905786,0.2722080858146826
