target_id,prot_ps,prot_acf,prot_cs,e_prot_ps,E_prot_ps,e_prot_acf,E_prot_acf,e_prot_cs,E_prot_cs,sph_ps,sph_acf,sph_cs,h_ps,fa_prob_ps,hacf,gacf,hcs
7984859,91.31181785021064,1.7573000574484468,91.34965447184655,1.2976162943286766,1.3356550590890208,-1.0,-1.0,3.7216662509103595,3.7216662509103595,659.6460565735625,470.41919273313704,659.5613904099627,0.09672640785352123,0.0,0.09386622971842479,0.8690952993286983,0.31035308555762064
