target_id,prot_ps,prot_acf,prot_cs,e_prot_ps,E_prot_ps,e_prot_acf,E_prot_acf,e_prot_cs,E_prot_cs,sph_ps,sph_acf,sph_cs,h_ps,fa_prob_ps,hacf,gacf,hcs
7956926,73.04938496433128,33.96081201732159,28.647086437662136,21.26934572406938,51.64356954396571,-1.0,-1.0,0.39982645041074627,0.39982645041074627,1031.4486513423858,961.7456208580938,985.2724047317797,0.19734108162874825,0.0,0.00012468330260861915,-0.5928548900261266,0.07047111187737463
