target_id,prot_ps,prot_acf,prot_cs,e_prot_ps,E_prot_ps,e_prot_acf,E_prot_acf,e_prot_cs,E_prot_cs,sph_ps,sph_acf,sph_cs,h_ps,fa_prob_ps,hacf,gacf,hcs
7958449,73.04912914488679,35.24899872718379,28.935238943574948,2.4295255667240383,2.6017363822207216,-1.0,-1.0,4.439964247795884,4.439964247795884,1168.6475922976579,1121.424265428377,1120.6152466476053,0.1191719834097059,0.0,0.0003480199920607163,-0.43618250648298,0.11719857331453923
