target_id,prot_ps,prot_acf,prot_cs,e_prot_ps,E_prot_ps,e_prot_acf,E_prot_acf,e_prot_cs,E_prot_cs,sph_ps,sph_acf,sph_cs,h_ps,fa_prob_ps,hacf,gacf,hcs
7949266,61.995049464708316,63.998537097126245,62.391584050736434,8.092293147869732,10.912702114586033,-1.0,-1.0,2.6149528086424274,2.6149528086424274,1579.0434860237629,1592.790827885064,1581.050874912869,0.40953327586590776,0.0,0.7535496520084791,0.6926076848494249,0.9789170603171383
