target_id,prot_ps,prot_acf,prot_cs,e_prot_ps,E_prot_ps,e_prot_acf,E_prot_acf,e_prot_cs,E_prot_cs,sph_ps,sph_acf,sph_cs,h_ps,fa_prob_ps,hacf,gacf,hcs
7902140,48.69900312891582,14.630558667704463,26.4833242320362,7.01661483149072,9.817304755784619,-1.0,-1.0,7.150457091044256,7.150457091044256,703.0548333901385,628.3480403298516,663.5177432618973,0.03130169890426599,0.0,4.104752934089295e-05,-0.20939522923006254,0.31214255572321337
