target_id,prot_ps,prot_acf,prot_cs,e_prot_ps,E_prot_ps,e_prot_acf,E_prot_acf,e_prot_cs,E_prot_cs,sph_ps,sph_acf,sph_cs,h_ps,fa_prob_ps,hacf,gacf,hcs
7918265,73.04845822076618,24.091366548556834,22.35703542167673,2.0570540337048726,2.1785220076085636,-1.0,-1.0,0.38238063278386153,0.38238063278386153,762.2497089709395,753.6181089992916,749.3446263153335,0.09359621196387433,0.0,6.407724520210434e-05,-0.3556572939985836,0.11246309380582116
