target_id,prot_ps,prot_acf,prot_cs,e_prot_ps,E_prot_ps,e_prot_acf,E_prot_acf,e_prot_cs,E_prot_cs,sph_ps,sph_acf,sph_cs,h_ps,fa_prob_ps,hacf,gacf,hcs
7976908,45.65582014465326,18.758119664154947,27.452639407711153,1.2862078408851403,1.3622313607421361,-1.0,-1.0,4.356506103114909,4.356506103114909,528.7128984437566,522.081446733273,522.6880912113404,0.03071489221739249,0.0,0.0020127334952453335,-0.243581293567443,0.24857338918231844
