target_id,prot_ps,prot_acf,prot_cs,e_prot_ps,E_prot_ps,e_prot_acf,E_prot_acf,e_prot_cs,E_prot_cs,sph_ps,sph_acf,sph_cs,h_ps,fa_prob_ps,hacf,gacf,hcs
7941280,73.59869528591574,25.705591894686222,35.24434263072432,1.750376210061006,1.8387097927300005,-1.0,-1.0,2.5068838118362784,2.5068838118362784,308.5180727211467,286.38626852730704,304.80447076974843,0.10394423598027103,0.0,0.00010218808253154021,-0.6409921198391041,0.06318075156997371
