target_id,prot_ps,prot_acf,prot_cs,e_prot_ps,E_prot_ps,e_prot_acf,E_prot_acf,e_prot_cs,E_prot_cs,sph_ps,sph_acf,sph_cs,h_ps,fa_prob_ps,hacf,gacf,hcs
7943763,13.654067093780165,13.58838832238689,13.662958380957981,0.9571372745805071,1.1113945474358538,-1.0,-1.0,0.09624065280761697,0.09624065280761697,4750.928796248877,4779.990693446512,4752.309008130582,0.18329259414754728,0.0,1.0209913345387545,0.551178752283703,0.9657458944935089
