target_id,prot_ps,prot_acf,prot_cs,e_prot_ps,E_prot_ps,e_prot_acf,E_prot_acf,e_prot_cs,E_prot_cs,sph_ps,sph_acf,sph_cs,h_ps,fa_prob_ps,hacf,gacf,hcs
7976762,45.922211876618164,1.0829882565885782,46.373761484529815,9.180604729865301,15.195513903638442,-1.0,-1.0,1.7644694724560914,1.7644694724560914,651.3093330620874,608.4502044820114,652.2083281650005,0.03150007782308769,0.0,0.01848663706404824,0.7871358166493841,0.16392237796763054
