target_id,prot_ps,prot_acf,prot_cs,e_prot_ps,E_prot_ps,e_prot_acf,E_prot_acf,e_prot_cs,E_prot_cs,sph_ps,sph_acf,sph_cs,h_ps,fa_prob_ps,hacf,gacf,hcs
8022522,14.251752750428581,14.834903178736567,14.36564000817972,1.8942821452511112,2.5708647048201634,-1.0,-1.0,0.5745338955340292,0.5745338955340292,2229.833484282674,2178.527308548839,2212.2103535279193,0.058349174267099915,0.0,0.716452200231745,0.3746914375920948,0.922550148934713
