target_id,prot_ps,prot_acf,prot_cs,e_prot_ps,E_prot_ps,e_prot_acf,E_prot_acf,e_prot_cs,E_prot_cs,sph_ps,sph_acf,sph_cs,h_ps,fa_prob_ps,hacf,gacf,hcs
8043390,73.04845484360706,10.850309383124113,73.67101504098657,6.862567352451563,8.469897588931445,-1.0,-1.0,5.834794469782778,5.834794469782778,437.31282001404026,418.25090592580193,437.68342067436004,0.04848387543007116,0.0,0.00010241781410224443,0.10586920869290434,1.1191805278669744
