target_id,prot_ps,prot_acf,prot_cs,e_prot_ps,E_prot_ps,e_prot_acf,E_prot_acf,e_prot_cs,E_prot_cs,sph_ps,sph_acf,sph_cs,h_ps,fa_prob_ps,hacf,gacf,hcs
8078253,47.4829484282222,25.828194670379162,69.72389410385496,12.022302413142825,24.108257808141175,-1.0,-1.0,2.9705753254243925,2.9705753254243925,209.3133183035084,204.9506271479222,211.70904106402458,0.09763763853424316,0.0,6.824635898772247e-05,-0.604254462430213,0.09171712238694948
