target_id,prot_ps,prot_acf,prot_cs,e_prot_ps,E_prot_ps,e_prot_acf,E_prot_acf,e_prot_cs,E_prot_cs,sph_ps,sph_acf,sph_cs,h_ps,fa_prob_ps,hacf,gacf,hcs
8007721,89.96512508599682,34.83834885759279,48.366866391389635,7.929243161434243,9.646708600577838,-1.0,-1.0,4.936563393318901,4.936563393318901,2384.3900166172443,2418.1407998848276,2384.3900166172443,0.3465846901278738,0.0,8.743178916634231e-05,-0.40216530314506427,0.10322245633435731
