target_id,prot_ps,prot_acf,prot_cs,e_prot_ps,E_prot_ps,e_prot_acf,E_prot_acf,e_prot_cs,E_prot_cs,sph_ps,sph_acf,sph_cs,h_ps,fa_prob_ps,hacf,gacf,hcs
8029848,85.94831614019435,1.9412052328698337,21.69061859730165,7.961399997088094,9.749964179488728,-1.0,-1.0,3.934983314254601,3.934983314254601,519.9296107813819,382.07362770113804,519.9296107813819,0.25833881712278967,3.2956647623886454e-269,0.05877978908798398,0.7485088532100469,0.1777995040151693
