target_id,prot_ps,prot_acf,prot_cs,e_prot_ps,E_prot_ps,e_prot_acf,E_prot_acf,e_prot_cs,E_prot_cs,sph_ps,sph_acf,sph_cs,h_ps,fa_prob_ps,hacf,gacf,hcs
8075555,40.88813581844809,40.31572720082477,40.65086305188496,5.474575000447864,7.449467864908094,-1.0,-1.0,2.4971934654310695,2.4971934654310695,5053.1553133888,5020.73422621921,5020.60636010589,0.18291352730795055,0.0,1.1671979035728826,0.7429048020533511,0.9920729550269465
