target_id,prot_ps,prot_acf,prot_cs,e_prot_ps,E_prot_ps,e_prot_acf,E_prot_acf,e_prot_cs,E_prot_cs,sph_ps,sph_acf,sph_cs,h_ps,fa_prob_ps,hacf,gacf,hcs
8006298,52.17815863212467,25.889513465110213,37.44804096263018,11.046891397766522,19.019979734406476,-1.0,-1.0,0.6250445696421297,0.6250445696421297,706.0634644655934,698.085038938168,705.8584986725633,0.06761836139268725,0.0,0.0011604065283142284,-0.5531863186682324,0.11008802985664005
