target_id,prot_ps,prot_acf,prot_cs,e_prot_ps,E_prot_ps,e_prot_acf,E_prot_acf,e_prot_cs,E_prot_cs,sph_ps,sph_acf,sph_cs,h_ps,fa_prob_ps,hacf,gacf,hcs
8078130,54.11056911641923,26.54333600308746,73.47597805036911,9.486890098102705,14.531318812925242,-1.0,-1.0,3.756606251561727,3.756606251561727,865.2206943129879,834.0326246391368,858.0180226558682,0.11822436770686649,0.0,0.0017641652358829918,-0.4883786348959943,0.07618119687991926
