target_id,prot_ps,prot_acf,prot_cs,e_prot_ps,E_prot_ps,e_prot_acf,E_prot_acf,e_prot_cs,E_prot_cs,sph_ps,sph_acf,sph_cs,h_ps,fa_prob_ps,hacf,gacf,hcs
8086671,73.04935955465473,27.810258970595896,45.707048174457675,9.175620480169925,12.213069971355864,-1.0,-1.0,1.1119601895674718,1.1119601895674718,771.3434872644576,746.936585988224,770.2995653898596,0.11739981503265978,0.0,0.00025335543412796646,-0.43467674661176825,0.16347425378286917
