target_id,prot_ps,prot_acf,prot_cs,e_prot_ps,E_prot_ps,e_prot_acf,E_prot_acf,e_prot_cs,E_prot_cs,sph_ps,sph_acf,sph_cs,h_ps,fa_prob_ps,hacf,gacf,hcs
8085114,77.472398065076,1.450794200412929,111.38298787040637,1.9833654264624272,2.0915263663325163,-1.0,-1.0,17.8324516805836,17.8324516805836,889.4397043528911,765.6315593738453,889.6851176336933,0.02501413340098404,0.0,0.015807853115873904,0.4667892621953808,0.10240248224197168
