target_id,prot_ps,prot_acf,prot_cs,e_prot_ps,E_prot_ps,e_prot_acf,E_prot_acf,e_prot_cs,E_prot_cs,sph_ps,sph_acf,sph_cs,h_ps,fa_prob_ps,hacf,gacf,hcs
8023308,73.04847175718945,28.1372506711632,28.934574942178884,21.45346130374152,52.74358000975562,-1.0,-1.0,5.209030793476382,5.209030793476382,526.4446280102043,500.91879954821707,497.59847658676756,0.1383147532026432,0.0,1.8984605648031394e-05,-0.4304402297086601,0.13388610138720486
