target_id,prot_ps,prot_acf,prot_cs,e_prot_ps,E_prot_ps,e_prot_acf,E_prot_acf,e_prot_cs,E_prot_cs,sph_ps,sph_acf,sph_cs,h_ps,fa_prob_ps,hacf,gacf,hcs
8012732,52.69234884070405,26.134634035639465,74.96710529430779,11.842272572821457,21.337139466011166,-1.0,-1.0,2.635831743698237,2.635831743698237,330.9517501622559,321.8054092690624,327.3707694633948,0.0890673172788902,0.0,0.00010042712597307935,-0.47173210532564575,0.13876052617016682
