target_id,prot_ps,prot_acf,prot_cs,e_prot_ps,E_prot_ps,e_prot_acf,E_prot_acf,e_prot_cs,E_prot_cs,sph_ps,sph_acf,sph_cs,h_ps,fa_prob_ps,hacf,gacf,hcs
8024201,73.04845731095823,63.957570465281606,73.16713749931753,21.347134549160124,52.10553860352,-1.0,-1.0,2.877887647116815,2.877887647116815,575.2957143364246,583.7300629917197,575.4191103214445,0.17534568772118111,0.0,0.42617575087875775,0.24960725095667216,0.7546107682676051
