target_id,prot_ps,prot_acf,prot_cs,e_prot_ps,E_prot_ps,e_prot_acf,E_prot_acf,e_prot_cs,E_prot_cs,sph_ps,sph_acf,sph_cs,h_ps,fa_prob_ps,hacf,gacf,hcs
8016472,53.907857903783025,19.02383469277993,45.4555220076595,0.535050975468863,0.5458735415555012,-1.0,-1.0,12.452536799576595,12.452536799576595,1049.3803644194384,1011.0865136929315,1044.466283109941,0.05990543866699218,0.0,0.0023743056949763336,-0.14189561044216367,0.5117218906180757
