target_id,prot_ps,prot_acf,prot_cs,e_prot_ps,E_prot_ps,e_prot_acf,E_prot_acf,e_prot_cs,E_prot_cs,sph_ps,sph_acf,sph_cs,h_ps,fa_prob_ps,hacf,gacf,hcs
8092245,73.04858182839504,7.642227726057172,7.909705696469174,16.648975310138894,30.853792217219805,-1.0,-1.0,0.44077976855099,0.44077976855099,1305.8632230995493,1163.7005077050778,1196.0660645844505,0.05461981472521002,0.0,0.6012784230392942,0.5164274900636302,0.5694739015112922
