target_id,prot_ps,prot_acf,prot_cs,e_prot_ps,E_prot_ps,e_prot_acf,E_prot_acf,e_prot_cs,E_prot_cs,sph_ps,sph_acf,sph_cs,h_ps,fa_prob_ps,hacf,gacf,hcs
8016816,56.613789448218526,30.385066578164697,33.884355516638614,10.647937461758346,16.966092695502994,-1.0,-1.0,3.376514884050684,3.376514884050684,178.0286809738455,170.09601306304523,174.25419954565473,0.04479433153091469,0.0,4.6398772243050335e-05,-0.40856640665453536,0.37239015923459234
