target_id,prot_ps,prot_acf,prot_cs,e_prot_ps,E_prot_ps,e_prot_acf,E_prot_acf,e_prot_cs,E_prot_cs,sph_ps,sph_acf,sph_cs,h_ps,fa_prob_ps,hacf,gacf,hcs
8016509,72.935291286796,58.33833764772862,54.108460917046315,2.679287315496694,2.8894533050419398,-1.0,-1.0,1.9635333564285877,1.9635333564285877,3276.8148087768263,3110.700237484695,2928.866167334951,0.1494343870686428,0.0,0.49853632173849743,0.20580123790307264,0.7337696630185762
