target_id,prot_ps,prot_acf,prot_cs,e_prot_ps,E_prot_ps,e_prot_acf,E_prot_acf,e_prot_cs,E_prot_cs,sph_ps,sph_acf,sph_cs,h_ps,fa_prob_ps,hacf,gacf,hcs
8044063,2.2201417245888035,2.2272776844911277,2.1962464332632674,0.0902164227151836,0.09822666487205822,-1.0,-1.0,0.0874001042384794,0.0874001042384794,2692.297393022297,2713.8405858362316,2704.078816438552,0.0587813074173202,0.0,1.4371414672667329,0.8874323898867514,0.2544239585614038
