target_id,prot_ps,prot_acf,prot_cs,e_prot_ps,E_prot_ps,e_prot_acf,E_prot_acf,e_prot_cs,E_prot_cs,sph_ps,sph_acf,sph_cs,h_ps,fa_prob_ps,hacf,gacf,hcs
8038865,66.40871853722322,35.20730712777004,26.829480126965787,2.059312665393705,2.1940238731116466,-1.0,-1.0,6.420204147542489,6.420204147542489,696.4571789461296,647.7923204602728,618.0001830273212,0.039269477645887514,0.0,0.11285284468796991,-0.09136377640441491,0.8435881444813104
