target_id,prot_ps,prot_acf,prot_cs,e_prot_ps,E_prot_ps,e_prot_acf,E_prot_acf,e_prot_cs,E_prot_cs,sph_ps,sph_acf,sph_cs,h_ps,fa_prob_ps,hacf,gacf,hcs
8085410,47.12866390302587,25.685134783387184,73.78090725466608,7.334072714643533,10.60026769460952,-1.0,-1.0,5.1648382417882175,5.1648382417882175,1084.0810303399733,1074.0127227029488,1078.5711560864675,0.06555804436269955,0.0,6.47277988319317e-05,-0.50297437407557,0.22156200793133923
