target_id,prot_ps,prot_acf,prot_cs,e_prot_ps,E_prot_ps,e_prot_acf,E_prot_acf,e_prot_cs,E_prot_cs,sph_ps,sph_acf,sph_cs,h_ps,fa_prob_ps,hacf,gacf,hcs
8008485,91.31160339676599,27.74892816413194,64.1635727827018,2.7870227468664694,2.9701460974937532,-1.0,-1.0,2.537572370875547,2.537572370875547,1094.2818154822853,1026.636769125247,1043.8747114446592,0.08465605044453153,0.0,0.0012865765154086994,-0.43009060179626796,0.1376428912637424
