target_id,prot_ps,prot_acf,prot_cs,e_prot_ps,E_prot_ps,e_prot_acf,E_prot_acf,e_prot_cs,E_prot_cs,sph_ps,sph_acf,sph_cs,h_ps,fa_prob_ps,hacf,gacf,hcs
8168451,67.74560784644244,27.892029981594533,28.51392705843294,3.6458816958078017,4.080715093541301,-1.0,-1.0,0.4708580675817713,0.4708580675817713,984.8010219659185,970.6721534782346,975.6114243148459,0.07856510727162559,0.0,0.0005443076373009559,-0.4639139878911241,0.1695543607147248
