target_id,prot_ps,prot_acf,prot_cs,e_prot_ps,E_prot_ps,e_prot_acf,E_prot_acf,e_prot_cs,E_prot_cs,sph_ps,sph_acf,sph_cs,h_ps,fa_prob_ps,hacf,gacf,hcs
8164789,121.74920808268308,33.06173668242991,92.53477095830335,2.3157471819652216,2.407288950397003,-1.0,-1.0,3.317121754418953,3.317121754418953,918.1295570400266,978.1659599775768,1013.7993707214897,0.08235369256398095,0.0,0.3457095243328926,0.06257050012201469,2.3061582982817397
