target_id,prot_ps,prot_acf,prot_cs,e_prot_ps,E_prot_ps,e_prot_acf,E_prot_acf,e_prot_cs,E_prot_cs,sph_ps,sph_acf,sph_cs,h_ps,fa_prob_ps,hacf,gacf,hcs
8126029,73.59809358877438,9.828682132065296,54.48598928409638,0.9664982403416644,0.9925249079509939,-1.0,-1.0,1.295618789677786,1.295618789677786,244.260157963197,233.03077668054777,245.3803984719644,0.09313761589127917,0.0,0.21555776311527508,0.11076189120266702,0.25252837749207074
