target_id,prot_ps,prot_acf,prot_cs,e_prot_ps,E_prot_ps,e_prot_acf,E_prot_acf,e_prot_cs,E_prot_cs,sph_ps,sph_acf,sph_cs,h_ps,fa_prob_ps,hacf,gacf,hcs
8167763,32.46642414842807,31.73356964206323,32.429907520327625,3.205806438544599,4.000164434066129,-1.0,-1.0,0.8822820679102213,0.8822820679102213,1266.330457953433,1280.0157329207707,1266.438953107396,0.1851547811099597,0.0,0.90653495692042,0.4415361768616961,0.9803304463967282
