target_id,prot_ps,prot_acf,prot_cs,e_prot_ps,E_prot_ps,e_prot_acf,E_prot_acf,e_prot_cs,E_prot_cs,sph_ps,sph_acf,sph_cs,h_ps,fa_prob_ps,hacf,gacf,hcs
8174293,17.187877156319836,17.286939502693713,17.179070409260838,1.4207966018774574,1.6988512910342273,-1.0,-1.0,0.1541071687443054,0.1541071687443054,445.15104898707574,444.1045759472798,445.3837378517773,0.059931868291889796,0.0,0.40842682611716763,0.25452559616883363,0.9853899450396413
