target_id,prot_ps,prot_acf,prot_cs,e_prot_ps,E_prot_ps,e_prot_acf,E_prot_acf,e_prot_cs,E_prot_cs,sph_ps,sph_acf,sph_cs,h_ps,fa_prob_ps,hacf,gacf,hcs
8150741,60.87386542217143,16.449163879733533,40.98722963950596,0.6383519874182326,0.6520183877878836,-1.0,-1.0,6.173987287336272,6.173987287336272,832.7531858774777,809.7168137731834,830.5955577886718,0.03995526118054031,0.0,0.008921430921867549,-0.21003174184403453,0.3011044921435608
