target_id,prot_ps,prot_acf,prot_cs,e_prot_ps,E_prot_ps,e_prot_acf,E_prot_acf,e_prot_cs,E_prot_cs,sph_ps,sph_acf,sph_cs,h_ps,fa_prob_ps,hacf,gacf,hcs
8158905,91.3119060775878,20.842380356043577,47.591327835340046,2.9504170680529285,3.1564345938951277,-1.0,-1.0,4.762464376761145,4.762464376761145,743.1316001205074,708.4519213619903,727.736308553447,0.056143412149318055,0.0,0.000788468684535748,-0.26733151343558287,0.4030466411386522
