target_id,prot_ps,prot_acf,prot_cs,e_prot_ps,E_prot_ps,e_prot_acf,E_prot_acf,e_prot_cs,E_prot_cs,sph_ps,sph_acf,sph_cs,h_ps,fa_prob_ps,hacf,gacf,hcs
8192911,8.670641740350247,8.786507896147668,8.76589981223915,0.4181556547910361,0.4623000827606383,-1.0,-1.0,0.14327822136152038,0.14327822136152038,2556.7249415403385,2583.3770475850947,2568.3260368875453,0.09146752357715184,0.0,1.0012846883709638,0.6848366315586071,0.9691577859909489
