target_id,prot_ps,prot_acf,prot_cs,e_prot_ps,E_prot_ps,e_prot_acf,E_prot_acf,e_prot_cs,E_prot_cs,sph_ps,sph_acf,sph_cs,h_ps,fa_prob_ps,hacf,gacf,hcs
8126552,109.11192555457485,13.200018101371825,100.15579749169126,9.921478018236243,12.126537022226515,-1.0,-1.0,7.103452457718267,7.103452457718267,2172.7678749494503,1969.449294224228,2172.7678749494503,0.3465860105453055,0.0,0.0001360615178515323,0.03209637277086718,7.777100795328316
