target_id,prot_ps,prot_acf,prot_cs,e_prot_ps,E_prot_ps,e_prot_acf,E_prot_acf,e_prot_cs,E_prot_cs,sph_ps,sph_acf,sph_cs,h_ps,fa_prob_ps,hacf,gacf,hcs
8143032,119.02576462869149,10.15577371045947,71.24925343107674,11.024749469387316,13.501436723785417,-1.0,-1.0,4.9377214660321815,4.9377214660321815,580.9895033049394,506.7355802309456,580.9895033049394,0.13018510002430725,1.0376418109130375e-172,0.0003884352012955214,0.05616530295384482,1.770603723577822
