target_id,prot_ps,prot_acf,prot_cs,e_prot_ps,E_prot_ps,e_prot_acf,E_prot_acf,e_prot_cs,E_prot_cs,sph_ps,sph_acf,sph_cs,h_ps,fa_prob_ps,hacf,gacf,hcs
8176951,13.653928656485576,13.527140036225319,13.747733819150966,2.3770910909116783,3.6275384328504092,-1.0,-1.0,0.21787482867284255,0.21787482867284255,1259.7669428399756,1263.198191023827,1252.2463932560643,0.043559099973683665,0.0,0.41513980882533125,0.21049038354794997,0.9966101005861198
