target_id,prot_ps,prot_acf,prot_cs,e_prot_ps,E_prot_ps,e_prot_acf,E_prot_acf,e_prot_cs,E_prot_cs,sph_ps,sph_acf,sph_cs,h_ps,fa_prob_ps,hacf,gacf,hcs
8142997,18.97365187868281,18.86035727057606,18.959354367721133,2.4824151198173467,3.3503276315255697,-1.0,-1.0,0.1990360540547101,0.1990360540547101,2515.72692667394,2450.0377573999176,2516.31170669829,0.16762693793899577,0.0,0.8470101189895591,0.47352587972687554,0.9634046581561757
