target_id,prot_ps,prot_acf,prot_cs,e_prot_ps,E_prot_ps,e_prot_acf,E_prot_acf,e_prot_cs,E_prot_cs,sph_ps,sph_acf,sph_cs,h_ps,fa_prob_ps,hacf,gacf,hcs
8174332,8.543811972835723,8.602598165161908,8.567424631120035,0.7367773853661035,0.8884818472924447,-1.0,-1.0,0.30530546313455564,0.30530546313455564,2793.064296268135,2781.0940292901705,2788.8376570739006,0.06314249519920558,0.0,0.9397519760510754,0.5967228174048953,0.9925212755084831
