target_id,prot_ps,prot_acf,prot_cs,e_prot_ps,E_prot_ps,e_prot_acf,E_prot_acf,e_prot_cs,E_prot_cs,sph_ps,sph_acf,sph_cs,h_ps,fa_prob_ps,hacf,gacf,hcs
8143599,3.9463155068298335,3.92327481508255,3.9395911798856242,0.046306863490061634,0.0474225533486079,-1.0,-1.0,0.01309714480035906,0.01309714480035906,189.0157248053295,188.21145016909867,189.0738001713545,0.17852094096017168,0.0,0.7331315521541782,0.8536008096810144,0.8292534792388975
