target_id,prot_ps,prot_acf,prot_cs,e_prot_ps,E_prot_ps,e_prot_acf,E_prot_acf,e_prot_cs,E_prot_cs,sph_ps,sph_acf,sph_cs,h_ps,fa_prob_ps,hacf,gacf,hcs
8110454,45.65588892226349,12.341962220147252,81.43341196279032,15.427389578651841,46.6159595164934,-1.0,-1.0,3.111379609884619,3.111379609884619,298.1850950904013,279.0530660376203,283.73593618526604,0.040006552404495035,0.0,0.00010246939907846081,0.0006631545420735045,72.02368251395488
