target_id,prot_ps,prot_acf,prot_cs,e_prot_ps,E_prot_ps,e_prot_acf,E_prot_acf,e_prot_cs,E_prot_cs,sph_ps,sph_acf,sph_cs,h_ps,fa_prob_ps,hacf,gacf,hcs
8193315,1.3114804433204403,1.3077583014965057,91.48085290324967,0.012995404794756027,0.0132580454415816,-1.0,-1.0,3.435832349390589,3.435832349390589,9347.644866690798,9347.644866690798,10218.214794381023,0.1547803125537961,0.0,0.5891214719864901,0.7894592319631143,0.09814386803585139
