target_id,prot_ps,prot_acf,prot_cs,e_prot_ps,E_prot_ps,e_prot_acf,E_prot_acf,e_prot_cs,E_prot_cs,sph_ps,sph_acf,sph_cs,h_ps,fa_prob_ps,hacf,gacf,hcs
8164149,47.128608483201596,11.974142573773861,47.408523768185496,0.5333990531149837,0.5456306623902805,-1.0,-1.0,1.1080660797834851,1.1080660797834851,896.352442107342,850.8055490941371,895.320736393262,0.061022517087654264,0.0,0.00031041532813484707,-0.19414585529678696,0.4636196895434997
