target_id,prot_ps,prot_acf,prot_cs,e_prot_ps,E_prot_ps,e_prot_acf,E_prot_acf,e_prot_cs,E_prot_cs,sph_ps,sph_acf,sph_cs,h_ps,fa_prob_ps,hacf,gacf,hcs
8172692,25.63072645068002,25.378737746737897,25.572362742697923,2.0755738050696024,2.4814953475787362,-1.0,-1.0,1.2976312024493801,1.2976312024493801,3993.634650003001,3912.9949895680506,3902.4728016214704,0.19756237721732,0.0,1.1251084886516394,0.6568203958294615,0.9819078297492447
