target_id,prot_ps,prot_acf,prot_cs,e_prot_ps,E_prot_ps,e_prot_acf,E_prot_acf,e_prot_cs,E_prot_cs,sph_ps,sph_acf,sph_cs,h_ps,fa_prob_ps,hacf,gacf,hcs
8143680,24.40009126811775,23.804995426908135,24.184005399682757,4.340584377272922,6.700774137713772,-1.0,-1.0,1.9942179852781083,1.9942179852781083,2617.454233165379,2616.6586492246024,2610.541481635577,0.20568028824692552,0.0,0.7378039110597235,0.3518373379180076,0.9832324096044378
