target_id,prot_ps,prot_acf,prot_cs,e_prot_ps,E_prot_ps,e_prot_acf,E_prot_acf,e_prot_cs,E_prot_cs,sph_ps,sph_acf,sph_cs,h_ps,fa_prob_ps,hacf,gacf,hcs
8197091,0.16770824466231768,0.061303348280489445,13.24530286262139,0.0016461999906118019,0.0016793111105347647,-1.0,-1.0,2.7784990928849838,2.7784990928849838,1428.1706335123667,1395.3685747757993,1924.018939509814,0.27129516192180225,7.1024751794257e-311,0.08481756519470052,1.0569709399395442,0.02176472109488462
