target_id,prot_ps,prot_acf,prot_cs,e_prot_ps,E_prot_ps,e_prot_acf,E_prot_acf,e_prot_cs,E_prot_cs,sph_ps,sph_acf,sph_cs,h_ps,fa_prob_ps,hacf,gacf,hcs
8197798,11.238388429308433,11.177237308584154,11.21678683971489,0.4564246938970502,0.49641040986412577,-1.0,-1.0,0.13563669496885195,0.13563669496885195,2162.3721359920582,2192.2502586990713,2173.757680856376,0.1501972775320403,0.0,0.8997613051672998,0.6068064583821571,0.9980112457473647
