target_id,prot_ps,prot_acf,prot_cs,e_prot_ps,E_prot_ps,e_prot_acf,E_prot_acf,e_prot_cs,E_prot_cs,sph_ps,sph_acf,sph_cs,h_ps,fa_prob_ps,hacf,gacf,hcs
8265761,73.04848677040745,66.79788461653516,73.78111406520473,10.263662003298826,14.219526956246327,-1.0,-1.0,3.8057801232000936,3.8057801232000936,904.6306152613063,919.2149056570438,906.0023004571595,0.17872672161714973,0.0,0.38866455854437554,0.20097702496851574,1.018018671118304
