target_id,prot_ps,prot_acf,prot_cs,e_prot_ps,E_prot_ps,e_prot_acf,E_prot_acf,e_prot_cs,E_prot_cs,sph_ps,sph_acf,sph_cs,h_ps,fa_prob_ps,hacf,gacf,hcs
8257671,73.04846491324676,17.613876447081566,33.53686162270605,2.5662565138362936,2.758108124085112,-1.0,-1.0,3.265669653375174,3.265669653375174,838.4308600838951,823.3073961932289,837.077982419722,0.0886864918600525,0.0,4.346831357587844e-05,-0.13726048865312548,0.6029806847475896
