target_id,prot_ps,prot_acf,prot_cs,e_prot_ps,E_prot_ps,e_prot_acf,E_prot_acf,e_prot_cs,E_prot_cs,sph_ps,sph_acf,sph_cs,h_ps,fa_prob_ps,hacf,gacf,hcs
8219599,12.381233343176692,12.17846809886396,12.383853834512523,0.6390122817675543,0.7133863353846337,-1.0,-1.0,0.07444182468377308,0.07444182468377308,8154.736759732422,8208.996172619982,8153.157786033531,0.23942591571002736,0.0,1.095192999123224,0.6048845082553052,0.9784397119988684
