target_id,prot_ps,prot_acf,prot_cs,e_prot_ps,E_prot_ps,e_prot_acf,E_prot_acf,e_prot_cs,E_prot_cs,sph_ps,sph_acf,sph_cs,h_ps,fa_prob_ps,hacf,gacf,hcs
8243448,50.378308939972015,15.611387493088841,19.688738619228822,0.8283793406774933,0.8562569132540645,-1.0,-1.0,2.635027310457194,2.635027310457194,1081.6625965662497,1046.036311085027,1070.9877526898977,0.030260831943509637,0.0,0.0046246149613931725,-0.2110194946206416,0.3855476876925017
