target_id,prot_ps,prot_acf,prot_cs,e_prot_ps,E_prot_ps,e_prot_acf,E_prot_acf,e_prot_cs,E_prot_cs,sph_ps,sph_acf,sph_cs,h_ps,fa_prob_ps,hacf,gacf,hcs
8241187,74.87872200693697,17.69556661043316,29.945761920617905,0.7419368070448655,0.7569312666750108,-1.0,-1.0,10.902800287951912,10.902800287951912,1070.691384246445,989.2769120166929,997.8185339500317,0.07388781695831773,0.0,0.017338312537492434,-0.2369736185287874,0.18891633240070405
