target_id,prot_ps,prot_acf,prot_cs,e_prot_ps,E_prot_ps,e_prot_acf,E_prot_acf,e_prot_cs,E_prot_cs,sph_ps,sph_acf,sph_cs,h_ps,fa_prob_ps,hacf,gacf,hcs
8265789,118.9573463476715,22.55901885777712,74.95050110451413,3.8864275632952285,4.155545060370585,-1.0,-1.0,17.640442973019905,17.640442973019905,1009.8412973129659,685.8510193612594,931.5899827393242,0.046187672502753796,0.0,0.014171224052472328,-0.08040015519896637,1.0112196233502952
