target_id,prot_ps,prot_acf,prot_cs,e_prot_ps,E_prot_ps,e_prot_acf,E_prot_acf,e_prot_cs,E_prot_cs,sph_ps,sph_acf,sph_cs,h_ps,fa_prob_ps,hacf,gacf,hcs
8282492,10.013416504785459,9.808181002736092,9.940422554113779,0.5476893961256284,0.6151053483039348,-1.0,-1.0,0.34843295356005904,0.34843295356005904,1442.2293381269951,1445.7222194043038,1421.1127999588898,0.10024649384090996,0.0,0.9732033058227137,0.5257198500998261,0.9832974524540183
