target_id,prot_ps,prot_acf,prot_cs,e_prot_ps,E_prot_ps,e_prot_acf,E_prot_acf,e_prot_cs,E_prot_cs,sph_ps,sph_acf,sph_cs,h_ps,fa_prob_ps,hacf,gacf,hcs
8212656,91.31178142960896,30.711818472482264,46.80594940123769,2.4964559291694286,2.642385972944595,-1.0,-1.0,1.816699307798246,1.816699307798246,824.0075599861733,777.2241294692342,812.1426743470375,0.0982352699117522,0.0,0.0001019247467148876,-0.37800236136206317,0.21067337454515625
