target_id,prot_ps,prot_acf,prot_cs,e_prot_ps,E_prot_ps,e_prot_acf,E_prot_acf,e_prot_cs,E_prot_cs,sph_ps,sph_acf,sph_cs,h_ps,fa_prob_ps,hacf,gacf,hcs
8230865,73.04911851152596,35.412467502523214,33.53762971062661,19.47604789754687,42.2074629320782,-1.0,-1.0,6.844467842753265,6.844467842753265,486.9723787509889,469.8043868644785,468.97678618141344,0.1050078377181888,0.0,0.00014358946932119254,-0.41280251979415855,0.08869794997528697
