target_id,prot_ps,prot_acf,prot_cs,e_prot_ps,E_prot_ps,e_prot_acf,E_prot_acf,e_prot_cs,E_prot_cs,sph_ps,sph_acf,sph_cs,h_ps,fa_prob_ps,hacf,gacf,hcs
8242460,14.609886997551722,14.85531120095402,14.75620768056251,2.0464344654673976,2.8318173011804273,-1.0,-1.0,0.6994319234141961,0.6994319234141961,2977.11358851115,2968.239655818105,2967.7513660330324,0.08511252179500653,0.0,0.6979932903163673,0.3651728952690458,0.9901443453659295
