target_id,prot_ps,prot_acf,prot_cs,e_prot_ps,E_prot_ps,e_prot_acf,E_prot_acf,e_prot_cs,E_prot_cs,sph_ps,sph_acf,sph_cs,h_ps,fa_prob_ps,hacf,gacf,hcs
8230345,52.178141435212865,29.138464421965182,28.740521338045337,10.342577312481907,17.023949956661916,-1.0,-1.0,0.6557689680762038,0.6557689680762038,1406.4006888905462,1387.888699883067,1401.4415276094396,0.0805662275846246,0.0,0.0031059087281138376,-0.5034581055316227,0.23133907205992446
