target_id,prot_ps,prot_acf,prot_cs,e_prot_ps,E_prot_ps,e_prot_acf,E_prot_acf,e_prot_cs,E_prot_cs,sph_ps,sph_acf,sph_cs,h_ps,fa_prob_ps,hacf,gacf,hcs
8278371,91.99826653330283,23.273996701464057,46.266067734737355,1.431100176470082,1.4771059690761632,-1.0,-1.0,12.22008901330559,12.22008901330559,375.6151810449989,361.3666815964447,372.044536306828,0.08866878609796287,0.0,7.984802960236959e-05,-0.3033168097261221,0.15405343322511103
