target_id,prot_ps,prot_acf,prot_cs,e_prot_ps,E_prot_ps,e_prot_acf,E_prot_acf,e_prot_cs,E_prot_cs,sph_ps,sph_acf,sph_cs,h_ps,fa_prob_ps,hacf,gacf,hcs
8282874,45.655777669837846,19.514148093294352,28.6703563802556,3.311407876059043,3.8667016240635164,-1.0,-1.0,5.384151570384046,5.384151570384046,356.68285760170767,354.39707570132657,358.8925911535366,0.04876918776399218,0.0,0.004823711210350745,-0.43401360735048083,0.13709617751767833
