target_id,prot_ps,prot_acf,prot_cs,e_prot_ps,E_prot_ps,e_prot_acf,E_prot_acf,e_prot_cs,E_prot_cs,sph_ps,sph_acf,sph_cs,h_ps,fa_prob_ps,hacf,gacf,hcs
8230809,3.991737007833376,4.025455630850047,3.984491078225562,0.1568630136679996,0.17009798461355352,-1.0,-1.0,0.04379306065511799,0.04379306065511799,4382.1557908074265,4408.4002642256755,4376.938361161705,0.12276853309368867,0.0,1.099092184762676,0.8480967538720318,0.37750215464827747
