target_id,prot_ps,prot_acf,prot_cs,e_prot_ps,E_prot_ps,e_prot_acf,E_prot_acf,e_prot_cs,E_prot_cs,sph_ps,sph_acf,sph_cs,h_ps,fa_prob_ps,hacf,gacf,hcs
8293555,73.59580639253174,20.699421773664653,23.02770621964798,1.1822106342344512,1.2218414664705364,-1.0,-1.0,0.272441607417292,0.272441607417292,95.85283386910022,95.10578416362694,94.62799963019812,0.03802631530638845,0.0,0.001096188061607245,-0.3139499983950183,0.2451820314066696
