target_id,prot_ps,prot_acf,prot_cs,e_prot_ps,E_prot_ps,e_prot_acf,E_prot_acf,e_prot_cs,E_prot_cs,sph_ps,sph_acf,sph_cs,h_ps,fa_prob_ps,hacf,gacf,hcs
8249914,11.410494180212714,12.811953077092767,12.279654229152928,1.9866408906644324,3.0317935552713227,-1.0,-1.0,1.7128801746202413,1.7128801746202413,952.4742726608886,949.0859491928177,941.7377544053458,0.032731688539748616,0.0,0.48079055137975674,0.2823611887922306,0.5775145494837478
