target_id,prot_ps,prot_acf,prot_cs,e_prot_ps,E_prot_ps,e_prot_acf,E_prot_acf,e_prot_cs,E_prot_cs,sph_ps,sph_acf,sph_cs,h_ps,fa_prob_ps,hacf,gacf,hcs
8222748,36.79893943714511,19.51427038758993,17.913895877897737,5.884092399535955,8.610012792368998,-1.0,-1.0,3.411473247848157,3.411473247848157,236.7184999489964,237.8210985605921,232.2364046829836,0.07968166802503654,0.0,6.689683886415554e-05,-0.43759533410972873,0.12020448128899404
