target_id,prot_ps,prot_acf,prot_cs,e_prot_ps,E_prot_ps,e_prot_acf,E_prot_acf,e_prot_cs,E_prot_cs,sph_ps,sph_acf,sph_cs,h_ps,fa_prob_ps,hacf,gacf,hcs
8222592,4.251649962463769,4.331924200057983,4.287688690530351,0.21732304544697634,0.24179450655543544,-1.0,-1.0,0.18084766867700297,0.18084766867700297,518.381523655479,522.4923257949386,518.8347834800545,0.2743713552829335,6.17427205e-315,0.9415748656280291,0.8154837398583338,0.9854111638431389
