target_id,prot_ps,prot_acf,prot_cs,e_prot_ps,E_prot_ps,e_prot_acf,E_prot_acf,e_prot_cs,E_prot_cs,sph_ps,sph_acf,sph_cs,h_ps,fa_prob_ps,hacf,gacf,hcs
8366044,23.80486165603869,10.01263196580112,103.24091049477475,3.025642276521321,4.043147644441397,-1.0,-1.0,3.847148162527583,3.847148162527583,487.4985171246035,439.56367939934034,487.4985171246035,0.18428710643855967,8.190970900579355e-254,0.0015412288265801433,-0.2108124266200615,0.28709200032605553
