target_id,prot_ps,prot_acf,prot_cs,e_prot_ps,E_prot_ps,e_prot_acf,E_prot_acf,e_prot_cs,E_prot_cs,sph_ps,sph_acf,sph_cs,h_ps,fa_prob_ps,hacf,gacf,hcs
8328240,73.04937110181797,31.263557709753513,46.776269652771575,2.304941310924775,2.4585393775902418,-1.0,-1.0,2.179699969958355,2.179699969958355,780.7103761070565,773.0549560649607,779.250947007937,0.21861055674817761,0.0,0.00033100411808406616,-0.583742622656069,0.0627568169636389
