target_id,prot_ps,prot_acf,prot_cs,e_prot_ps,E_prot_ps,e_prot_acf,E_prot_acf,e_prot_cs,E_prot_cs,sph_ps,sph_acf,sph_cs,h_ps,fa_prob_ps,hacf,gacf,hcs
8360515,21.484874058174288,21.84369070082903,21.495117121436092,3.5070381462713733,5.181802587355474,-1.0,-1.0,0.21161383781670765,0.21161383781670765,2505.6164419547636,2476.771158643788,2505.618779223674,0.15606406726508812,0.0,0.6759368134375794,0.2981866269055393,0.9615066443863971
