target_id,prot_ps,prot_acf,prot_cs,e_prot_ps,E_prot_ps,e_prot_acf,E_prot_acf,e_prot_cs,E_prot_cs,sph_ps,sph_acf,sph_cs,h_ps,fa_prob_ps,hacf,gacf,hcs
8349582,52.57051638248617,11.054634819272906,26.985977856600677,1.0090912813343351,1.0493879010231808,-1.0,-1.0,4.096094965291074,4.096094965291074,354.88470140795744,335.4465850163473,348.76526095552003,0.16173034595340832,0.0,0.0005273673515840543,-0.10951639430387738,0.39180081844277054
