target_id,prot_ps,prot_acf,prot_cs,e_prot_ps,E_prot_ps,e_prot_acf,E_prot_acf,e_prot_cs,E_prot_cs,sph_ps,sph_acf,sph_cs,h_ps,fa_prob_ps,hacf,gacf,hcs
8349776,73.04927350860264,10.114666835870594,28.9279471505899,22.252193626308348,56.19217739706971,-1.0,-1.0,3.924866037245014,3.924866037245014,832.4115787161345,801.6452824980078,822.6302953494493,0.03509380758501568,0.0,3.1589972110349085e-05,-0.1736373359418817,0.49498211830015537
