target_id,prot_ps,prot_acf,prot_cs,e_prot_ps,E_prot_ps,e_prot_acf,E_prot_acf,e_prot_cs,E_prot_cs,sph_ps,sph_acf,sph_cs,h_ps,fa_prob_ps,hacf,gacf,hcs
8395033,73.04938487076284,29.8127705976367,46.12601624988019,12.380040727473279,18.632304102558138,-1.0,-1.0,1.622997814910903,1.622997814910903,1006.07686113413,972.7579710950201,992.6672013632711,0.1055252746124622,0.0,0.0003889072849840858,-0.5220685711214271,0.16115920320869298
