target_id,prot_ps,prot_acf,prot_cs,e_prot_ps,E_prot_ps,e_prot_acf,E_prot_acf,e_prot_cs,E_prot_cs,sph_ps,sph_acf,sph_cs,h_ps,fa_prob_ps,hacf,gacf,hcs
8396660,20.4439366430852,20.209064874332398,20.35592906763189,1.780163411766054,2.1601100340049975,-1.0,-1.0,0.6208298008635355,0.6208298008635355,319.0995809312603,316.8445083790477,315.5564403140393,0.08767222146894958,0.0,0.6264044220740042,0.36511994752892873,0.9720565858275401
