target_id,prot_ps,prot_acf,prot_cs,e_prot_ps,E_prot_ps,e_prot_acf,E_prot_acf,e_prot_cs,E_prot_cs,sph_ps,sph_acf,sph_cs,h_ps,fa_prob_ps,hacf,gacf,hcs
8398332,73.04944415854108,30.487107761204243,28.361592379622163,9.484139079088585,12.855669331592281,-1.0,-1.0,3.6859447301732122,3.6859447301732122,1250.2310788436184,1214.5046733299407,1221.942019763458,0.12990657418576734,0.0,0.00012009306811522347,-0.43420700064371054,0.18747572460218576
