target_id,prot_ps,prot_acf,prot_cs,e_prot_ps,E_prot_ps,e_prot_acf,E_prot_acf,e_prot_cs,E_prot_cs,sph_ps,sph_acf,sph_cs,h_ps,fa_prob_ps,hacf,gacf,hcs
8358070,91.31172503673336,33.55213569197804,46.10537505921907,1.4728831150480346,1.5220802089645673,-1.0,-1.0,5.867980346502632,5.867980346502632,632.3377650232344,591.2178394067296,615.085970726824,0.13274394666384906,0.0,0.0003457517730029447,-0.4850049062340141,0.14203903036563023
