target_id,prot_ps,prot_acf,prot_cs,e_prot_ps,E_prot_ps,e_prot_acf,E_prot_acf,e_prot_cs,E_prot_cs,sph_ps,sph_acf,sph_cs,h_ps,fa_prob_ps,hacf,gacf,hcs
8379151,24.349808691348336,13.077576458454132,35.28003189079464,6.734952895735152,15.26214085543386,-1.0,-1.0,2.728657784255993,2.728657784255993,901.0717959496327,884.2162782528247,898.4845513373896,0.0329793043715467,0.0,0.00015111888034188836,-0.29433484028067486,0.41095692834696085
