target_id,prot_ps,prot_acf,prot_cs,e_prot_ps,E_prot_ps,e_prot_acf,E_prot_acf,e_prot_cs,E_prot_cs,sph_ps,sph_acf,sph_cs,h_ps,fa_prob_ps,hacf,gacf,hcs
8358462,73.04943826295357,31.549658238887787,28.64607268868852,23.762357438270683,69.29593442199098,-1.0,-1.0,0.42518998249001594,0.42518998249001594,911.7048668163823,895.48216115215,890.5154117346777,0.09891697871287278,0.0,0.00018868448853748276,-0.4893561060947067,0.20038243633183267
