target_id,prot_ps,prot_acf,prot_cs,e_prot_ps,E_prot_ps,e_prot_acf,E_prot_acf,e_prot_cs,E_prot_cs,sph_ps,sph_acf,sph_cs,h_ps,fa_prob_ps,hacf,gacf,hcs
8373665,72.93525323844626,30.69146662671119,37.95341091730165,13.390080813207348,21.037226830991088,-1.0,-1.0,2.2954554632796094,2.2954554632796094,1124.8933959653466,1020.1224633587486,976.7008664279537,0.0940316561185989,0.0,0.00010950556000863254,-0.3247063321092735,0.43033243839533847
