target_id,prot_ps,prot_acf,prot_cs,e_prot_ps,E_prot_ps,e_prot_acf,E_prot_acf,e_prot_cs,E_prot_cs,sph_ps,sph_acf,sph_cs,h_ps,fa_prob_ps,hacf,gacf,hcs
8373723,19.74280453888345,20.249802875332534,19.79452971406784,1.2937247433661092,1.4866080838682763,-1.0,-1.0,0.2674425075790083,0.2674425075790083,5482.539954088815,5653.9345780083695,5502.5541674893475,0.2639511790590113,0.0,1.0824152445796247,0.5285172622706951,0.968375450141883
