target_id,prot_ps,prot_acf,prot_cs,e_prot_ps,E_prot_ps,e_prot_acf,E_prot_acf,e_prot_cs,E_prot_cs,sph_ps,sph_acf,sph_cs,h_ps,fa_prob_ps,hacf,gacf,hcs
8311255,0.2895338518685086,0.16346962749958038,120.74682323037761,0.0028724459409842917,0.002930534449118505,-1.0,-1.0,0.17927594508263822,0.17927594508263822,137052.10824272482,136155.14766027674,143553.79207004304,0.3543875307613298,0.0,1.5090940828148236,2.682932444169257,0.011646810179634353
