target_id,prot_ps,prot_acf,prot_cs,e_prot_ps,E_prot_ps,e_prot_acf,E_prot_acf,e_prot_cs,E_prot_cs,sph_ps,sph_acf,sph_cs,h_ps,fa_prob_ps,hacf,gacf,hcs
8380058,10.902891203322199,10.911594651639462,10.85500919121323,0.610551916337494,0.6872371096339815,-1.0,-1.0,0.13833984357497517,0.13833984357497517,3394.459815360658,3394.6783286431437,3410.0258618270395,0.10118610439453028,0.0,0.9012410977743965,0.602013100208199,0.9336503934968144
