target_id,prot_ps,prot_acf,prot_cs,e_prot_ps,E_prot_ps,e_prot_acf,E_prot_acf,e_prot_cs,E_prot_cs,sph_ps,sph_acf,sph_cs,h_ps,fa_prob_ps,hacf,gacf,hcs
8330842,166.54385183384338,25.848793894983828,71.0572105567064,13.316548250990053,15.821339260498178,-1.0,-1.0,4.447521952192466,4.447521952192466,1370.5025883814096,1212.1817164943636,1189.102895926558,0.08670253742944715,0.0,0.012397541658792394,-0.16444484114120383,0.2505857782892808
