target_id,prot_ps,prot_acf,prot_cs,e_prot_ps,E_prot_ps,e_prot_acf,E_prot_acf,e_prot_cs,E_prot_cs,sph_ps,sph_acf,sph_cs,h_ps,fa_prob_ps,hacf,gacf,hcs
8331322,10.743906620179168,10.686861724127084,10.723655869738831,-1.0,-1.0,-1.0,-1.0,0.12321260783472887,0.12321260783472887,1721.9273843420403,1734.2606078366828,1734.6808922665787,0.10658794151469105,0.0,0.9168267646630437,0.5158836078216544,0.9677694373567592
