target_id,prot_ps,prot_acf,prot_cs,e_prot_ps,E_prot_ps,e_prot_acf,E_prot_acf,e_prot_cs,E_prot_cs,sph_ps,sph_acf,sph_cs,h_ps,fa_prob_ps,hacf,gacf,hcs
8331471,52.69249107202477,16.34696088731289,12.637497958783662,6.292528743935243,8.293043689224213,-1.0,-1.0,0.12987202447051172,0.12987202447051172,1806.2895592828759,1817.9632611743345,1793.8024613108576,0.0531824833978001,0.0,0.00020204912924254304,-0.28743080907486807,0.29853787408179083
