target_id,prot_ps,prot_acf,prot_cs,e_prot_ps,E_prot_ps,e_prot_acf,E_prot_acf,e_prot_cs,E_prot_cs,sph_ps,sph_acf,sph_cs,h_ps,fa_prob_ps,hacf,gacf,hcs
8300910,66.40855378636662,1.1034202873706818,53.2909289672293,0.7073799606654774,0.7227929574151943,-1.0,-1.0,3.6954381649329435,3.6954381649329435,514.5363773542791,411.2951592151305,515.1709634038953,0.034972317126736145,0.0,0.14232930326879673,0.8293829840299675,0.11474631163872936
