target_id,prot_ps,prot_acf,prot_cs,e_prot_ps,E_prot_ps,e_prot_acf,E_prot_acf,e_prot_cs,E_prot_cs,sph_ps,sph_acf,sph_cs,h_ps,fa_prob_ps,hacf,gacf,hcs
8329464,3.7530603188396663,3.6986340819858015,3.7537536501169217,0.3217578262282266,0.38884691298909857,-1.0,-1.0,0.10131677138781374,0.10131677138781374,1311.74144037014,1315.9971125688485,1311.74144037014,0.4896761725872882,0.0,1.096231612925524,0.8774880068742366,0.9545865205720424
