target_id,prot_ps,prot_acf,prot_cs,e_prot_ps,E_prot_ps,e_prot_acf,E_prot_acf,e_prot_cs,E_prot_cs,sph_ps,sph_acf,sph_cs,h_ps,fa_prob_ps,hacf,gacf,hcs
8312970,73.0494107939922,3.841530730947852,3.8483398496827594,4.8943895575417,5.643002335994325,-1.0,-1.0,0.07149040856277496,0.07149040856277496,3280.685253988264,2694.338449516558,2698.202078511379,0.06502197592639834,0.0,0.6706461086626734,0.8104967413929955,0.4221069061293993
