target_id,prot_ps,prot_acf,prot_cs,e_prot_ps,E_prot_ps,e_prot_acf,E_prot_acf,e_prot_cs,E_prot_cs,sph_ps,sph_acf,sph_cs,h_ps,fa_prob_ps,hacf,gacf,hcs
8463121,45.85607326769151,46.445963505189866,88.32170958953911,4.53423251627698,5.650964623354092,-1.0,-1.0,8.302770186251303,8.302770186251303,1789.4857784767019,1788.5648353477422,1806.169016152681,0.2584102451305345,0.0,0.530898265304236,0.12929178307703695,2.5087219643388865
