target_id,prot_ps,prot_acf,prot_cs,e_prot_ps,E_prot_ps,e_prot_acf,E_prot_acf,e_prot_cs,E_prot_cs,sph_ps,sph_acf,sph_cs,h_ps,fa_prob_ps,hacf,gacf,hcs
8425175,26.563417460844658,26.502516378182918,26.829455670434964,2.3182674778388943,2.8025491364261654,-1.0,-1.0,1.8279038711349314,1.8279038711349314,2460.969074091425,2456.7905610485273,2459.3824192210514,0.054545250944764395,0.0,0.4837876930629078,0.1903890971306849,0.999085380395989
