target_id,prot_ps,prot_acf,prot_cs,e_prot_ps,E_prot_ps,e_prot_acf,E_prot_acf,e_prot_cs,E_prot_cs,sph_ps,sph_acf,sph_cs,h_ps,fa_prob_ps,hacf,gacf,hcs
8416480,41.7425580141528,15.263968467246741,16.38659554568119,15.156211908656026,56.857957099161595,-1.0,-1.0,1.29832511602103,1.29832511602103,580.6149928660534,569.0327644450101,572.9659095748375,0.0270090851631905,0.0,0.004285338284957113,-0.2717913050007975,0.6983891869962731
