target_id,prot_ps,prot_acf,prot_cs,e_prot_ps,E_prot_ps,e_prot_acf,E_prot_acf,e_prot_cs,E_prot_cs,sph_ps,sph_acf,sph_cs,h_ps,fa_prob_ps,hacf,gacf,hcs
8460357,8.083496193561833,7.928265370428562,8.01081741191447,0.536626937725968,0.619463662579868,-1.0,-1.0,0.2165252730417726,0.2165252730417726,5746.310652644856,5709.166680470851,5673.339195953663,0.11375469478954654,0.0,1.1187204387788934,0.7173831755297501,0.9654229138239644
