target_id,prot_ps,prot_acf,prot_cs,e_prot_ps,E_prot_ps,e_prot_acf,E_prot_acf,e_prot_cs,E_prot_cs,sph_ps,sph_acf,sph_cs,h_ps,fa_prob_ps,hacf,gacf,hcs
8453152,73.5980281735082,28.035217449069023,45.922467620461745,2.0515638578556405,2.171410533272706,-1.0,-1.0,1.24613722711236,1.24613722711236,340.41848760897307,329.4372313008453,332.29817746126116,0.19871623476426775,0.0,0.006311561174910718,-0.5281928153996507,0.09854373231755315
