target_id,prot_ps,prot_acf,prot_cs,e_prot_ps,E_prot_ps,e_prot_acf,E_prot_acf,e_prot_cs,E_prot_cs,sph_ps,sph_acf,sph_cs,h_ps,fa_prob_ps,hacf,gacf,hcs
8495236,73.04939512410101,24.438710981979966,28.644162417962225,21.751013588163936,54.57816056727073,-1.0,-1.0,0.3763647400977496,0.3763647400977496,624.360353429988,609.1983387494115,619.1045683093976,0.11250174079347719,0.0,0.005832795411175429,-0.26628601167725624,0.4860288604791549
