target_id,prot_ps,prot_acf,prot_cs,e_prot_ps,E_prot_ps,e_prot_acf,E_prot_acf,e_prot_cs,E_prot_cs,sph_ps,sph_acf,sph_cs,h_ps,fa_prob_ps,hacf,gacf,hcs
8446150,37.461217833856246,8.888658969663084,71.16402905864072,7.225202146506444,11.689102104719012,-1.0,-1.0,4.098311392813161,4.098311392813161,755.8141188496523,719.0377281873759,759.7616758998923,0.03753490766705584,0.0,0.22787474351585768,0.24531553122507152,0.2316437671523909
