target_id,prot_ps,prot_acf,prot_cs,e_prot_ps,E_prot_ps,e_prot_acf,E_prot_acf,e_prot_cs,E_prot_cs,sph_ps,sph_acf,sph_cs,h_ps,fa_prob_ps,hacf,gacf,hcs
8491752,73.04906159250375,23.438008513767272,35.28084392286838,2.000429676795079,2.115114994453478,-1.0,-1.0,4.7591467765406845,4.7591467765406845,454.9889247653219,437.1279339878851,450.02072845353143,0.07985823252387562,0.0,0.0011027551157508364,-0.2678996402520507,0.24845383930226367
