target_id,prot_ps,prot_acf,prot_cs,e_prot_ps,E_prot_ps,e_prot_acf,E_prot_acf,e_prot_cs,E_prot_cs,sph_ps,sph_acf,sph_cs,h_ps,fa_prob_ps,hacf,gacf,hcs
8474978,73.59872735494507,29.4245383143425,74.31841743473981,25.095964360062027,80.6391952829721,-1.0,-1.0,2.121592061678192,2.121592061678192,289.96296898413885,276.82464617854635,289.5654630522153,0.09846671085908076,0.0,0.0002479848028854592,-0.5615224716459174,0.07272219126802691
