target_id,prot_ps,prot_acf,prot_cs,e_prot_ps,E_prot_ps,e_prot_acf,E_prot_acf,e_prot_cs,E_prot_cs,sph_ps,sph_acf,sph_cs,h_ps,fa_prob_ps,hacf,gacf,hcs
8435563,25.189441392512467,17.04170594830066,25.035564459851614,0.3133200561943106,0.321344901926107,-1.0,-1.0,0.4706128638979651,0.4706128638979651,1045.0511149086365,1056.726275502454,1051.3503952388053,0.04154771522948653,0.0,0.06448629124166574,-0.07813204049583436,1.1578713291607423
