target_id,prot_ps,prot_acf,prot_cs,e_prot_ps,E_prot_ps,e_prot_acf,E_prot_acf,e_prot_cs,E_prot_cs,sph_ps,sph_acf,sph_cs,h_ps,fa_prob_ps,hacf,gacf,hcs
8424372,52.69241536694281,29.996630162000656,28.54189481224904,10.488000131942009,17.30987371619762,-1.0,-1.0,0.5069074999614658,0.5069074999614658,1473.3800004930642,1400.1014660789358,1414.2163641401576,0.11233469775611088,0.0,0.00039106313208525645,-0.4814056954335065,0.08824884506175874
