target_id,prot_ps,prot_acf,prot_cs,e_prot_ps,E_prot_ps,e_prot_acf,E_prot_acf,e_prot_cs,E_prot_cs,sph_ps,sph_acf,sph_cs,h_ps,fa_prob_ps,hacf,gacf,hcs
8416925,11.413950193264238,11.626759768463671,11.51600926240906,1.4298476371543032,1.9014903156199665,-1.0,-1.0,0.4757093071076225,0.4757093071076225,2138.4499759524933,2163.7559570281146,2176.857098294778,0.10868637323514976,0.0,1.0170824870816257,0.5370602664607935,0.9599960390287244
