target_id,prot_ps,prot_acf,prot_cs,e_prot_ps,E_prot_ps,e_prot_acf,E_prot_acf,e_prot_cs,E_prot_cs,sph_ps,sph_acf,sph_cs,h_ps,fa_prob_ps,hacf,gacf,hcs
8409965,28.095876846420502,14.753111355938017,15.232689643378812,3.5950838191623866,4.814992173893316,-1.0,-1.0,0.9570384803819916,0.9570384803819916,2036.1617599254525,1936.1393525196586,1952.1892183464327,0.11379600326277421,0.0,4.0757760361109785e-05,-0.4028660838611195,0.21097032980159117
