target_id,prot_ps,prot_acf,prot_cs,e_prot_ps,E_prot_ps,e_prot_acf,E_prot_acf,e_prot_cs,E_prot_cs,sph_ps,sph_acf,sph_cs,h_ps,fa_prob_ps,hacf,gacf,hcs
8490107,53.90871962015611,27.48340001795441,73.44729408035644,11.270070437938337,19.23008954222572,-1.0,-1.0,3.221141630685696,3.221141630685696,796.6433140271496,789.863922838776,826.7769002204009,0.14171919730211976,0.0,0.0003591785567028105,-0.5338355029516936,0.16583499018253653
