target_id,prot_ps,prot_acf,prot_cs,e_prot_ps,E_prot_ps,e_prot_acf,E_prot_acf,e_prot_cs,E_prot_cs,sph_ps,sph_acf,sph_cs,h_ps,fa_prob_ps,hacf,gacf,hcs
8478250,53.4469032578315,24.94912433065474,28.897356840656805,7.853370920199339,11.168275710100083,-1.0,-1.0,5.500219617732853,5.500219617732853,320.18886696019547,305.16663789890214,311.715363135493,0.10164605463068148,0.0,0.0007607812142360337,-0.3772561951214424,0.07515380027050657
