target_id,prot_ps,prot_acf,prot_cs,e_prot_ps,E_prot_ps,e_prot_acf,E_prot_acf,e_prot_cs,E_prot_cs,sph_ps,sph_acf,sph_cs,h_ps,fa_prob_ps,hacf,gacf,hcs
8542705,45.99912764413851,18.349470286630094,68.61637923789834,1.1991126143080635,1.2648649179885822,-1.0,-1.0,3.715694351095189,3.715694351095189,137.89748997819675,134.39750145114664,138.26617297610505,0.08728179698951966,0.0,0.0004594467666262092,-0.2991653771624118,0.1283434035812861
