target_id,prot_ps,prot_acf,prot_cs,e_prot_ps,E_prot_ps,e_prot_acf,E_prot_acf,e_prot_cs,E_prot_cs,sph_ps,sph_acf,sph_cs,h_ps,fa_prob_ps,hacf,gacf,hcs
8591609,73.59879481247049,33.245671859011054,46.004297943732354,1.86836958565938,1.9672626176470231,-1.0,-1.0,0.9454443098277254,0.9454443098277254,530.8741020451878,514.646456970645,526.7714123769964,0.31030073252104357,0.0,0.0002529881012862667,-0.6011166461415809,0.16442230023817472
