target_id,prot_ps,prot_acf,prot_cs,e_prot_ps,E_prot_ps,e_prot_acf,E_prot_acf,e_prot_cs,E_prot_cs,sph_ps,sph_acf,sph_cs,h_ps,fa_prob_ps,hacf,gacf,hcs
8510718,44.9829486512652,10.380079586058855,72.49974760173819,8.816144944118015,14.406817289092949,-1.0,-1.0,7.435722080862325,7.435722080862325,909.31070837294,845.4169194709064,909.31070837294,0.10883561865021282,2.0267919344127563e-216,0.2682563706290733,0.12430687165118108,1.2699392530233669
