target_id,prot_ps,prot_acf,prot_cs,e_prot_ps,E_prot_ps,e_prot_acf,E_prot_acf,e_prot_cs,E_prot_cs,sph_ps,sph_acf,sph_cs,h_ps,fa_prob_ps,hacf,gacf,hcs
8519253,73.04939791422247,17.348216195125133,28.651357770143065,9.567222714170228,12.916793395679605,-1.0,-1.0,0.3712972846416035,0.3712972846416035,782.8804883030808,739.7664922126339,764.5779289690753,0.15697375139765837,0.0,0.14592175149840453,-0.099655515511854,0.6686849082560357
