target_id,prot_ps,prot_acf,prot_cs,e_prot_ps,E_prot_ps,e_prot_acf,E_prot_acf,e_prot_cs,E_prot_cs,sph_ps,sph_acf,sph_cs,h_ps,fa_prob_ps,hacf,gacf,hcs
8539618,72.93544782719489,30.01718354364857,28.84681573215168,21.38418655491794,52.44442374505154,-1.0,-1.0,0.42918264686674057,0.42918264686674057,1394.3797943674992,1313.4589539782357,1279.540259073529,0.20226408394938028,0.0,0.0004937126055458152,-0.6801822478287095,0.06833973877572783
