target_id,prot_ps,prot_acf,prot_cs,e_prot_ps,E_prot_ps,e_prot_acf,E_prot_acf,e_prot_cs,E_prot_cs,sph_ps,sph_acf,sph_cs,h_ps,fa_prob_ps,hacf,gacf,hcs
8543435,61.85991165788342,0.6334271375089884,61.76873028714622,10.441642605034595,15.84385693069607,-1.0,-1.0,1.9811932588159449,1.9811932588159449,565.4209280612998,387.4069491913054,565.1366078956191,0.04106635459698058,0.0,0.006156282889159037,0.8197719634975168,0.19248475302537396
