target_id,prot_ps,prot_acf,prot_cs,e_prot_ps,E_prot_ps,e_prot_acf,E_prot_acf,e_prot_cs,E_prot_cs,sph_ps,sph_acf,sph_cs,h_ps,fa_prob_ps,hacf,gacf,hcs
8544803,91.31173980755538,19.616321325302124,37.13948544355971,2.592006872980619,2.746366309367673,-1.0,-1.0,2.6027943757898306,2.6027943757898306,478.7914907943004,469.3250385873361,472.0839299635918,0.04681008855804784,0.0,0.011203731269896738,-0.19247227850380777,0.5133724853912434
