target_id,prot_ps,prot_acf,prot_cs,e_prot_ps,E_prot_ps,e_prot_acf,E_prot_acf,e_prot_cs,E_prot_cs,sph_ps,sph_acf,sph_cs,h_ps,fa_prob_ps,hacf,gacf,hcs
8587994,73.59779107176283,25.113098212517798,40.84697619655701,2.426875118873923,2.596695471325148,-1.0,-1.0,4.424019107011869,4.424019107011869,323.45063604459426,319.06310469653926,325.02768911307356,0.17182973331300458,0.0,0.00028863370488624307,-0.37582691908628596,0.14057105617038324
