target_id,prot_ps,prot_acf,prot_cs,e_prot_ps,E_prot_ps,e_prot_acf,E_prot_acf,e_prot_cs,E_prot_cs,sph_ps,sph_acf,sph_cs,h_ps,fa_prob_ps,hacf,gacf,hcs
8545663,52.17809510480365,18.880726916715503,22.020771619412113,1.8063759230662768,1.9421961239460899,-1.0,-1.0,2.608356263754064,2.608356263754064,207.07638084647328,204.35858467032853,204.6601091957602,0.05419186470881675,0.0,0.005808982687560443,-0.35953189390332746,0.12675290441455062
