target_id,prot_ps,prot_acf,prot_cs,e_prot_ps,E_prot_ps,e_prot_acf,E_prot_acf,e_prot_cs,E_prot_cs,sph_ps,sph_acf,sph_cs,h_ps,fa_prob_ps,hacf,gacf,hcs
8554366,3.7557525954615545,3.759801261126995,3.757548566151246,0.10781529393148093,0.11438575063998879,-1.0,-1.0,0.014862650204927181,0.014862650204927181,20910.111665483517,20930.384829322516,20910.111665483517,0.4117604701584336,0.0,1.63334589338477,0.9357727351741641,0.591117637511756
