target_id,prot_ps,prot_acf,prot_cs,e_prot_ps,E_prot_ps,e_prot_acf,E_prot_acf,e_prot_cs,E_prot_cs,sph_ps,sph_acf,sph_cs,h_ps,fa_prob_ps,hacf,gacf,hcs
8558407,73.04944714016266,28.770676732063293,46.82388290492676,25.347645902050154,81.05751147352716,-1.0,-1.0,1.3591422038499594,1.3591422038499594,587.0255992996252,580.0256340203957,588.4567583989447,0.06083202411988952,0.0,0.018867061418816777,-0.3389880840230912,0.3968972126236546
