target_id,prot_ps,prot_acf,prot_cs,e_prot_ps,E_prot_ps,e_prot_acf,E_prot_acf,e_prot_cs,E_prot_cs,sph_ps,sph_acf,sph_cs,h_ps,fa_prob_ps,hacf,gacf,hcs
8589799,73.5979005973602,1.9207735946401954,73.94630965416783,1.87607317060818,1.9757952858119552,-1.0,-1.0,3.040038740845736,3.040038740845736,488.85032877688593,387.06403195159186,489.06484597926647,0.10540261090966038,0.0,0.37017708792009474,0.7639329956669291,0.17755834195751136
