target_id,prot_ps,prot_acf,prot_cs,e_prot_ps,E_prot_ps,e_prot_acf,E_prot_acf,e_prot_cs,E_prot_cs,sph_ps,sph_acf,sph_cs,h_ps,fa_prob_ps,hacf,gacf,hcs
8517693,38.446557591335726,40.15227849595249,38.82020366890355,3.6656765583688866,4.518734903867077,-1.0,-1.0,4.7455970977381465,4.7455970977381465,1682.5156931017364,1627.7334912257818,1678.5811431823122,0.07016883884986257,0.0,0.6812871896729538,0.3720730887865322,0.9164439309509912
