target_id,prot_ps,prot_acf,prot_cs,e_prot_ps,E_prot_ps,e_prot_acf,E_prot_acf,e_prot_cs,E_prot_cs,sph_ps,sph_acf,sph_cs,h_ps,fa_prob_ps,hacf,gacf,hcs
8556367,52.178130961602676,27.871568312868476,28.669382191332428,10.584695244215808,17.69000417974795,-1.0,-1.0,0.3799587652224241,0.3799587652224241,729.3441048716754,723.857408953517,738.0319351312759,0.09880719612720028,0.0,9.04942347716986e-05,-0.5553675061573289,0.24753927294290806
