target_id,prot_ps,prot_acf,prot_cs,e_prot_ps,E_prot_ps,e_prot_acf,E_prot_acf,e_prot_cs,E_prot_cs,sph_ps,sph_acf,sph_cs,h_ps,fa_prob_ps,hacf,gacf,hcs
8574677,36.7988935912559,40.27495062723756,23.98147516749799,1.497654500385046,1.6289171152181794,-1.0,-1.0,4.866035949367809,4.866035949367809,417.53281209097554,417.69989690647515,419.27946805980633,0.08482452970819677,0.0,0.1851142092949974,-0.02710504266467979,2.9800216899956506
