target_id,prot_ps,prot_acf,prot_cs,e_prot_ps,E_prot_ps,e_prot_acf,E_prot_acf,e_prot_cs,E_prot_cs,sph_ps,sph_acf,sph_cs,h_ps,fa_prob_ps,hacf,gacf,hcs
8652095,73.04845356739202,32.44875877164304,28.63699185788893,24.07729087312316,72.0459354880221,-1.0,-1.0,0.41439475683337534,0.41439475683337534,809.1687026141294,768.8598339610695,762.4203835439678,0.1570622220595689,0.0,0.0001696337839566242,-0.5784672597606578,0.09887853889700185
