target_id,prot_ps,prot_acf,prot_cs,e_prot_ps,E_prot_ps,e_prot_acf,E_prot_acf,e_prot_cs,E_prot_cs,sph_ps,sph_acf,sph_cs,h_ps,fa_prob_ps,hacf,gacf,hcs
8638473,95.37696540733683,8.43914067465812,97.10222383295185,9.603241385335409,11.994466552268563,-1.0,-1.0,9.690060678919899,9.690060678919899,752.0569387969448,726.272026974076,753.1748116819202,0.03105084146093868,0.0,0.047426953475652164,0.3287510834372288,0.33546856588822416
