target_id,prot_ps,prot_acf,prot_cs,e_prot_ps,E_prot_ps,e_prot_acf,E_prot_acf,e_prot_cs,E_prot_cs,sph_ps,sph_acf,sph_cs,h_ps,fa_prob_ps,hacf,gacf,hcs
8673011,91.31160336644604,2.390739760827273,91.70054182579143,2.5626288381161544,2.7134075246050458,-1.0,-1.0,4.090977208026952,4.090977208026952,679.9925777012322,586.5214232462168,679.5565862195132,0.06106464063119288,0.0,0.5504914611609775,0.8239990461526807,0.27118831215015954
