target_id,prot_ps,prot_acf,prot_cs,e_prot_ps,E_prot_ps,e_prot_acf,E_prot_acf,e_prot_cs,E_prot_cs,sph_ps,sph_acf,sph_cs,h_ps,fa_prob_ps,hacf,gacf,hcs
8677240,23.95062958669246,22.7631549667567,23.708827149756257,1.6953965221745797,1.978269284325048,-1.0,-1.0,0.7499564855412834,0.7499564855412834,4405.0487786692765,4315.783188327808,4443.295186545293,0.09269349969078206,0.0,0.7675808446932568,0.4636833209978234,0.8864387578296034
