target_id,prot_ps,prot_acf,prot_cs,e_prot_ps,E_prot_ps,e_prot_acf,E_prot_acf,e_prot_cs,E_prot_cs,sph_ps,sph_acf,sph_cs,h_ps,fa_prob_ps,hacf,gacf,hcs
8625369,73.04941650387218,34.410369135439396,121.81133098218156,22.808939242590277,59.746006260784554,-1.0,-1.0,5.619736412845635,5.619736412845635,860.383411361673,854.487567698404,824.3270966271065,0.10521773508511399,0.0,0.0006337343929667671,-0.4779859186704735,0.16444543614989546
