target_id,prot_ps,prot_acf,prot_cs,e_prot_ps,E_prot_ps,e_prot_acf,E_prot_acf,e_prot_cs,E_prot_cs,sph_ps,sph_acf,sph_cs,h_ps,fa_prob_ps,hacf,gacf,hcs
8620814,61.856279520720804,24.540826935786754,37.06012239541859,0.6119575233800063,0.6243153736362004,-1.0,-1.0,7.214233472992197,7.214233472992197,1099.6567439765768,1060.2269874926285,1084.7814230267709,0.09019549681208865,0.0,0.0004722660868795858,-0.34040256635544436,0.1474782508623053
