target_id,prot_ps,prot_acf,prot_cs,e_prot_ps,E_prot_ps,e_prot_acf,E_prot_acf,e_prot_cs,E_prot_cs,sph_ps,sph_acf,sph_cs,h_ps,fa_prob_ps,hacf,gacf,hcs
8637762,73.59802414408225,22.824549207929522,24.786397882462477,7.033725792257641,8.71643726851211,-1.0,-1.0,4.750120292507334,4.750120292507334,135.62859366221537,129.0686713671357,129.72520229592146,0.07208003466562081,0.0,0.0038464512277934515,-0.36615398455422793,0.19802884781295252
