target_id,prot_ps,prot_acf,prot_cs,e_prot_ps,E_prot_ps,e_prot_acf,E_prot_acf,e_prot_cs,E_prot_cs,sph_ps,sph_acf,sph_cs,h_ps,fa_prob_ps,hacf,gacf,hcs
8625766,73.04951261574712,27.38116073422134,28.64967426073916,1.7029627250953325,1.7853731212595534,-1.0,-1.0,0.3600364921820032,0.3600364921820032,874.3389948396996,863.7303400309447,867.5285013155766,0.07283473589258403,0.0,0.0011923101608736775,-0.39881969895006386,0.38138927397762457
