target_id,prot_ps,prot_acf,prot_cs,e_prot_ps,E_prot_ps,e_prot_acf,E_prot_acf,e_prot_cs,E_prot_cs,sph_ps,sph_acf,sph_cs,h_ps,fa_prob_ps,hacf,gacf,hcs
8631645,15.498772116269244,15.509208123665303,15.557947666792131,2.2640592921297333,3.1853982367536737,-1.0,-1.0,0.20954891495677072,0.20954891495677072,1921.1948295678458,1919.841587479432,1922.22401961078,0.10546506446861341,0.0,0.6305933846960915,0.3693450539547484,0.9701286107567859
