target_id,prot_ps,prot_acf,prot_cs,e_prot_ps,E_prot_ps,e_prot_acf,E_prot_acf,e_prot_cs,E_prot_cs,sph_ps,sph_acf,sph_cs,h_ps,fa_prob_ps,hacf,gacf,hcs
8684104,73.04927184165997,22.722240939736366,30.75062984731048,1.9605640812934553,2.0705978798636693,-1.0,-1.0,5.7099021761179705,5.7099021761179705,1609.6703698521737,1568.905587184171,1576.604789143185,0.09119658561626641,0.0,0.002644817223929785,-0.3428621891828399,0.2204684882093462
