target_id,prot_ps,prot_acf,prot_cs,e_prot_ps,E_prot_ps,e_prot_acf,E_prot_acf,e_prot_cs,E_prot_cs,sph_ps,sph_acf,sph_cs,h_ps,fa_prob_ps,hacf,gacf,hcs
8608137,73.04927514342862,26.37986905593425,121.5810454204583,28.046392944448606,124.95873886479148,-1.0,-1.0,5.57375649593036,5.57375649593036,266.68814484557413,263.1742622521713,258.2665715973087,0.05533222591120353,0.0,0.004371778175252805,-0.4790877841638664,0.10921837271477465
