target_id,prot_ps,prot_acf,prot_cs,e_prot_ps,E_prot_ps,e_prot_acf,E_prot_acf,e_prot_cs,E_prot_cs,sph_ps,sph_acf,sph_cs,h_ps,fa_prob_ps,hacf,gacf,hcs
8686086,7.4341167939604045,7.417453617788851,7.44430488063358,0.30361496963702095,0.33082939717824456,-1.0,-1.0,0.21723827433972548,0.21723827433972548,4818.364554233873,4806.862769487283,4812.752923499614,0.09167687842216729,0.0,1.0226029748869538,0.7550285250239118,0.9069319400658284
