target_id,prot_ps,prot_acf,prot_cs,e_prot_ps,E_prot_ps,e_prot_acf,E_prot_acf,e_prot_cs,E_prot_cs,sph_ps,sph_acf,sph_cs,h_ps,fa_prob_ps,hacf,gacf,hcs
8629865,63.52119382840933,17.266475076321512,62.87285501992331,3.965031285771687,4.537114304745636,-1.0,-1.0,5.411423660230742,5.411423660230742,731.2108536550917,715.212664185059,729.9459629884814,0.05449238293201851,0.0,0.3511695996567935,0.12194688801995984,0.9635908826693914
