target_id,prot_ps,prot_acf,prot_cs,e_prot_ps,E_prot_ps,e_prot_acf,E_prot_acf,e_prot_cs,E_prot_cs,sph_ps,sph_acf,sph_cs,h_ps,fa_prob_ps,hacf,gacf,hcs
8638728,0.4895099143493601,0.49041055887937546,50.768000137240904,0.0048738561543478776,0.0049725982242990185,-1.0,-1.0,1.9438782132693644,1.9438782132693644,209.16807476462876,209.22314809895303,230.72561605634337,0.13429901808244318,0.0,0.23116398011398281,0.7887229624654697,0.03071548289426414
