target_id,prot_ps,prot_acf,prot_cs,e_prot_ps,E_prot_ps,e_prot_acf,E_prot_acf,e_prot_cs,E_prot_cs,sph_ps,sph_acf,sph_cs,h_ps,fa_prob_ps,hacf,gacf,hcs
8672982,21.33298673930827,21.33281215466559,21.36536847258463,1.060192902455654,1.1759026034244648,-1.0,-1.0,0.2644974594441774,0.2644974594441774,277.60781501934144,277.60781501934144,277.6270561438843,0.07766855479261159,0.0,0.403272821229657,0.18140808156580376,0.9994691956931937
