target_id,prot_ps,prot_acf,prot_cs,e_prot_ps,E_prot_ps,e_prot_acf,E_prot_acf,e_prot_cs,E_prot_cs,sph_ps,sph_acf,sph_cs,h_ps,fa_prob_ps,hacf,gacf,hcs
8696343,61.33166689845519,10.339497529901564,63.35864268975333,15.602860077573851,31.43929604170362,-1.0,-1.0,6.2184203391597705,6.2184203391597705,137.30404639828714,123.70994243319866,136.77560015687234,0.048093290327477216,0.0,0.07393010317467498,0.20694777755325827,0.509241437263585
