target_id,prot_ps,prot_acf,prot_cs,e_prot_ps,E_prot_ps,e_prot_acf,E_prot_acf,e_prot_cs,E_prot_cs,sph_ps,sph_acf,sph_cs,h_ps,fa_prob_ps,hacf,gacf,hcs
8701662,1.7337519003290165,1.6551345800980926,1.73712609681363,0.01719570587059538,0.01754340030049928,-1.0,-1.0,0.008924075754227042,0.008924075754227042,419.03719248908885,416.5784971821171,418.7695711329726,0.2046851426987257,0.0,0.6757725070717855,0.7414070137922476,0.21668974053337645
