target_id,prot_ps,prot_acf,prot_cs,e_prot_ps,E_prot_ps,e_prot_acf,E_prot_acf,e_prot_cs,E_prot_cs,sph_ps,sph_acf,sph_cs,h_ps,fa_prob_ps,hacf,gacf,hcs
8740088,54.1106984335202,19.65723659377545,32.872743628104224,8.77484446226513,12.924826257335205,-1.0,-1.0,3.991451607241734,3.991451607241734,216.44288229171934,215.49139660519188,216.35622826727786,0.04984744464225815,0.0,0.005728835695863438,-0.2769272742019718,0.22520660833293382
