target_id,prot_ps,prot_acf,prot_cs,e_prot_ps,E_prot_ps,e_prot_acf,E_prot_acf,e_prot_cs,E_prot_cs,sph_ps,sph_acf,sph_cs,h_ps,fa_prob_ps,hacf,gacf,hcs
8781470,61.33176211569763,27.01351169217378,31.846671510322373,13.736970622510377,25.087412406098537,-1.0,-1.0,5.982031087733983,5.982031087733983,226.71114801795588,219.12829364530643,225.20129655388004,0.09796100974747957,0.0,0.010348818240498436,-0.39138423088067,0.10976621361151379
