target_id,prot_ps,prot_acf,prot_cs,e_prot_ps,E_prot_ps,e_prot_acf,E_prot_acf,e_prot_cs,E_prot_cs,sph_ps,sph_acf,sph_cs,h_ps,fa_prob_ps,hacf,gacf,hcs
8748615,23.950638411206157,22.885765582323074,23.70883579451591,4.209685165320089,6.456718899195895,-1.0,-1.0,1.6671048812680507,1.6671048812680507,2368.1030069623575,2331.6184980936073,2372.16504717852,0.06662254514967557,0.0,0.5505253786552815,0.23443187924801948,0.8970010925468244
