target_id,prot_ps,prot_acf,prot_cs,e_prot_ps,E_prot_ps,e_prot_acf,E_prot_acf,e_prot_cs,E_prot_cs,sph_ps,sph_acf,sph_cs,h_ps,fa_prob_ps,hacf,gacf,hcs
8703914,44.60472183959683,25.6239423584193,33.78457542036358,0.44271657529500885,0.45167149742037793,-1.0,-1.0,5.613882812046283,5.613882812046283,568.3268580525449,559.7588371017883,567.6497918071304,0.04297078881311027,0.0,0.3076780040665238,-0.022667144250166704,6.340083716718089
