target_id,prot_ps,prot_acf,prot_cs,e_prot_ps,E_prot_ps,e_prot_acf,E_prot_acf,e_prot_cs,E_prot_cs,sph_ps,sph_acf,sph_cs,h_ps,fa_prob_ps,hacf,gacf,hcs
8760104,10.876334653309216,10.748149562627077,10.909140551723318,0.6458596970236741,0.7329355468835317,-1.0,-1.0,0.18575545724652698,0.18575545724652698,3224.445507908538,3225.84961296671,3231.0913671806998,0.11896797580707698,0.0,0.7797519641687879,0.48804549201408404,0.9471968204254518
