target_id,prot_ps,prot_acf,prot_cs,e_prot_ps,E_prot_ps,e_prot_acf,E_prot_acf,e_prot_cs,E_prot_cs,sph_ps,sph_acf,sph_cs,h_ps,fa_prob_ps,hacf,gacf,hcs
8760132,54.516909343082325,1.9003379275090992,1.8161509139463303,0.5570674906082544,0.5686929675655819,-1.0,-1.0,0.28989424290454296,0.28989424290454296,345.9342838402763,299.4710212463195,297.2628590942963,0.022526000398139664,0.0,0.38637748663114246,0.6488107534933326,0.09595958335552311
