target_id,prot_ps,prot_acf,prot_cs,e_prot_ps,E_prot_ps,e_prot_acf,E_prot_acf,e_prot_cs,E_prot_cs,sph_ps,sph_acf,sph_cs,h_ps,fa_prob_ps,hacf,gacf,hcs
8767249,72.935389979378,33.531762359663844,37.953418701533224,3.18332210899068,3.4861963496487505,-1.0,-1.0,5.270683695608794,5.270683695608794,522.2821952227788,538.8566851839217,541.6025898981671,0.17302670982964893,0.0,0.0013600720357181684,-0.4223311307824162,0.1924946474601242
