target_id,prot_ps,prot_acf,prot_cs,e_prot_ps,E_prot_ps,e_prot_acf,E_prot_acf,e_prot_cs,E_prot_cs,sph_ps,sph_acf,sph_cs,h_ps,fa_prob_ps,hacf,gacf,hcs
8707472,47.12804001596005,24.888283682987094,26.573128002398374,9.297744733225123,15.257913985022626,-1.0,-1.0,0.33774853045254744,0.33774853045254744,350.97348467267193,342.1902725640486,345.7757277075719,0.08179624393552312,0.0,0.0008726838299293327,-0.5033109100878979,0.17069360501431607
