target_id,prot_ps,prot_acf,prot_cs,e_prot_ps,E_prot_ps,e_prot_acf,E_prot_acf,e_prot_cs,E_prot_cs,sph_ps,sph_acf,sph_cs,h_ps,fa_prob_ps,hacf,gacf,hcs
8760921,73.04942416547154,26.073417469859123,28.749639215036336,2.786270000431486,3.015640301444037,-1.0,-1.0,1.1850248048361183,1.1850248048361183,235.17784366390345,230.8579861386914,231.61103496100606,0.06165653424625315,0.0,0.0006651108155756313,-0.39408607277127644,0.23340318582881228
