target_id,prot_ps,prot_acf,prot_cs,e_prot_ps,E_prot_ps,e_prot_acf,E_prot_acf,e_prot_cs,E_prot_cs,sph_ps,sph_acf,sph_cs,h_ps,fa_prob_ps,hacf,gacf,hcs
8749052,52.56983322626368,22.293231922667474,28.974914008974963,2.0246229440095505,2.19175708112963,-1.0,-1.0,0.8089306229053402,0.8089306229053402,182.09347304832576,182.33309096170706,182.61339915671778,0.07730728771559431,0.0,0.008278529583329475,-0.41185472437478965,0.11155603836638248
