target_id,prot_ps,prot_acf,prot_cs,e_prot_ps,E_prot_ps,e_prot_acf,E_prot_acf,e_prot_cs,E_prot_cs,sph_ps,sph_acf,sph_cs,h_ps,fa_prob_ps,hacf,gacf,hcs
8701922,3.755752959439764,3.8211028040386736,3.797399706430733,0.23062379474692607,0.2625447286552549,-1.0,-1.0,0.1632397340547129,0.1632397340547129,2275.535999116216,2282.342125430289,2282.217428347632,0.0574289926887668,0.0,1.1333210468050905,0.7771826945044481,0.6317118698888781
