target_id,prot_ps,prot_acf,prot_cs,e_prot_ps,E_prot_ps,e_prot_acf,E_prot_acf,e_prot_cs,E_prot_cs,sph_ps,sph_acf,sph_cs,h_ps,fa_prob_ps,hacf,gacf,hcs
8758300,54.1106192559429,21.353204033803195,28.934510981766504,0.667768224086501,0.6844991472870134,-1.0,-1.0,4.548338351421595,4.548338351421595,438.11446589745066,420.3666904792187,425.42408623280335,0.11275473666768558,0.0,0.00016095620819095435,-0.4267782300724715,0.15044962530298672
