target_id,prot_ps,prot_acf,prot_cs,e_prot_ps,E_prot_ps,e_prot_acf,E_prot_acf,e_prot_cs,E_prot_cs,sph_ps,sph_acf,sph_cs,h_ps,fa_prob_ps,hacf,gacf,hcs
8782887,73.04935602261048,27.748956620693207,28.934519553780554,0.7182454778820215,0.7327877692117113,-1.0,-1.0,2.9845643009667633,2.9845643009667633,1420.884362557446,1350.3505081723588,1377.8984700633805,0.10960341352833108,0.0,9.476037332623033e-05,-0.5164106633895414,0.12401530482598762
