target_id,prot_ps,prot_acf,prot_cs,e_prot_ps,E_prot_ps,e_prot_acf,E_prot_acf,e_prot_cs,E_prot_cs,sph_ps,sph_acf,sph_cs,h_ps,fa_prob_ps,hacf,gacf,hcs
8814123,10.075768489367888,10.482479830272496,10.174544214205815,0.39918977647847065,0.4331698777458808,-1.0,-1.0,0.4548139671851734,0.4548139671851734,1500.1183365593226,1499.933511626743,1481.997142623954,0.043843900530300545,0.0,0.5156940538554005,0.3693868013900659,0.9092862459130456
