target_id,prot_ps,prot_acf,prot_cs,e_prot_ps,E_prot_ps,e_prot_acf,E_prot_acf,e_prot_cs,E_prot_cs,sph_ps,sph_acf,sph_cs,h_ps,fa_prob_ps,hacf,gacf,hcs
8866936,91.31154928932597,22.660930634476244,47.029908234122686,1.374351766993243,1.4169429491154375,-1.0,-1.0,1.202038330883528,1.202038330883528,396.6656329415253,385.0327928391741,393.3792564594492,0.09256766915227883,0.0,0.0002770393674829119,-0.34284013146448455,0.21882183797420554
