target_id,prot_ps,prot_acf,prot_cs,e_prot_ps,E_prot_ps,e_prot_acf,E_prot_acf,e_prot_cs,E_prot_cs,sph_ps,sph_acf,sph_cs,h_ps,fa_prob_ps,hacf,gacf,hcs
8889270,73.59775759450706,22.824506556149572,34.74482343930419,8.621408193917233,11.293839951514897,-1.0,-1.0,1.4535976073009567,1.4535976073009567,418.18270855072865,390.88679454443405,404.4492188937231,0.13208254326573035,0.0,0.16631265480209892,-0.07993450722613289,0.8231421299285697
