target_id,prot_ps,prot_acf,prot_cs,e_prot_ps,E_prot_ps,e_prot_acf,E_prot_acf,e_prot_cs,E_prot_cs,sph_ps,sph_acf,sph_cs,h_ps,fa_prob_ps,hacf,gacf,hcs
8816888,73.5977909647118,5.149308990687132,5.178733613491059,2.2663811094865167,2.414470089895474,-1.0,-1.0,0.2390097673262645,0.2390097673262645,433.2598027556412,398.38650614615045,397.7465224542116,0.054129271849027646,0.0,0.3321270812154049,0.4326033631878288,0.30772758568723124
