target_id,prot_ps,prot_acf,prot_cs,e_prot_ps,E_prot_ps,e_prot_acf,E_prot_acf,e_prot_cs,E_prot_cs,sph_ps,sph_acf,sph_cs,h_ps,fa_prob_ps,hacf,gacf,hcs
8803050,91.31163067009528,20.39281232934445,30.768830538480547,1.4069974497614766,1.4516131631361873,-1.0,-1.0,4.197441830713711,4.197441830713711,272.41365793405964,269.1240966658763,265.69796941296875,0.03650010942992346,0.0,0.005552907189450132,-0.24859945255066257,0.3420359838982521
