target_id,prot_ps,prot_acf,prot_cs,e_prot_ps,E_prot_ps,e_prot_acf,E_prot_acf,e_prot_cs,E_prot_cs,sph_ps,sph_acf,sph_cs,h_ps,fa_prob_ps,hacf,gacf,hcs
8882530,67.74746614622713,25.86905794031918,45.806067259918045,19.34796580492462,44.525907641067306,-1.0,-1.0,1.0135012600580076,1.0135012600580076,1170.6352973100245,1159.978983695969,1166.6566515922539,0.0661117816765625,0.0,0.01339492435364753,-0.3108452192058193,0.2558917451249773
