target_id,prot_ps,prot_acf,prot_cs,e_prot_ps,E_prot_ps,e_prot_acf,E_prot_acf,e_prot_cs,E_prot_cs,sph_ps,sph_acf,sph_cs,h_ps,fa_prob_ps,hacf,gacf,hcs
8889293,72.93538596119959,1.4099277541972697,73.6572822648892,2.6026383195464433,2.800906471674992,-1.0,-1.0,4.402399812383271,4.402399812383271,758.0221978376131,673.8754151924859,757.4379300053884,0.04784198643499727,0.0,0.015837388960784737,0.8042465530831571,0.24477534568598194
