target_id,prot_ps,prot_acf,prot_cs,e_prot_ps,E_prot_ps,e_prot_acf,E_prot_acf,e_prot_cs,E_prot_cs,sph_ps,sph_acf,sph_cs,h_ps,fa_prob_ps,hacf,gacf,hcs
8846848,73.04850588244771,0.2860723827034235,74.2970845364034,3.6300284321840195,4.026175637129526,-1.0,-1.0,5.994818239374431,5.994818239374431,735.4908944657377,383.1390522773323,735.6962525245804,0.1304347394583785,0.0,0.1042856667704648,1.0635304447137486,0.14542479934928115
