target_id,prot_ps,prot_acf,prot_cs,e_prot_ps,E_prot_ps,e_prot_acf,E_prot_acf,e_prot_cs,E_prot_cs,sph_ps,sph_acf,sph_cs,h_ps,fa_prob_ps,hacf,gacf,hcs
8804313,48.69882485602646,14.569204321596771,15.338918210901197,1.1145188197728118,1.168392292446164,-1.0,-1.0,0.1794006961942639,0.1794006961942639,527.8214670725125,506.5985328052817,513.9140904130393,0.04134807105950479,0.0,8.147356376160542e-05,-0.1626087018275814,0.6102997757188743
