target_id,prot_ps,prot_acf,prot_cs,e_prot_ps,E_prot_ps,e_prot_acf,E_prot_acf,e_prot_cs,E_prot_cs,sph_ps,sph_acf,sph_cs,h_ps,fa_prob_ps,hacf,gacf,hcs
8803045,91.31155748453102,25.950752506032586,30.121467540683227,0.9016539735967939,0.9198444328151538,-1.0,-1.0,1.0041730183871584,1.0041730183871584,1142.6219521012424,1094.8224356189417,1090.5333445814267,0.08456738586438581,0.0,0.10359188540213729,-0.2740760163755881,0.30441233572074805
