target_id,prot_ps,prot_acf,prot_cs,e_prot_ps,E_prot_ps,e_prot_acf,E_prot_acf,e_prot_cs,E_prot_cs,sph_ps,sph_acf,sph_cs,h_ps,fa_prob_ps,hacf,gacf,hcs
8894479,4.794702179787745,4.924520171713084,4.849937189859337,0.3662095245738133,0.43145823839457353,-1.0,-1.0,0.36432187059329013,0.36432187059329013,1166.1284521383309,1151.4979644275525,1167.5596771173482,0.03109107046725203,0.0,0.8130000931396117,0.6595465575221324,0.5836778499818414
