target_id,prot_ps,prot_acf,prot_cs,e_prot_ps,E_prot_ps,e_prot_acf,E_prot_acf,e_prot_cs,E_prot_cs,sph_ps,sph_acf,sph_cs,h_ps,fa_prob_ps,hacf,gacf,hcs
8871360,21.173738566425847,21.70059552323073,21.321146726665035,0.7307412593838905,0.78433748999662,-1.0,-1.0,0.47307571120266323,0.47307571120266323,3806.2585569449125,3800.686214859465,3798.868486525109,0.19097422044345455,0.0,0.951246050206549,0.5000384217128103,0.9666556906150233
