target_id,prot_ps,prot_acf,prot_cs,e_prot_ps,E_prot_ps,e_prot_acf,E_prot_acf,e_prot_cs,E_prot_cs,sph_ps,sph_acf,sph_cs,h_ps,fa_prob_ps,hacf,gacf,hcs
8871919,52.17753690954317,19.269030205439776,22.701900910120454,10.021741200114775,16.374898195690747,-1.0,-1.0,1.9278443276713348,1.9278443276713348,1088.6563059171035,1032.1181685566357,1051.150952240039,0.07604262550866024,0.0,1.2582261646854054e-05,-0.27012752330275897,0.5392826388116746
