target_id,prot_ps,prot_acf,prot_cs,e_prot_ps,E_prot_ps,e_prot_acf,E_prot_acf,e_prot_cs,E_prot_cs,sph_ps,sph_acf,sph_cs,h_ps,fa_prob_ps,hacf,gacf,hcs
8943453,93.24255925102618,14.89556691236794,14.955423360691949,1.6964279580605393,1.7603881918689126,-1.0,-1.0,1.2832943523136073,1.2832943523136073,947.2590178724819,588.3519140284263,604.4171091345293,0.044479055560508095,0.0,0.6742125103788682,0.5194137912693242,0.7664130674741952
