target_id,prot_ps,prot_acf,prot_cs,e_prot_ps,E_prot_ps,e_prot_acf,E_prot_acf,e_prot_cs,E_prot_cs,sph_ps,sph_acf,sph_cs,h_ps,fa_prob_ps,hacf,gacf,hcs
8943248,121.74876821014445,31.140908684581518,28.644118117488624,2.324009964755575,2.416595609928919,-1.0,-1.0,0.3890717996165831,0.3890717996165831,681.2104809311054,667.5942704701829,668.2585300376984,0.06587644409392372,0.0,0.0008201617226640256,-0.44150201121008853,0.277674982317796
