target_id,prot_ps,prot_acf,prot_cs,e_prot_ps,E_prot_ps,e_prot_acf,E_prot_acf,e_prot_cs,E_prot_cs,sph_ps,sph_acf,sph_cs,h_ps,fa_prob_ps,hacf,gacf,hcs
8938937,85.94049439642457,9.338206301443279,64.20497024470008,22.80075003690088,48.0330256882296,-1.0,-1.0,2.934184038157448,2.934184038157448,1073.1558419831301,1019.166319872093,1031.7167883806746,0.018099546571715464,9.224750224516024e-279,0.0003893162486611635,-0.020333009104280198,3.90339599636169
