target_id,prot_ps,prot_acf,prot_cs,e_prot_ps,E_prot_ps,e_prot_acf,E_prot_acf,e_prot_cs,E_prot_cs,sph_ps,sph_acf,sph_cs,h_ps,fa_prob_ps,hacf,gacf,hcs
8939718,60.87445387398204,15.795243038330227,30.75066138212569,11.142987114736151,17.477450298069485,-1.0,-1.0,5.341451220144379,5.341451220144379,474.62996110910126,467.59830285865775,473.31580708979357,0.0319238086326819,0.0,0.0035950749328572534,-0.11064698275384313,0.9555035829707634
