target_id,prot_ps,prot_acf,prot_cs,e_prot_ps,E_prot_ps,e_prot_acf,E_prot_acf,e_prot_cs,E_prot_cs,sph_ps,sph_acf,sph_cs,h_ps,fa_prob_ps,hacf,gacf,hcs
8938922,13.381579104636321,13.404526866972446,13.383524393863693,1.7175717862051965,2.3028066623204317,-1.0,-1.0,0.11851134954519622,0.11851134954519622,1400.6494064545295,1401.5965105817977,1400.6494064545295,0.13709366915511717,0.0,0.7714449380861421,0.42418075695606106,0.9850074909024915
