target_id,prot_ps,prot_acf,prot_cs,e_prot_ps,E_prot_ps,e_prot_acf,E_prot_acf,e_prot_cs,E_prot_cs,sph_ps,sph_acf,sph_cs,h_ps,fa_prob_ps,hacf,gacf,hcs
9083864,58.47796749221428,22.43632908537984,27.410941394884144,15.727744795602774,33.64397869057313,-1.0,-1.0,2.0863041332517636,2.0863041332517636,1837.6152043487807,1577.95523023869,1714.7204294788157,0.06797421697953243,0.0,0.06810852476235096,-0.27038534284942034,0.19045296734298658
