target_id,prot_ps,prot_acf,prot_cs,e_prot_ps,E_prot_ps,e_prot_acf,E_prot_acf,e_prot_cs,E_prot_cs,sph_ps,sph_acf,sph_cs,h_ps,fa_prob_ps,hacf,gacf,hcs
9088259,73.04927668622003,27.728491963353008,28.671343201701667,23.011631294215114,63.27624968194944,-1.0,-1.0,0.3846657104390636,0.3846657104390636,915.4587869432717,900.4370337711603,901.3697568753354,0.08201395674999679,0.0,0.0005078951446111923,-0.45315368050030613,0.33349813814883766
