target_id,prot_ps,prot_acf,prot_cs,e_prot_ps,E_prot_ps,e_prot_acf,E_prot_acf,e_prot_cs,E_prot_cs,sph_ps,sph_acf,sph_cs,h_ps,fa_prob_ps,hacf,gacf,hcs
9004915,47.1285872037283,21.57796722650528,28.631593564159818,9.500198169909233,15.810715359282298,-1.0,-1.0,0.4106916767721476,0.4106916767721476,257.4545959948851,252.3250257449238,255.8600119625608,0.044454900114051496,0.0,0.001902429057669991,-0.4104373549662429,0.24282136823156897
