target_id,prot_ps,prot_acf,prot_cs,e_prot_ps,E_prot_ps,e_prot_acf,E_prot_acf,e_prot_cs,E_prot_cs,sph_ps,sph_acf,sph_cs,h_ps,fa_prob_ps,hacf,gacf,hcs
9087548,52.17758259460572,28.300774712115526,28.67175230185228,11.325580449954415,19.861618460521363,-1.0,-1.0,0.3841648647024716,0.3841648647024716,294.20595885564165,297.2359252693813,294.9013040158353,0.0662852131377257,0.0,0.011462214200503168,-0.41486074231041065,0.5218525763161583
