target_id,prot_ps,prot_acf,prot_cs,e_prot_ps,E_prot_ps,e_prot_acf,E_prot_acf,e_prot_cs,E_prot_cs,sph_ps,sph_acf,sph_cs,h_ps,fa_prob_ps,hacf,gacf,hcs
9028438,52.17756677201235,27.42206813301891,28.509856786869488,1.1102013894950815,1.159030404438873,-1.0,-1.0,0.6503471647597631,0.6503471647597631,314.979115015554,306.6196705662555,306.4763724914253,0.11969210247051704,0.0,1.222779074794289e-05,-0.41187966889538824,0.1987521628732285
