target_id,prot_ps,prot_acf,prot_cs,e_prot_ps,E_prot_ps,e_prot_acf,E_prot_acf,e_prot_cs,E_prot_cs,sph_ps,sph_acf,sph_cs,h_ps,fa_prob_ps,hacf,gacf,hcs
9009486,16.054630078396706,16.081368582323194,16.131925406831098,0.658429152705942,0.717205856498758,-1.0,-1.0,0.23923195967637045,0.23923195967637045,7635.424369925261,7630.031736047406,7631.749886687687,0.23733843454304482,0.0,1.2350595125228847,0.6993281366237025,0.9867933989114382
