target_id,prot_ps,prot_acf,prot_cs,e_prot_ps,E_prot_ps,e_prot_acf,E_prot_acf,e_prot_cs,E_prot_cs,sph_ps,sph_acf,sph_cs,h_ps,fa_prob_ps,hacf,gacf,hcs
9042916,47.128062439364214,26.543426737189293,37.08049283847213,8.897991248570428,14.210251509512176,-1.0,-1.0,5.05523607814313,5.05523607814313,388.76393627575504,380.4924104733083,385.1920147235703,0.10130377156805552,0.0,0.0003351703674032702,-0.5211167529326509,0.07202745910906713
