target_id,prot_ps,prot_acf,prot_cs,e_prot_ps,E_prot_ps,e_prot_acf,E_prot_acf,e_prot_cs,E_prot_cs,sph_ps,sph_acf,sph_cs,h_ps,fa_prob_ps,hacf,gacf,hcs
9093015,13.654107442834711,13.48623689264059,13.764052614265927,1.174049618311665,1.4149446061221553,-1.0,-1.0,0.6909154940574269,0.6909154940574269,841.6523097943914,844.7052675967228,837.5316611716771,0.05309145325975601,0.0,0.7051544927065418,0.4314850326664052,0.9880863726304732
