target_id,prot_ps,prot_acf,prot_cs,e_prot_ps,E_prot_ps,e_prot_acf,E_prot_acf,e_prot_cs,E_prot_cs,sph_ps,sph_acf,sph_cs,h_ps,fa_prob_ps,hacf,gacf,hcs
9076373,85.93950575094418,15.67269661044702,22.252368459943686,2.6482109741054245,2.8202860959956126,-1.0,-1.0,1.2887906060530234,1.2887906060530234,379.2632598226303,369.4336112868191,371.72211196722276,0.034724779781173123,0.0,0.003758201752342538,-0.2817511488647539,0.29533957794882176
