target_id,prot_ps,prot_acf,prot_cs,e_prot_ps,E_prot_ps,e_prot_acf,E_prot_acf,e_prot_cs,E_prot_cs,sph_ps,sph_acf,sph_cs,h_ps,fa_prob_ps,hacf,gacf,hcs
9039904,73.59781996105158,34.88039138400927,41.2967895670524,2.263867599128332,2.4106901111161534,-1.0,-1.0,8.590140243465203,8.590140243465203,383.635658981532,369.17612576042535,379.7891672672331,0.21841635838125192,0.0,1.583612653410782e-05,-0.4650317087133505,0.09202055926643811
