target_id,prot_ps,prot_acf,prot_cs,e_prot_ps,E_prot_ps,e_prot_acf,E_prot_acf,e_prot_cs,E_prot_cs,sph_ps,sph_acf,sph_cs,h_ps,fa_prob_ps,hacf,gacf,hcs
9026586,73.0493388372453,2.738114326260984,2.8651409369340977,4.303622642469733,4.884963104719802,-1.0,-1.0,0.11872886017878811,0.11872886017878811,490.7991878503111,417.22596887894565,423.4327315843877,0.028514661504990154,0.0,0.2662028532882006,0.6725364884146791,0.1557351617437561
