target_id,prot_ps,prot_acf,prot_cs,e_prot_ps,E_prot_ps,e_prot_acf,E_prot_acf,e_prot_cs,E_prot_cs,sph_ps,sph_acf,sph_cs,h_ps,fa_prob_ps,hacf,gacf,hcs
9019145,73.04845612190908,29.526737129781395,28.59224321945242,22.088983279378702,56.758330985660905,-1.0,-1.0,0.49210914688180185,0.49210914688180185,366.29665203040827,360.79557312493546,359.2449511104072,0.16207829909239665,0.0,0.00037435697700899384,-0.5100611616256117,0.13667250843957068
