target_id,prot_ps,prot_acf,prot_cs,e_prot_ps,E_prot_ps,e_prot_acf,E_prot_acf,e_prot_cs,E_prot_cs,sph_ps,sph_acf,sph_cs,h_ps,fa_prob_ps,hacf,gacf,hcs
9022284,121.74801513222603,1.8799383733421564,125.97712249118834,5.913235637074266,6.54240234668903,-1.0,-1.0,9.771577528242041,9.771577528242041,542.2928345973004,278.15903797379684,537.6417079261291,0.05936859687585549,0.0,0.3625257121833417,0.9162456849655192,0.08401515024088956
