target_id,prot_ps,prot_acf,prot_cs,e_prot_ps,E_prot_ps,e_prot_acf,E_prot_acf,e_prot_cs,E_prot_cs,sph_ps,sph_acf,sph_cs,h_ps,fa_prob_ps,hacf,gacf,hcs
9142334,21.17348359702874,21.04675866663456,21.365872251680297,2.9428412985887142,4.06018057296361,-1.0,-1.0,1.0897432978967478,1.0897432978967478,1053.0064637099508,1054.5581355595475,1052.9394533742131,0.10661888378908184,0.0,0.7648665067676776,0.3776373361408617,0.987645727329985
