target_id,prot_ps,prot_acf,prot_cs,e_prot_ps,E_prot_ps,e_prot_acf,E_prot_acf,e_prot_cs,E_prot_cs,sph_ps,sph_acf,sph_cs,h_ps,fa_prob_ps,hacf,gacf,hcs
9112027,85.9477139142565,3.8210757225751877,21.01816416576505,7.960485783878667,9.748744129246191,-1.0,-1.0,4.153711457631099,4.153711457631099,510.58750129921305,438.47143510634066,510.58750129921305,0.19151818151728695,1.4965734514127816e-190,0.0014343801995638783,0.5043214710754731,0.1488511089397089
