target_id,prot_ps,prot_acf,prot_cs,e_prot_ps,E_prot_ps,e_prot_acf,E_prot_acf,e_prot_cs,E_prot_cs,sph_ps,sph_acf,sph_cs,h_ps,fa_prob_ps,hacf,gacf,hcs
9164429,91.3117291597626,28.566314150579274,40.98714370678178,3.5761390340805974,3.8767620022149174,-1.0,-1.0,7.1429238494344895,7.1429238494344895,427.3278245936922,419.2366803992071,420.68142118548957,0.05873589844507556,0.0,0.017090999274708835,-0.30354219888397355,0.2864287027100853
