target_id,prot_ps,prot_acf,prot_cs,e_prot_ps,E_prot_ps,e_prot_acf,E_prot_acf,e_prot_cs,E_prot_cs,sph_ps,sph_acf,sph_cs,h_ps,fa_prob_ps,hacf,gacf,hcs
9143683,91.30940908789574,34.59428672399372,52.18945074061702,3.205120661229415,3.444519885085157,-1.0,-1.0,1.3228589350898532,1.3228589350898532,834.7860735078151,740.9418084402128,769.0487069472592,0.16025551547594177,0.0,0.001100559193812245,-0.586324605057549,0.10286823717220225
