target_id,prot_ps,prot_acf,prot_cs,e_prot_ps,E_prot_ps,e_prot_acf,E_prot_acf,e_prot_cs,E_prot_cs,sph_ps,sph_acf,sph_cs,h_ps,fa_prob_ps,hacf,gacf,hcs
9117974,73.04938169899641,26.379907530732453,36.17010218303651,1.5921180627040599,1.6639234895322517,-1.0,-1.0,19.544575126831763,19.544575126831763,1810.6492999608513,1592.45865640365,1609.7770669865758,0.12100394210641789,0.0,5.995210802312023e-05,-0.43072539760995715,0.11186544864130907
