target_id,prot_ps,prot_acf,prot_cs,e_prot_ps,E_prot_ps,e_prot_acf,E_prot_acf,e_prot_cs,E_prot_cs,sph_ps,sph_acf,sph_cs,h_ps,fa_prob_ps,hacf,gacf,hcs
9163303,73.04928969374129,26.134670961648226,45.61845319204791,2.7630037332475723,2.991572209993521,-1.0,-1.0,0.9898716875430609,0.9898716875430609,993.1543401496099,988.1190650322055,983.1065722167677,0.07250984962361233,0.0,0.012543919318173502,-0.33326854984189214,0.1894854334419583
