target_id,prot_ps,prot_acf,prot_cs,e_prot_ps,E_prot_ps,e_prot_acf,E_prot_acf,e_prot_cs,E_prot_cs,sph_ps,sph_acf,sph_cs,h_ps,fa_prob_ps,hacf,gacf,hcs
9137443,54.11060436524317,20.43368248268962,26.582860306277908,15.480887145887607,35.709104290735866,-1.0,-1.0,0.33323672056064396,0.33323672056064396,333.89155549887215,330.5303037661356,330.9888495469122,0.07379132133520569,0.0,0.0003802341580315116,-0.3408788500482155,0.3663303286236445
