target_id,prot_ps,prot_acf,prot_cs,e_prot_ps,E_prot_ps,e_prot_acf,E_prot_acf,e_prot_cs,E_prot_cs,sph_ps,sph_acf,sph_cs,h_ps,fa_prob_ps,hacf,gacf,hcs
9179536,47.1281081961716,6.41620057169348,6.707381648593581,8.066077244230193,12.200648420085713,-1.0,-1.0,0.16657232701559807,0.16657232701559807,596.5758321245218,488.70558871085626,485.51058031140377,0.06932365607542428,0.0,0.394767846508953,0.6522020941654618,0.3525478674316345
