target_id,prot_ps,prot_acf,prot_cs,e_prot_ps,E_prot_ps,e_prot_acf,E_prot_acf,e_prot_cs,E_prot_cs,sph_ps,sph_acf,sph_cs,h_ps,fa_prob_ps,hacf,gacf,hcs
9173741,20.57729692722686,19.922864937689155,20.59633653083162,3.5282402493319616,5.341741651825895,-1.0,-1.0,0.2279107303050906,0.2279107303050906,1418.7190335161906,1407.5275257838102,1418.4582130865185,0.17248654916358133,0.0,0.5821469943368293,0.21472469916774328,0.9597062865853019
