target_id,prot_ps,prot_acf,prot_cs,e_prot_ps,E_prot_ps,e_prot_acf,E_prot_acf,e_prot_cs,E_prot_cs,sph_ps,sph_acf,sph_cs,h_ps,fa_prob_ps,hacf,gacf,hcs
9151799,26.563434567673248,23.989143781363964,24.60051957517862,4.4692929475243055,6.770267316967974,-1.0,-1.0,2.82010689507482,2.82010689507482,2638.566791241167,2648.335293418117,2639.843874457636,0.05437104643655845,0.0,0.6244983846771534,0.3122419049889576,0.8152362500265294
