target_id,prot_ps,prot_acf,prot_cs,e_prot_ps,E_prot_ps,e_prot_acf,E_prot_acf,e_prot_cs,E_prot_cs,sph_ps,sph_acf,sph_cs,h_ps,fa_prob_ps,hacf,gacf,hcs
9151070,89.48307481807167,13.567422833293676,59.21509195819643,8.28882493624495,10.150946582591601,-1.0,-1.0,6.3332280062440995,6.3332280062440995,4144.434168366278,4375.076382539182,4144.434168366278,0.3670060917681619,0.0,0.00013622072707709237,-0.04102563515271806,2.7697516797640045
