target_id,prot_ps,prot_acf,prot_cs,e_prot_ps,E_prot_ps,e_prot_acf,E_prot_acf,e_prot_cs,E_prot_cs,sph_ps,sph_acf,sph_cs,h_ps,fa_prob_ps,hacf,gacf,hcs
9152963,54.11061117314555,27.074632374569774,28.653738433084666,9.193137707222675,13.853279210283077,-1.0,-1.0,0.36249751564887545,0.36249751564887545,1494.5490037198008,1453.9838364557424,1450.7217875874162,0.07720328998183501,0.0,0.000151777739651332,-0.4342059630928815,0.5326808933961098
