target_id,prot_ps,prot_acf,prot_cs,e_prot_ps,E_prot_ps,e_prot_acf,E_prot_acf,e_prot_cs,E_prot_cs,sph_ps,sph_acf,sph_cs,h_ps,fa_prob_ps,hacf,gacf,hcs
9145742,54.110587221430215,25.623830242082477,26.354742847951126,11.677317546261314,20.389697820070054,-1.0,-1.0,3.6771938819806107,3.6771938819806107,298.18149920304137,297.41801139391976,295.4608798804108,0.06620388117915703,0.0,0.00029353570782522653,-0.26988867205581346,0.24709823190424451
