target_id,prot_ps,prot_acf,prot_cs,e_prot_ps,E_prot_ps,e_prot_acf,E_prot_acf,e_prot_cs,E_prot_cs,sph_ps,sph_acf,sph_cs,h_ps,fa_prob_ps,hacf,gacf,hcs
9164664,72.93520207129731,37.31197053659707,41.75078727244755,13.584159188950366,21.520291847006945,-1.0,-1.0,6.192415647090797,6.192415647090797,2932.834633574314,2530.6649836256443,2586.399831667023,0.21663667299747721,0.0,2.5508605155155628e-05,-0.562014875608156,0.12059043378052195
