target_id,prot_ps,prot_acf,prot_cs,e_prot_ps,E_prot_ps,e_prot_acf,E_prot_acf,e_prot_cs,E_prot_cs,sph_ps,sph_acf,sph_cs,h_ps,fa_prob_ps,hacf,gacf,hcs
9160324,73.0485033064964,21.802801316604018,91.6406202171343,10.566031720436456,14.806559799674716,-1.0,-1.0,2.593433101284578,2.593433101284578,430.98451830261206,429.07829100380764,430.9945629851248,0.030086051303103826,0.0,0.12113876514089716,0.039003486835799524,2.3866340559332246
