target_id,prot_ps,prot_acf,prot_cs,e_prot_ps,E_prot_ps,e_prot_acf,E_prot_acf,e_prot_cs,E_prot_cs,sph_ps,sph_acf,sph_cs,h_ps,fa_prob_ps,hacf,gacf,hcs
9158504,73.04939797068145,31.69267764268443,25.013307901974752,2.5075146402753887,2.690368348209887,-1.0,-1.0,5.612318755758401,5.612318755758401,835.2680232801742,836.3015387124949,820.4394888114657,0.10721435202297587,0.0,0.0005817880596601654,-0.33968111916731586,0.1455251595878447
