target_id,prot_ps,prot_acf,prot_cs,e_prot_ps,E_prot_ps,e_prot_acf,E_prot_acf,e_prot_cs,E_prot_cs,sph_ps,sph_acf,sph_cs,h_ps,fa_prob_ps,hacf,gacf,hcs
9269843,38.73574253622713,18.369953812099993,21.119521092362707,9.735758373215575,19.380388201398425,-1.0,-1.0,2.925893566313101,2.925893566313101,368.2564503075585,363.85629378929906,362.5254684825804,0.06218101268797821,0.0,6.440221606895946e-05,-0.3503489133796386,0.31830139744375674
