target_id,prot_ps,prot_acf,prot_cs,e_prot_ps,E_prot_ps,e_prot_acf,E_prot_acf,e_prot_cs,E_prot_cs,sph_ps,sph_acf,sph_cs,h_ps,fa_prob_ps,hacf,gacf,hcs
9223806,73.04943498764976,26.216457043774426,28.93454988552257,1.9995413609747885,2.114121310082396,-1.0,-1.0,4.300662720790051,4.300662720790051,478.27705526385637,472.31894913716934,474.06160597132737,0.10213169450510103,0.0,0.01928749273332772,-0.4028615515429021,0.09525918758673989
