target_id,prot_ps,prot_acf,prot_cs,e_prot_ps,E_prot_ps,e_prot_acf,E_prot_acf,e_prot_cs,E_prot_cs,sph_ps,sph_acf,sph_cs,h_ps,fa_prob_ps,hacf,gacf,hcs
9215841,7.730100225984101,7.805680761113763,7.719087016948997,0.4721455272150603,0.5371003463193844,-1.0,-1.0,0.0432593809736288,0.0432593809736288,19388.971438863424,19132.327452731734,19399.775752514353,0.28122556415316835,0.0,1.4930904846431032,0.8365122879309557,0.92465465882891
