target_id,prot_ps,prot_acf,prot_cs,e_prot_ps,E_prot_ps,e_prot_acf,E_prot_acf,e_prot_cs,E_prot_cs,sph_ps,sph_acf,sph_cs,h_ps,fa_prob_ps,hacf,gacf,hcs
9230137,41.741983915773694,41.4600447434932,41.531141134380675,2.4116328567766274,2.723144256644673,-1.0,-1.0,1.1266536833876426,1.1266536833876426,4521.876096602414,4535.021730303231,4532.543929391052,0.5015512009764891,0.0,1.5574917301842706,0.7967629449314806,0.9956752762595757
