target_id,prot_ps,prot_acf,prot_cs,e_prot_ps,E_prot_ps,e_prot_acf,E_prot_acf,e_prot_cs,E_prot_cs,sph_ps,sph_acf,sph_cs,h_ps,fa_prob_ps,hacf,gacf,hcs
9225979,73.59864807846255,21.16933412849903,32.31919789345731,0.7278173855842454,0.7425159782115429,-1.0,-1.0,12.236897783984114,12.236897783984114,161.2972061898608,158.29955476593457,159.5348697243902,0.03921105229782635,0.0,0.0066275759607848095,-0.2791801594910965,0.20165183102530687
