target_id,prot_ps,prot_acf,prot_cs,e_prot_ps,E_prot_ps,e_prot_acf,E_prot_acf,e_prot_cs,E_prot_cs,sph_ps,sph_acf,sph_cs,h_ps,fa_prob_ps,hacf,gacf,hcs
9299986,0.1886338464854021,0.12260237149894238,73.43717048474909,0.0018700682540056524,0.001907872109558978,-1.0,-1.0,2.8714022987295102,2.8714022987295102,955.9056103693614,948.8347629631413,1074.5907142194417,0.2874441277885717,0.0,0.23279688119744263,1.0772237212698847,0.06932550875806118
