target_id,prot_ps,prot_acf,prot_cs,e_prot_ps,E_prot_ps,e_prot_acf,E_prot_acf,e_prot_cs,E_prot_cs,sph_ps,sph_acf,sph_cs,h_ps,fa_prob_ps,hacf,gacf,hcs
9241844,61.99509515851245,27.50381559599191,28.757139615561922,18.086169687617947,44.03803403110289,-1.0,-1.0,0.8697677559346463,0.8697677559346463,1432.9171881227771,1399.795963062817,1395.958864807944,0.09845352401674501,0.0,0.0011385951329828115,-0.4827398181381597,0.11256915810366067
