target_id,prot_ps,prot_acf,prot_cs,e_prot_ps,E_prot_ps,e_prot_acf,E_prot_acf,e_prot_cs,E_prot_cs,sph_ps,sph_acf,sph_cs,h_ps,fa_prob_ps,hacf,gacf,hcs
9287446,14.908015327762495,14.855278701521456,14.905407818677421,0.9671287457076261,1.1096635682452423,-1.0,-1.0,0.10994325839695253,0.10994325839695253,3333.824788637813,3335.906287473093,3333.824788637813,0.3542060313866444,0.0,1.180426937571282,0.5755232781086815,0.9475281531118805
