target_id,prot_ps,prot_acf,prot_cs,e_prot_ps,E_prot_ps,e_prot_acf,E_prot_acf,e_prot_cs,E_prot_cs,sph_ps,sph_acf,sph_cs,h_ps,fa_prob_ps,hacf,gacf,hcs
9230093,47.12863541609302,13.46580933779478,30.768863494321707,0.4663072902651635,0.47572443316432356,-1.0,-1.0,4.413554233968451,4.413554233968451,326.23167401475115,315.71473546285256,315.46675023585004,0.05940166245388696,0.0,0.0009728563704985843,-0.18817231950224797,0.3743104635073838
