target_id,prot_ps,prot_acf,prot_cs,e_prot_ps,E_prot_ps,e_prot_acf,E_prot_acf,e_prot_cs,E_prot_cs,sph_ps,sph_acf,sph_cs,h_ps,fa_prob_ps,hacf,gacf,hcs
9210217,91.31157616422665,31.815219699405134,28.63725204976353,2.9162965982580715,3.1131636285360003,-1.0,-1.0,0.41412884488764506,0.41412884488764506,937.044730587565,905.0540643207559,901.8647474908846,0.0902349302545508,0.0,0.012017417217064369,-0.3704150246213529,0.20305107971174197
