target_id,prot_ps,prot_acf,prot_cs,e_prot_ps,E_prot_ps,e_prot_acf,E_prot_acf,e_prot_cs,E_prot_cs,sph_ps,sph_acf,sph_cs,h_ps,fa_prob_ps,hacf,gacf,hcs
9308147,73.04933150582752,28.15762023627758,28.36154842928052,2.4370437408283863,2.610697946917,-1.0,-1.0,2.2459207733756315,2.2459207733756315,1023.8919923105217,995.790840284986,998.8017036097474,0.09204065238887969,0.0,0.009529132318906702,-0.41640476400881227,0.13872244938908657
