target_id,prot_ps,prot_acf,prot_cs,e_prot_ps,E_prot_ps,e_prot_acf,E_prot_acf,e_prot_cs,E_prot_cs,sph_ps,sph_acf,sph_cs,h_ps,fa_prob_ps,hacf,gacf,hcs
9328940,40.648373601006725,16.55124924145639,27.118302368279544,2.7229661393574602,3.1490896102385904,-1.0,-1.0,4.174634113960813,4.174634113960813,1535.5655140361707,1486.2068926386064,1473.3146926819297,0.05136983769513028,0.0,5.620759861638125e-05,-0.1985378647716703,0.5676967400603683
