target_id,prot_ps,prot_acf,prot_cs,e_prot_ps,E_prot_ps,e_prot_acf,E_prot_acf,e_prot_cs,E_prot_cs,sph_ps,sph_acf,sph_cs,h_ps,fa_prob_ps,hacf,gacf,hcs
9397805,121.74762459218434,29.097677245736122,28.62894581566577,2.304244688184326,2.395053596022308,-1.0,-1.0,0.43303097187213435,0.43303097187213435,892.534260078142,882.1795024180449,877.0135993138983,0.07061589246671776,0.0,0.000787081807700929,-0.421066946261065,0.2087207813840673
