target_id,prot_ps,prot_acf,prot_cs,e_prot_ps,E_prot_ps,e_prot_acf,E_prot_acf,e_prot_cs,E_prot_cs,sph_ps,sph_acf,sph_cs,h_ps,fa_prob_ps,hacf,gacf,hcs
9329361,23.804964186083446,8.725331349298358,35.62273328038551,4.641371086407428,7.559856227491224,-1.0,-1.0,2.8041221837238335,2.8041221837238335,354.26893709749686,345.8809866993893,354.26893709749686,0.12862811033482935,1.8823432268926436e-170,0.17217297857948802,-0.21081784813707424,0.2737853879574016
