target_id,prot_ps,prot_acf,prot_cs,e_prot_ps,E_prot_ps,e_prot_acf,E_prot_acf,e_prot_cs,E_prot_cs,sph_ps,sph_acf,sph_cs,h_ps,fa_prob_ps,hacf,gacf,hcs
9335389,91.31157378968155,31.733484307769686,28.651043561502572,2.31907636597451,2.4444851614863694,-1.0,-1.0,0.37358718198823837,0.37358718198823837,408.66545623174005,399.34667344325925,397.2405084666475,0.09029868405159071,0.0,0.0006897573472383345,-0.428675989685275,0.14979461679947823
