target_id,prot_ps,prot_acf,prot_cs,e_prot_ps,E_prot_ps,e_prot_acf,E_prot_acf,e_prot_cs,E_prot_cs,sph_ps,sph_acf,sph_cs,h_ps,fa_prob_ps,hacf,gacf,hcs
9394768,73.04919278151432,30.609605437144637,28.629059146670787,4.476032585721981,5.094058906413025,-1.0,-1.0,0.4214819298081842,0.4214819298081842,1149.5638221277554,1106.8328362175662,1098.744006380432,0.18254982086735452,0.0,0.00015143453226720838,-0.460790432686339,0.11929553049620956
