target_id,prot_ps,prot_acf,prot_cs,e_prot_ps,E_prot_ps,e_prot_acf,E_prot_acf,e_prot_cs,E_prot_cs,sph_ps,sph_acf,sph_cs,h_ps,fa_prob_ps,hacf,gacf,hcs
9395821,11.590344697792858,10.952479768544436,11.61037295841581,1.8464987840402198,2.716754571910039,-1.0,-1.0,0.4845328915562954,0.4845328915562954,739.5139861217814,733.9986421538138,739.8247005026202,0.04512868550976189,0.0,0.5675704079611009,0.36127673247455827,0.8264363683639135
