target_id,prot_ps,prot_acf,prot_cs,e_prot_ps,E_prot_ps,e_prot_acf,E_prot_acf,e_prot_cs,E_prot_cs,sph_ps,sph_acf,sph_cs,h_ps,fa_prob_ps,hacf,gacf,hcs
9395164,11.503841241048214,11.688058122992516,11.561182205149608,0.8822482455042877,1.0402023624073244,-1.0,-1.0,0.13297849974716658,0.13297849974716658,1987.382548285305,1984.83018495405,1991.7997120027085,0.10555647987993018,0.0,0.9910180084817025,0.5635848975203189,0.9925594804977574
