target_id,prot_ps,prot_acf,prot_cs,e_prot_ps,E_prot_ps,e_prot_acf,E_prot_acf,e_prot_cs,E_prot_cs,sph_ps,sph_acf,sph_cs,h_ps,fa_prob_ps,hacf,gacf,hcs
9338939,46.76833881449906,17.532087584026158,74.64766480109188,4.250055289370522,5.194303613025028,-1.0,-1.0,8.269207781330525,8.269207781330525,430.21967858391633,432.8119096810387,430.21967858391633,0.38756544807449916,0.0,0.002312375307109843,-0.20564797755358766,0.5378316484325244
