target_id,prot_ps,prot_acf,prot_cs,e_prot_ps,E_prot_ps,e_prot_acf,E_prot_acf,e_prot_cs,E_prot_cs,sph_ps,sph_acf,sph_cs,h_ps,fa_prob_ps,hacf,gacf,hcs
9344432,73.04935777746168,31.896997254807502,34.321046444005326,14.777164796115542,24.9878534638527,-1.0,-1.0,7.020001723793729,7.020001723793729,771.1033344347461,763.6492734130896,766.7472911038064,0.14059333627901519,0.0,0.0004273727261219218,-0.5116251373644924,0.08764570908526402
