target_id,prot_ps,prot_acf,prot_cs,e_prot_ps,E_prot_ps,e_prot_acf,E_prot_acf,e_prot_cs,E_prot_cs,sph_ps,sph_acf,sph_cs,h_ps,fa_prob_ps,hacf,gacf,hcs
9328245,73.5985832292771,4.291077330708504,91.31923733116881,1.8058222326059195,1.8999913578834509,-1.0,-1.0,4.217330912015764,4.217330912015764,208.6150300946962,187.0816735981007,209.56137688201036,0.042894971192366155,0.0,0.014979190124161074,0.4238707546557698,0.1827948704177885
