target_id,prot_ps,prot_acf,prot_cs,e_prot_ps,E_prot_ps,e_prot_acf,E_prot_acf,e_prot_cs,E_prot_cs,sph_ps,sph_acf,sph_cs,h_ps,fa_prob_ps,hacf,gacf,hcs
9354106,121.74886932475918,23.580471197143197,33.536783667514094,2.367734726122819,2.4631687093192767,-1.0,-1.0,4.848748279813021,4.848748279813021,259.0948023851563,259.86304418056005,258.9747975352318,0.05023444175794757,0.0,0.010228012410745335,-0.2584153788040858,0.29226875277337583
