target_id,prot_ps,prot_acf,prot_cs,e_prot_ps,E_prot_ps,e_prot_acf,E_prot_acf,e_prot_cs,E_prot_cs,sph_ps,sph_acf,sph_cs,h_ps,fa_prob_ps,hacf,gacf,hcs
9340674,73.0493330886409,27.422008140943944,28.67226381304319,1.776750417811698,1.8666457772679195,-1.0,-1.0,0.3963164885453644,0.3963164885453644,867.5636231954954,857.0912236795634,855.1009049569286,0.11155948829871656,0.0,0.000501539548685509,-0.346572140970487,0.19698633772404156
