target_id,prot_ps,prot_acf,prot_cs,e_prot_ps,E_prot_ps,e_prot_acf,E_prot_acf,e_prot_cs,E_prot_cs,sph_ps,sph_acf,sph_cs,h_ps,fa_prob_ps,hacf,gacf,hcs
9469105,91.99729337461181,10.829902556724846,88.13470789625528,3.1070685111600227,3.3345602990818435,-1.0,-1.0,4.6083706102022095,4.6083706102022095,182.58469610132627,177.90906610677223,183.87779174643427,0.028461186225363862,0.0,0.2635584376196862,0.2097535986132732,0.4480793983864843
