target_id,prot_ps,prot_acf,prot_cs,e_prot_ps,E_prot_ps,e_prot_acf,E_prot_acf,e_prot_cs,E_prot_cs,sph_ps,sph_acf,sph_cs,h_ps,fa_prob_ps,hacf,gacf,hcs
9473189,67.747325345138,21.61880404315889,51.09807024833829,24.946480738485498,92.08469032425518,-1.0,-1.0,1.7626365363285974,1.7626365363285974,748.2112828779983,727.579980210615,748.8980197068298,0.0354737167883506,0.0,0.08810938884310868,-0.1497141727473077,0.4462490757450799
