target_id,prot_ps,prot_acf,prot_cs,e_prot_ps,E_prot_ps,e_prot_acf,E_prot_acf,e_prot_cs,E_prot_cs,sph_ps,sph_acf,sph_cs,h_ps,fa_prob_ps,hacf,gacf,hcs
9412514,3.707748333464778,3.6780710611492395,3.6949731134936266,0.04823112345782077,0.04952341509615632,-1.0,-1.0,0.031109557813236356,0.031109557813236356,160.91387591645682,151.66402832125613,156.3044684090133,0.07720905865913849,0.0,0.6236478995328133,0.7941928817081753,0.38085503902928386
