target_id,prot_ps,prot_acf,prot_cs,e_prot_ps,E_prot_ps,e_prot_acf,E_prot_acf,e_prot_cs,E_prot_cs,sph_ps,sph_acf,sph_cs,h_ps,fa_prob_ps,hacf,gacf,hcs
9455797,91.31154183183423,24.499957938678563,26.35472122649662,1.2957563394522396,1.3333231610191234,-1.0,-1.0,3.6040388343767176,3.6040388343767176,1189.0069157390487,1162.875378502282,1161.041729787548,0.04902961824814213,0.0,4.681359764630022e-05,-0.2876503201963711,0.39904109071734106
