target_id,prot_ps,prot_acf,prot_cs,e_prot_ps,E_prot_ps,e_prot_acf,E_prot_acf,e_prot_cs,E_prot_cs,sph_ps,sph_acf,sph_cs,h_ps,fa_prob_ps,hacf,gacf,hcs
9412919,73.04942530313586,21.966204163618386,40.74126342331627,0.8676819236449091,0.888811562621882,-1.0,-1.0,2.6107751010884237,2.6107751010884237,614.9144846739383,590.7953329502053,605.9263004573212,0.06531984102004725,0.0,0.000588978000544943,-0.29274710382805036,0.2474586881468259
