target_id,prot_ps,prot_acf,prot_cs,e_prot_ps,E_prot_ps,e_prot_acf,E_prot_acf,e_prot_cs,E_prot_cs,sph_ps,sph_acf,sph_cs,h_ps,fa_prob_ps,hacf,gacf,hcs
9489268,73.04955687549129,33.28652034653351,46.12604463121387,20.894819382874992,49.48953446263636,-1.0,-1.0,1.5893833270881734,1.5893833270881734,1345.109475797146,1298.8147322451991,1333.418128562859,0.20857330746232441,0.0,0.0002396165329111022,-0.6363615692017324,0.061576910860499656
