target_id,prot_ps,prot_acf,prot_cs,e_prot_ps,E_prot_ps,e_prot_acf,E_prot_acf,e_prot_cs,E_prot_cs,sph_ps,sph_acf,sph_cs,h_ps,fa_prob_ps,hacf,gacf,hcs
9471061,74.00729985367373,32.24352796655148,28.403868621684534,0.9011647251925581,0.9237586650483536,-1.0,-1.0,0.5144522934155995,0.5144522934155995,498.4457409093544,459.0750699872961,445.29415982604274,0.08304802290021687,0.0,3.962067834258065e-05,-0.2344938470643462,0.36690450510548733
