target_id,prot_ps,prot_acf,prot_cs,e_prot_ps,E_prot_ps,e_prot_acf,E_prot_acf,e_prot_cs,E_prot_cs,sph_ps,sph_acf,sph_cs,h_ps,fa_prob_ps,hacf,gacf,hcs
9595956,10.376882295511702,10.400793210137635,10.383070932286941,0.45194056156063134,0.4945912504042056,-1.0,-1.0,0.11724632681416369,0.11724632681416369,5537.540007322846,5544.937454380964,5537.4177888450695,0.302684773922348,0.0,0.9567665833119474,0.5818646480955811,0.9808310754154921
