target_id,prot_ps,prot_acf,prot_cs,e_prot_ps,E_prot_ps,e_prot_acf,E_prot_acf,e_prot_cs,E_prot_cs,sph_ps,sph_acf,sph_cs,h_ps,fa_prob_ps,hacf,gacf,hcs
9511303,37.46119407217734,16.040443307720125,22.896355107236484,15.012546831754875,72.69420755088743,-1.0,-1.0,2.233063692443067,2.233063692443067,562.0592449721387,552.97204916622,557.9539970041906,0.031136921466541057,0.0,0.0007828346889061644,-0.23088352542634752,0.3252524090780025
