target_id,prot_ps,prot_acf,prot_cs,e_prot_ps,E_prot_ps,e_prot_acf,E_prot_acf,e_prot_cs,E_prot_cs,sph_ps,sph_acf,sph_cs,h_ps,fa_prob_ps,hacf,gacf,hcs
9521588,73.04926095731687,0.7151783490553498,73.78086353861725,2.289450893693072,2.4409237852065218,-1.0,-1.0,4.307387217611358,4.307387217611358,709.7413898594837,483.8736765256827,709.5954338176745,0.09161076427097736,0.0,0.012020579472629689,0.9489572645710935,0.12738799820527297
