target_id,prot_ps,prot_acf,prot_cs,e_prot_ps,E_prot_ps,e_prot_acf,E_prot_acf,e_prot_cs,E_prot_cs,sph_ps,sph_acf,sph_cs,h_ps,fa_prob_ps,hacf,gacf,hcs
9521119,73.04926836419352,29.11797829438001,28.63615275414855,2.1947150994333384,2.3335316222844824,-1.0,-1.0,0.37871482763308817,0.37871482763308817,968.3668778584506,954.9856420188468,952.2465491242814,0.10892026362954452,0.0,0.0015022963964013702,-0.5433269793581541,0.15083010904707964
