target_id,prot_ps,prot_acf,prot_cs,e_prot_ps,E_prot_ps,e_prot_acf,E_prot_acf,e_prot_cs,E_prot_cs,sph_ps,sph_acf,sph_cs,h_ps,fa_prob_ps,hacf,gacf,hcs
9532354,49.33856025841194,19.963344279676676,33.639358943328254,5.208145086174426,6.584316333731692,-1.0,-1.0,3.8344917721075404,3.8344917721075404,594.2350650248815,632.5984073360012,706.0205318147516,0.043691046460093204,0.0,0.08150753814452802,-0.1921282909665744,0.3207028055602189
