target_id,prot_ps,prot_acf,prot_cs,e_prot_ps,E_prot_ps,e_prot_acf,E_prot_acf,e_prot_cs,E_prot_cs,sph_ps,sph_acf,sph_cs,h_ps,fa_prob_ps,hacf,gacf,hcs
9579024,54.11053802841947,23.60087422421202,28.934467462310565,14.33931969837726,30.169050364254595,-1.0,-1.0,3.602511977930245,3.602511977930245,375.43412839349753,365.4657928680428,363.62626438930715,0.08545690008300115,0.0,0.001327026193056996,-0.48865786695211166,0.11334393817382946
