target_id,prot_ps,prot_acf,prot_cs,e_prot_ps,E_prot_ps,e_prot_acf,E_prot_acf,e_prot_cs,E_prot_cs,sph_ps,sph_acf,sph_cs,h_ps,fa_prob_ps,hacf,gacf,hcs
9527952,60.87438097086291,30.691366609185934,94.75417948432268,8.443644764681459,11.640593879172776,-1.0,-1.0,5.769816348424177,5.769816348424177,2131.48837339949,2052.022479338494,2190.402689465083,0.2598139060561873,0.0,6.8271664618313466e-06,-0.6198306997369928,0.10666002041847185
