target_id,prot_ps,prot_acf,prot_cs,e_prot_ps,E_prot_ps,e_prot_acf,E_prot_acf,e_prot_cs,E_prot_cs,sph_ps,sph_acf,sph_cs,h_ps,fa_prob_ps,hacf,gacf,hcs
9597244,13.281695777994335,13.261461744550616,13.323516889898988,0.9356411598356633,1.087301070633952,-1.0,-1.0,0.12873735407630799,0.12873735407630799,2437.5093401422196,2436.5574430376746,2441.4856036496026,0.18357100955735636,0.0,1.0659536185962457,0.5893666588226123,0.9993639948906167
