target_id,prot_ps,prot_acf,prot_cs,e_prot_ps,E_prot_ps,e_prot_acf,E_prot_acf,e_prot_cs,E_prot_cs,sph_ps,sph_acf,sph_cs,h_ps,fa_prob_ps,hacf,gacf,hcs
9520102,59.97675083659789,28.115876957774162,76.27051408011927,18.2006105753805,45.59876250909522,-1.0,-1.0,11.584503795760785,11.584503795760785,2526.741096581504,2677.503980230726,2526.741096581504,0.22947045359369192,0.0,0.03722639914195134,-0.10812835265771442,1.2675411461497283
