target_id,prot_ps,prot_acf,prot_cs,e_prot_ps,E_prot_ps,e_prot_acf,E_prot_acf,e_prot_cs,E_prot_cs,sph_ps,sph_acf,sph_cs,h_ps,fa_prob_ps,hacf,gacf,hcs
9518295,17.95086191963019,17.634272804949433,17.951560844863778,2.9771252439182163,4.432753965463455,-1.0,-1.0,0.32950469332348575,0.32950469332348575,757.9757742495475,766.0725738192051,757.9757742495475,0.10205716912439292,0.0,0.6139282237765906,0.22660864398359462,0.9629529379298634
