target_id,prot_ps,prot_acf,prot_cs,e_prot_ps,E_prot_ps,e_prot_acf,E_prot_acf,e_prot_cs,E_prot_cs,sph_ps,sph_acf,sph_cs,h_ps,fa_prob_ps,hacf,gacf,hcs
9597468,91.31166631109562,43.19681461248547,588.8933674507681,41.42871448838203,407.5193062455229,-1.0,-1.0,8.12500699807474,8.12500699807474,403.44532121064736,522.9973619853785,618.1879737304812,0.06299533671692362,0.0,0.008307728190537711,-0.011772447443214781,4.183684363350334
