target_id,prot_ps,prot_acf,prot_cs,e_prot_ps,E_prot_ps,e_prot_acf,E_prot_acf,e_prot_cs,E_prot_cs,sph_ps,sph_acf,sph_cs,h_ps,fa_prob_ps,hacf,gacf,hcs
9531242,51.66304752587324,6.559229565784335,313.35339973289524,4.139514676312025,4.938888662704727,-1.0,-1.0,11.135923421059754,11.135923421059754,1253.9721869030998,766.4668524225643,1256.4037216297907,0.05394041948237673,1.202918092568938e-269,0.03696455966250739,0.3349985691120526,0.15307535756345875
