target_id,prot_ps,prot_acf,prot_cs,e_prot_ps,E_prot_ps,e_prot_acf,E_prot_acf,e_prot_cs,E_prot_cs,sph_ps,sph_acf,sph_cs,h_ps,fa_prob_ps,hacf,gacf,hcs
9521208,4.939449370946952,4.904095754027367,4.94480152153545,0.07157412837850075,0.0737036756985674,-1.0,-1.0,0.017319482152347552,0.017319482152347552,232.75425252143376,231.53466196348097,233.3592958207136,0.04603078225566642,0.0,0.3024401633240458,0.426922832712578,0.7655560246060997
