target_id,prot_ps,prot_acf,prot_cs,e_prot_ps,E_prot_ps,e_prot_acf,E_prot_acf,e_prot_cs,E_prot_cs,sph_ps,sph_acf,sph_cs,h_ps,fa_prob_ps,hacf,gacf,hcs
9592928,81.7754212481902,20.229417574591935,24.57518410231645,1.1447486126885167,1.177730096638868,-1.0,-1.0,0.4671159561664031,0.4671159561664031,178.72330325996262,167.20981860315095,168.59674681819493,0.03583488816352535,0.0,0.006559239982360354,-0.28816732801101347,0.32338834930189525
