target_id,prot_ps,prot_acf,prot_cs,e_prot_ps,E_prot_ps,e_prot_acf,E_prot_acf,e_prot_cs,E_prot_cs,sph_ps,sph_acf,sph_cs,h_ps,fa_prob_ps,hacf,gacf,hcs
9527121,73.04944507763166,9.317759424448013,73.2962517236815,2.8296895143577387,3.0669528398713197,-1.0,-1.0,3.727717276771139,3.727717276771139,527.0768729333992,502.4397713760487,527.2407043226917,0.07843176061553991,0.0,0.22906920772948225,0.3119802147850833,0.8370442768002941
