target_id,prot_ps,prot_acf,prot_cs,e_prot_ps,E_prot_ps,e_prot_acf,E_prot_acf,e_prot_cs,E_prot_cs,sph_ps,sph_acf,sph_cs,h_ps,fa_prob_ps,hacf,gacf,hcs
9590105,15.54242087896577,13.588387083727866,61.48060627616476,0.8954931648822626,1.0108056887736225,-1.0,-1.0,5.331588004875648,5.331588004875648,9289.911135149874,9271.048094193642,10767.648857153345,0.08933194705556351,0.0,0.2837078490808659,0.09922691909604914,2.2537777626150777
