target_id,prot_ps,prot_acf,prot_cs,e_prot_ps,E_prot_ps,e_prot_acf,E_prot_acf,e_prot_cs,E_prot_cs,sph_ps,sph_acf,sph_cs,h_ps,fa_prob_ps,hacf,gacf,hcs
9574825,52.45295381482332,9.991969859227538,51.49008623977659,8.962255176177344,13.544455890194556,-1.0,-1.0,2.1789725438175997,2.1789725438175997,257.390287319956,230.7345035607721,258.139954059668,0.05786100498435337,0.0,0.0012373688467184167,0.05105340373718218,3.1384808164559947
