target_id,prot_ps,prot_acf,prot_cs,e_prot_ps,E_prot_ps,e_prot_acf,E_prot_acf,e_prot_cs,E_prot_cs,sph_ps,sph_acf,sph_cs,h_ps,fa_prob_ps,hacf,gacf,hcs
9593696,45.31447743613476,20.862587752752006,26.70533833259716,3.854751904091245,4.6355222620060275,-1.0,-1.0,5.382686519098262,5.382686519098262,1781.0699112446089,1608.1777167949533,1685.0323286694902,0.1194595034829809,0.0,0.0007868502188384807,-0.3103329637492364,0.14986253312549636
