target_id,prot_ps,prot_acf,prot_cs,e_prot_ps,E_prot_ps,e_prot_acf,E_prot_acf,e_prot_cs,E_prot_cs,sph_ps,sph_acf,sph_cs,h_ps,fa_prob_ps,hacf,gacf,hcs
9603111,31.999331825077682,17.14408620307222,46.0819909715991,6.45331498454906,10.743120294134435,-1.0,-1.0,0.9049144521990075,0.9049144521990075,173.77722918203426,165.37345283659639,172.39346743668966,0.0828416920291367,0.0,0.004539397226257763,-0.42324283302432075,0.274008005399997
