target_id,prot_ps,prot_acf,prot_cs,e_prot_ps,E_prot_ps,e_prot_acf,E_prot_acf,e_prot_cs,E_prot_cs,sph_ps,sph_acf,sph_cs,h_ps,fa_prob_ps,hacf,gacf,hcs
9658433,11.503829298003923,11.524596920236945,11.619204870131796,1.0410949934136173,1.2683747192127814,-1.0,-1.0,0.41535246446193563,0.41535246446193563,2155.061428923536,2154.561827674953,2169.1873624917316,0.0855156268268093,0.0,0.865926352441897,0.5206094286150666,0.9989194089811194
