target_id,prot_ps,prot_acf,prot_cs,e_prot_ps,E_prot_ps,e_prot_acf,E_prot_acf,e_prot_cs,E_prot_cs,sph_ps,sph_acf,sph_cs,h_ps,fa_prob_ps,hacf,gacf,hcs
9664547,94.84591343371429,16.408399595413357,44.019465435147445,4.163012430295424,4.568025433672332,-1.0,-1.0,8.557959907749675,8.557959907749675,927.1790272043958,846.5652915556766,923.6689328493043,0.04265796504780747,0.0,0.00015146965237579357,-0.09658537567394854,1.1183973024895661
