target_id,prot_ps,prot_acf,prot_cs,e_prot_ps,E_prot_ps,e_prot_acf,E_prot_acf,e_prot_cs,E_prot_cs,sph_ps,sph_acf,sph_cs,h_ps,fa_prob_ps,hacf,gacf,hcs
9664247,47.12848754644244,26.46193058229983,28.586127252945925,0.6253162595523634,0.6421873500736197,-1.0,-1.0,0.5084706033032128,0.5084706033032128,422.09826252663765,417.3643417248533,421.8686520756223,0.06600978555584065,0.0,0.05866023968989069,-0.1626035085460259,0.7419036340812105
