target_id,prot_ps,prot_acf,prot_cs,e_prot_ps,E_prot_ps,e_prot_acf,E_prot_acf,e_prot_cs,E_prot_cs,sph_ps,sph_acf,sph_cs,h_ps,fa_prob_ps,hacf,gacf,hcs
9662554,51.6622445892538,2.3703417386859655,52.1736737461388,15.16118656289619,36.189875867050546,-1.0,-1.0,3.45535458990266,3.45535458990266,421.5752990283846,329.2255141766338,422.5883107575065,0.036658607615063274,0.0,0.017856875583595,0.7330978877517869,0.10940968345770534
