target_id,prot_ps,prot_acf,prot_cs,e_prot_ps,E_prot_ps,e_prot_acf,E_prot_acf,e_prot_cs,E_prot_cs,sph_ps,sph_acf,sph_cs,h_ps,fa_prob_ps,hacf,gacf,hcs
9642494,73.04929122633632,34.96201957343146,47.59125733938999,20.880538085518893,48.108146319072034,-1.0,-1.0,7.006258929390291,7.006258929390291,483.5774507838832,483.12538558613676,482.75849176914056,0.12825339617863848,0.0,0.0006685446543107654,-0.520976101533729,0.12726438495339346
