target_id,prot_ps,prot_acf,prot_cs,e_prot_ps,E_prot_ps,e_prot_acf,E_prot_acf,e_prot_cs,E_prot_cs,sph_ps,sph_acf,sph_cs,h_ps,fa_prob_ps,hacf,gacf,hcs
9636465,3.858188118344385,3.8823802955448627,3.8878198786175484,0.1803471290293972,0.19887231835535113,-1.0,-1.0,0.07926579631612346,0.07926579631612346,3633.1517183723568,3645.788738884873,3643.636347447401,0.14522631066998917,0.0,1.475406710936207,0.890469348595974,0.8825837710316484
