target_id,prot_ps,prot_acf,prot_cs,e_prot_ps,E_prot_ps,e_prot_acf,E_prot_acf,e_prot_cs,E_prot_cs,sph_ps,sph_acf,sph_cs,h_ps,fa_prob_ps,hacf,gacf,hcs
9642710,54.11058286423002,25.419491160660982,28.934491859581318,10.537960793664887,17.15169164034357,-1.0,-1.0,3.485879765769187,3.485879765769187,1076.4976366037545,1048.0229837917213,1052.0218491286792,0.05788939827849255,0.0,0.001579123010659239,-0.4671922050731387,0.22799805144800667
