target_id,prot_ps,prot_acf,prot_cs,e_prot_ps,E_prot_ps,e_prot_acf,E_prot_acf,e_prot_cs,E_prot_cs,sph_ps,sph_acf,sph_cs,h_ps,fa_prob_ps,hacf,gacf,hcs
9637002,39.99676891716824,23.703140821307898,20.45636566261049,0.8561738852754885,0.8948413555136625,-1.0,-1.0,2.2067417398432823,2.2067417398432823,1477.115654918989,1438.0409760512687,1448.4037700589986,0.12946831048579557,0.0,2.3228601199604126e-05,-0.3634770991486086,0.21356483636172202
