target_id,prot_ps,prot_acf,prot_cs,e_prot_ps,E_prot_ps,e_prot_acf,E_prot_acf,e_prot_cs,E_prot_cs,sph_ps,sph_acf,sph_cs,h_ps,fa_prob_ps,hacf,gacf,hcs
9697140,122.6641841567331,15.856537245213985,123.89002707970327,4.406988233662858,4.751844143939294,-1.0,-1.0,8.215857500586926,8.215857500586926,184.06630172527534,190.83836806901778,184.03376111993856,0.04047601431012209,0.0,0.00464506996762075,0.01703388530450011,7.033473266788435
