target_id,prot_ps,prot_acf,prot_cs,e_prot_ps,E_prot_ps,e_prot_acf,E_prot_acf,e_prot_cs,E_prot_cs,sph_ps,sph_acf,sph_cs,h_ps,fa_prob_ps,hacf,gacf,hcs
9724861,31.08479375658905,22.49778331350535,64.74255939873814,2.3955004803849036,2.837155030490905,-1.0,-1.0,3.933780013390633,3.933780013390633,789.5114204781,768.2652492699445,795.959142477581,0.039779781514143575,0.0,0.24693433307166826,0.030597249626234644,1.3486226282569953
