target_id,prot_ps,prot_acf,prot_cs,e_prot_ps,E_prot_ps,e_prot_acf,E_prot_acf,e_prot_cs,E_prot_cs,sph_ps,sph_acf,sph_cs,h_ps,fa_prob_ps,hacf,gacf,hcs
9785350,76.89377302563857,2.8607465140521526,76.6187724148438,9.451556772415671,12.50513365408608,-1.0,-1.0,4.601356225194585,4.601356225194585,533.5792542463088,436.5554356832999,533.7048664915336,0.021787525956735602,0.0,0.0001749865880585899,0.34732963558225605,0.23212494925698116
