target_id,prot_ps,prot_acf,prot_cs,e_prot_ps,E_prot_ps,e_prot_acf,E_prot_acf,e_prot_cs,E_prot_cs,sph_ps,sph_acf,sph_cs,h_ps,fa_prob_ps,hacf,gacf,hcs
9700635,74.87857215864906,20.55624007433653,30.627163019701843,4.875858001488282,5.6143471675796945,-1.0,-1.0,3.96413807925778,3.96413807925778,914.6310713548555,906.3472219387219,915.6326357415643,0.046573554011117554,0.0,0.008056899483692676,-0.2550952906003278,0.5721082016001822
