target_id,prot_ps,prot_acf,prot_cs,e_prot_ps,E_prot_ps,e_prot_acf,E_prot_acf,e_prot_cs,E_prot_cs,sph_ps,sph_acf,sph_cs,h_ps,fa_prob_ps,hacf,gacf,hcs
9767643,13.782882962673158,13.54752469388768,13.850792146745405,1.1085292349407165,1.3235608783435548,-1.0,-1.0,0.3277705247001704,0.3277705247001704,7127.452061857583,7180.290855733049,7202.778454839546,0.18978709488384493,0.0,1.0057378347902852,0.5856385235256361,0.9236126304232518
