target_id,prot_ps,prot_acf,prot_cs,e_prot_ps,E_prot_ps,e_prot_acf,E_prot_acf,e_prot_cs,E_prot_cs,sph_ps,sph_acf,sph_cs,h_ps,fa_prob_ps,hacf,gacf,hcs
9760947,14.047937524742824,13.997064526192844,14.050263001053395,0.5418602654173252,0.5873026627462181,-1.0,-1.0,0.09316952434637654,0.09316952434637654,5243.611358816791,5248.090635995603,5243.340891531336,0.2850963525178527,0.0,1.0447615600338533,0.5770287489064624,0.9278683561184775
