target_id,prot_ps,prot_acf,prot_cs,e_prot_ps,E_prot_ps,e_prot_acf,E_prot_acf,e_prot_cs,E_prot_cs,sph_ps,sph_acf,sph_cs,h_ps,fa_prob_ps,hacf,gacf,hcs
9766616,20.291552339075455,20.270254135131836,20.436511190338397,0.9938069411822674,1.1021313139215145,-1.0,-1.0,0.5731485694288251,0.5731485694288251,2588.4406037523127,2556.6604103599975,2594.298749560367,0.1357382524210631,0.0,0.7632252295684481,0.48203595516921655,0.9971675615626111
