target_id,prot_ps,prot_acf,prot_cs,e_prot_ps,E_prot_ps,e_prot_acf,E_prot_acf,e_prot_cs,E_prot_cs,sph_ps,sph_acf,sph_cs,h_ps,fa_prob_ps,hacf,gacf,hcs
9771526,32.466318618847566,32.3464751415886,32.14438629815821,5.669301519320268,8.66533915457439,-1.0,-1.0,2.127200820815332,2.127200820815332,1303.4229568804953,1300.8554212810106,1301.7250737257277,0.046603717163976474,0.0,0.23778416416745685,0.14589350378860905,0.9982212976841395
