target_id,prot_ps,prot_acf,prot_cs,e_prot_ps,E_prot_ps,e_prot_acf,E_prot_acf,e_prot_cs,E_prot_cs,sph_ps,sph_acf,sph_cs,h_ps,fa_prob_ps,hacf,gacf,hcs
9785537,91.31155402769653,16.18368711322546,46.10593507708981,2.6589850955050025,2.8251677851814208,-1.0,-1.0,2.74324583409466,2.74324583409466,452.58498764037586,430.13664591734846,449.47583263487667,0.05645134170450165,0.0,0.023516783422790205,-0.0728894711044332,0.9384515113536898
