target_id,prot_ps,prot_acf,prot_cs,e_prot_ps,E_prot_ps,e_prot_acf,E_prot_acf,e_prot_cs,E_prot_cs,sph_ps,sph_acf,sph_cs,h_ps,fa_prob_ps,hacf,gacf,hcs
9787228,91.99824088830916,7.785336282569915,7.945742817525751,1.547113043109917,1.6009406692232346,-1.0,-1.0,0.6585015862758458,0.6585015862758458,171.95058225054868,150.66223489725928,148.67455271206774,0.037883614969216745,0.0,0.29035257522859426,0.34786336564014425,0.26629391276330316
