target_id,prot_ps,prot_acf,prot_cs,e_prot_ps,E_prot_ps,e_prot_acf,E_prot_acf,e_prot_cs,E_prot_cs,sph_ps,sph_acf,sph_cs,h_ps,fa_prob_ps,hacf,gacf,hcs
9722938,28.646750702003985,11.320402756333351,14.72420971832825,3.7895679782501546,5.134404958300674,-1.0,-1.0,0.5255482598973146,0.5255482598973146,1478.141831925933,1355.4255353974606,1356.5057634158306,0.039864066299972516,0.0,9.588559694478915e-05,-0.3466706919681771,0.8561411957113088
