target_id,prot_ps,prot_acf,prot_cs,e_prot_ps,E_prot_ps,e_prot_acf,E_prot_acf,e_prot_cs,E_prot_cs,sph_ps,sph_acf,sph_cs,h_ps,fa_prob_ps,hacf,gacf,hcs
9715765,79.30038937597288,16.019859574735165,28.543343930295674,11.536813898492312,16.204647195426872,-1.0,-1.0,3.1083697180768395,3.1083697180768395,1003.8965834450235,961.416097358011,982.6162280574215,0.10617339653053072,0.0,0.0005456286870432099,-0.03646737290043678,2.5579354420986107
