target_id,prot_ps,prot_acf,prot_cs,e_prot_ps,E_prot_ps,e_prot_acf,E_prot_acf,e_prot_cs,E_prot_cs,sph_ps,sph_acf,sph_cs,h_ps,fa_prob_ps,hacf,gacf,hcs
9775956,61.33223269786554,2.7789870873093605,61.16659985612096,15.822359785752461,32.34308543912866,-1.0,-1.0,1.8068468548311485,1.8068468548311485,198.16386879013535,168.48442528375426,198.20373057114207,0.05565574770516568,0.0,0.5350808572224539,0.7263142958092702,0.22318358186620582
