target_id,prot_ps,prot_acf,prot_cs,e_prot_ps,E_prot_ps,e_prot_acf,E_prot_acf,e_prot_cs,E_prot_cs,sph_ps,sph_acf,sph_cs,h_ps,fa_prob_ps,hacf,gacf,hcs
9704713,5.864431668249067,5.4966684794053435,5.874836219472151,0.7098868542205619,0.9396502258191131,-1.0,-1.0,0.06432820775984287,0.06432820775984287,1643.816152482546,1650.8558505446863,1645.739769727086,0.08030029844839727,0.0,1.02833026382627,0.6402961241853228,0.8964204472009462
