target_id,prot_ps,prot_acf,prot_cs,e_prot_ps,E_prot_ps,e_prot_acf,E_prot_acf,e_prot_cs,E_prot_cs,sph_ps,sph_acf,sph_cs,h_ps,fa_prob_ps,hacf,gacf,hcs
9755050,58.439498255735906,17.777317534200847,30.730034559112173,2.189590079401981,2.3681354066930425,-1.0,-1.0,8.365668184586466,8.365668184586466,329.31696152544407,323.79744639088085,329.2229556809524,0.030168164251394167,0.0,0.0016487387397737807,-0.3068199499125488,0.31222746543297963
