target_id,prot_ps,prot_acf,prot_cs,e_prot_ps,E_prot_ps,e_prot_acf,E_prot_acf,e_prot_cs,E_prot_cs,sph_ps,sph_acf,sph_cs,h_ps,fa_prob_ps,hacf,gacf,hcs
9786453,67.74416890291018,28.85263253375888,36.839212863659476,20.49502493704535,51.326141446313244,-1.0,-1.0,8.184758419185874,8.184758419185874,1170.4614914323342,1047.7128624289496,1068.4284773324637,0.04184083781902776,0.0,0.0008760657019283025,-0.3641647228511469,0.2354931769017828
