target_id,prot_ps,prot_acf,prot_cs,e_prot_ps,E_prot_ps,e_prot_acf,E_prot_acf,e_prot_cs,E_prot_cs,sph_ps,sph_acf,sph_cs,h_ps,fa_prob_ps,hacf,gacf,hcs
9712531,73.04929271581855,20.290640694089234,28.655275334058633,2.010781168738731,2.126690464763527,-1.0,-1.0,0.36645689122627295,0.36645689122627295,680.0004871062703,669.0806626540318,671.4813797539168,0.062403697677831625,0.0,0.023310691498918554,-0.2423595081934978,0.30453022963125026
