target_id,prot_ps,prot_acf,prot_cs,e_prot_ps,E_prot_ps,e_prot_acf,E_prot_acf,e_prot_cs,E_prot_cs,sph_ps,sph_acf,sph_cs,h_ps,fa_prob_ps,hacf,gacf,hcs
9752723,29.816044187936754,16.306077134795487,29.62422316543357,1.7494394674021052,1.9793966132748047,-1.0,-1.0,1.0106426564518272,1.0106426564518272,1041.5914077914997,1038.8336365085715,1042.4438110195913,0.06011945016186219,0.0,0.0001482253820264956,-0.2745009490238721,0.36865413972776356
