target_id,prot_ps,prot_acf,prot_cs,e_prot_ps,E_prot_ps,e_prot_acf,E_prot_acf,e_prot_cs,E_prot_cs,sph_ps,sph_acf,sph_cs,h_ps,fa_prob_ps,hacf,gacf,hcs
9716123,182.18023481658958,1.5733458269387484,137.34185250727458,16.876327765262857,20.667781496662172,-1.0,-1.0,10.6694238768352,10.6694238768352,1882.9234334488378,1516.5353413338653,1882.9234334488378,0.107911781622961,3.657748559302253e-217,0.003474185513273609,0.8679950938271058,0.17341923190293246
