target_id,prot_ps,prot_acf,prot_cs,e_prot_ps,E_prot_ps,e_prot_acf,E_prot_acf,e_prot_cs,E_prot_cs,sph_ps,sph_acf,sph_cs,h_ps,fa_prob_ps,hacf,gacf,hcs
9715549,11.441446594455376,11.708456570282578,11.557247881591318,0.5386998200373156,0.5940830449642984,-1.0,-1.0,0.5592392781555768,0.5592392781555768,1672.5381006960417,1650.3848806482397,1642.9299457084935,0.057093242589546615,0.0,0.6269132338081911,0.46507317576553736,0.9777227423966913
