target_id,prot_ps,prot_acf,prot_cs,e_prot_ps,E_prot_ps,e_prot_acf,E_prot_acf,e_prot_cs,E_prot_cs,sph_ps,sph_acf,sph_cs,h_ps,fa_prob_ps,hacf,gacf,hcs
9726104,97.39875685639707,17.205343754962087,45.76785167234069,3.464837503243075,3.7330936699967054,-1.0,-1.0,1.249872825859782,1.249872825859782,543.116133739786,516.5254259208441,535.9960527462787,0.03249857509636398,0.0,0.01067436294481501,-0.08385008258786306,1.3823191549343228
