target_id,prot_ps,prot_acf,prot_cs,e_prot_ps,E_prot_ps,e_prot_acf,E_prot_acf,e_prot_cs,E_prot_cs,sph_ps,sph_acf,sph_cs,h_ps,fa_prob_ps,hacf,gacf,hcs
9760327,21.485130891909783,22.31358177959919,21.711196806281762,2.912595064520854,3.9812138414013525,-1.0,-1.0,2.0395625860339384,2.0395625860339384,931.0221825905511,944.7984267526463,935.5778310061131,0.0565076576891778,0.0,0.6338388807190733,0.3303162240369176,0.930109743889158
