target_id,prot_ps,prot_acf,prot_cs,e_prot_ps,E_prot_ps,e_prot_acf,E_prot_acf,e_prot_cs,E_prot_cs,sph_ps,sph_acf,sph_cs,h_ps,fa_prob_ps,hacf,gacf,hcs
9714312,60.874478962838744,2.3498753597959876,73.78097787289879,12.15105556729415,20.09184739895465,-1.0,-1.0,4.147645366678848,4.147645366678848,317.8273060407074,249.59031389247326,318.0446197699698,0.06744939765935933,0.0,0.07771949837322012,0.7376537648086345,0.17489511689379794
