target_id,prot_ps,prot_acf,prot_cs,e_prot_ps,E_prot_ps,e_prot_acf,E_prot_acf,e_prot_cs,E_prot_cs,sph_ps,sph_acf,sph_cs,h_ps,fa_prob_ps,hacf,gacf,hcs
9837538,32.43356670416056,1.0625550728291273,31.67926214634441,8.764680715097285,19.300126389668456,-1.0,-1.0,6.407172434024765,6.407172434024765,2813.894215309614,2356.930054298389,2813.894215309614,0.0949476098338423,1.226605098260943e-99,0.05333264248674641,0.868780346143019,0.2507111012759954
