target_id,prot_ps,prot_acf,prot_cs,e_prot_ps,E_prot_ps,e_prot_acf,E_prot_acf,e_prot_cs,E_prot_cs,sph_ps,sph_acf,sph_cs,h_ps,fa_prob_ps,hacf,gacf,hcs
9827596,11.595119878017814,11.524587465450168,11.52083231213211,1.420700868321875,1.8757628080785658,-1.0,-1.0,0.2806947189617463,0.2806947189617463,1236.2208863230603,1238.2575358202912,1238.7357334524133,0.050285788505607526,0.0,0.5773957592362997,0.41750207422744035,0.8988815235035321
