target_id,prot_ps,prot_acf,prot_cs,e_prot_ps,E_prot_ps,e_prot_acf,E_prot_acf,e_prot_cs,E_prot_cs,sph_ps,sph_acf,sph_cs,h_ps,fa_prob_ps,hacf,gacf,hcs
9851638,72.93498987803169,22.19132002349943,41.25571346071902,9.174706401776426,12.300211357830435,-1.0,-1.0,1.018574523157419,1.018574523157419,2702.183774555712,2320.170157899919,2457.6234215391073,0.21938965594811777,0.0,0.1982206858569947,-0.0663126883510621,1.157847648035607
