target_id,prot_ps,prot_acf,prot_cs,e_prot_ps,E_prot_ps,e_prot_acf,E_prot_acf,e_prot_cs,E_prot_cs,sph_ps,sph_acf,sph_cs,h_ps,fa_prob_ps,hacf,gacf,hcs
9892749,2.4370126228233033,2.4520516209304333,2.43809386437457,0.02418236106647287,0.02467144335165461,-1.0,-1.0,0.011943979878857938,0.011943979878857938,224.5923443566763,224.44801211601856,224.5923443566763,0.19154259582364172,0.0,0.997367071236344,0.819692184191985,0.14161716268735705
