target_id,prot_ps,prot_acf,prot_cs,e_prot_ps,E_prot_ps,e_prot_acf,E_prot_acf,e_prot_cs,E_prot_cs,sph_ps,sph_acf,sph_cs,h_ps,fa_prob_ps,hacf,gacf,hcs
9833033,73.04940917567836,15.427450314164162,37.82953852996229,3.213940965952915,3.5206365874358028,-1.0,-1.0,19.6261743432081,19.6261743432081,787.0854637717688,775.3233343634926,781.3882703364688,0.04823029143355173,0.0,0.014023715265172057,-0.12820855464981395,0.44127267847734214
