target_id,prot_ps,prot_acf,prot_cs,e_prot_ps,E_prot_ps,e_prot_acf,E_prot_acf,e_prot_cs,E_prot_cs,sph_ps,sph_acf,sph_cs,h_ps,fa_prob_ps,hacf,gacf,hcs
9815249,18.730629874224064,18.778557625133544,18.683375680637266,2.2678322902605075,2.982933070342529,-1.0,-1.0,0.6773037475557195,0.6773037475557195,4354.226101189136,4367.996525582683,4347.54203953194,0.08103082287712483,0.0,0.7105214660475221,0.39910191616196694,0.9787062248943269
