target_id,prot_ps,prot_acf,prot_cs,e_prot_ps,E_prot_ps,e_prot_acf,E_prot_acf,e_prot_cs,E_prot_cs,sph_ps,sph_acf,sph_cs,h_ps,fa_prob_ps,hacf,gacf,hcs
9887144,73.04939369520248,20.270199164748192,28.633530853171553,1.8282165835861122,1.9235348829528647,-1.0,-1.0,0.4164376361126166,0.4164376361126166,627.1963248984164,619.738117422666,620.0422158626988,0.045243267676760346,0.0,0.001923135061992376,-0.2793659819529798,0.562689138304259
