target_id,prot_ps,prot_acf,prot_cs,e_prot_ps,E_prot_ps,e_prot_acf,E_prot_acf,e_prot_cs,E_prot_cs,sph_ps,sph_acf,sph_cs,h_ps,fa_prob_ps,hacf,gacf,hcs
9880027,5.352567567747108,5.1084335427731276,5.300101969297976,0.6146712276300024,0.8003220504723858,-1.0,-1.0,0.12163994102294844,0.12163994102294844,1266.3760314873928,1258.1986155771165,1260.1938899440036,0.04057829020567462,0.0,0.8635109824914486,0.6502862611397741,0.8787343365262131
