target_id,prot_ps,prot_acf,prot_cs,e_prot_ps,E_prot_ps,e_prot_acf,E_prot_acf,e_prot_cs,E_prot_cs,sph_ps,sph_acf,sph_cs,h_ps,fa_prob_ps,hacf,gacf,hcs
9873068,54.11056501841936,23.62131972424686,125.84840234665303,8.90435287683966,13.207792605630978,-1.0,-1.0,6.538268531518445,6.538268531518445,886.0968559106066,881.0740733582721,881.9833554583471,0.046408411291177995,0.0,0.004194000114705887,-0.317055168382149,0.11466914760584486
