target_id,prot_ps,prot_acf,prot_cs,e_prot_ps,E_prot_ps,e_prot_acf,E_prot_acf,e_prot_cs,E_prot_cs,sph_ps,sph_acf,sph_cs,h_ps,fa_prob_ps,hacf,gacf,hcs
9883500,8.963140158780636,9.072573836892843,9.060109264729542,1.1138799141765006,1.4774144971730845,-1.0,-1.0,0.4914706951178045,0.4914706951178045,2410.502809986369,2350.188966530473,2351.5910343702385,0.0385733517767578,0.0,0.7692359388290522,0.511824781158601,0.9310536440400963
