target_id,prot_ps,prot_acf,prot_cs,e_prot_ps,E_prot_ps,e_prot_acf,E_prot_acf,e_prot_cs,E_prot_cs,sph_ps,sph_acf,sph_cs,h_ps,fa_prob_ps,hacf,gacf,hcs
9850621,45.999081964026786,17.859259891323745,23.622212693596264,1.5038660641446668,1.6079535924047192,-1.0,-1.0,1.2047279304270821,1.2047279304270821,158.1564634658182,148.99374754957648,157.80198914562806,0.06825243377885773,0.0,0.00038382524461130774,-0.362443623562416,0.17490035288674657
