target_id,prot_ps,prot_acf,prot_cs,e_prot_ps,E_prot_ps,e_prot_acf,E_prot_acf,e_prot_cs,E_prot_cs,sph_ps,sph_acf,sph_cs,h_ps,fa_prob_ps,hacf,gacf,hcs
9824105,11.590333778117866,11.136373195331544,11.568167477925558,1.7082675876388738,2.432467276142919,-1.0,-1.0,0.15655460603960053,0.15655460603960053,1319.2350028306546,1298.9012365000783,1311.7806209089847,0.07991831335244544,0.0,0.7514951652696015,0.41315409096155564,0.9191474912734258
