target_id,prot_ps,prot_acf,prot_cs,e_prot_ps,E_prot_ps,e_prot_acf,E_prot_acf,e_prot_cs,E_prot_cs,sph_ps,sph_acf,sph_cs,h_ps,fa_prob_ps,hacf,gacf,hcs
9822061,28.6468535488072,25.317345289047807,28.515291314126287,8.73310079200262,22.730882053828136,-1.0,-1.0,0.6755634753459593,0.6755634753459593,530.5764464989426,527.0769195691338,532.4393607870586,0.06201980293528532,0.0,0.0939488341720104,-0.11652964326078567,1.1644062556807004
