target_id,prot_ps,prot_acf,prot_cs,e_prot_ps,E_prot_ps,e_prot_acf,E_prot_acf,e_prot_cs,E_prot_cs,sph_ps,sph_acf,sph_cs,h_ps,fa_prob_ps,hacf,gacf,hcs
9895255,72.93537277603548,25.86910333391279,72.65749268087536,0.7236771472990569,0.7383393716677631,-1.0,-1.0,2.752347445715784,2.752347445715784,861.5635166625249,821.4517975553784,812.7131425911158,0.08615429588543949,0.0,0.002329835095587929,-0.2543523657224986,0.49301822731597494
