target_id,prot_ps,prot_acf,prot_cs,e_prot_ps,E_prot_ps,e_prot_acf,E_prot_acf,e_prot_cs,E_prot_cs,sph_ps,sph_acf,sph_cs,h_ps,fa_prob_ps,hacf,gacf,hcs
9837432,139.23078424968875,1.0012759058736265,79.1392128640786,24.685815744541074,38.460344655101096,-1.0,-1.0,10.127925009005027,10.127925009005027,586.3979863006145,246.4357359327492,592.4367835864849,0.053203268020635665,3.363e-319,0.009055839335428806,0.9307120397784068,0.01810946847028865
