target_id,prot_ps,prot_acf,prot_cs,e_prot_ps,E_prot_ps,e_prot_acf,E_prot_acf,e_prot_cs,E_prot_cs,sph_ps,sph_acf,sph_cs,h_ps,fa_prob_ps,hacf,gacf,hcs
9826375,33.534365524693236,31.42696570046246,32.30622599571013,3.048612365354444,3.726086091267895,-1.0,-1.0,3.964651828714461,3.964651828714461,3785.5240369540875,3785.5240369540875,3785.5240369540875,0.5379805017321508,0.0,0.4456964457119086,0.4580151155692126,0.8892072757056657
