target_id,prot_ps,prot_acf,prot_cs,e_prot_ps,E_prot_ps,e_prot_acf,E_prot_acf,e_prot_cs,E_prot_cs,sph_ps,sph_acf,sph_cs,h_ps,fa_prob_ps,hacf,gacf,hcs
9965148,91.3114010177377,17.001017153263092,46.10585942717182,3.051010884648008,3.2718431872183515,-1.0,-1.0,13.481557751492954,13.481557751492954,288.94583606366496,276.3953070467366,287.69097777912623,0.04114363887227995,0.0,0.01176447836075965,-0.0440883590029236,1.1465707123122633
