target_id,prot_ps,prot_acf,prot_cs,e_prot_ps,E_prot_ps,e_prot_acf,E_prot_acf,e_prot_cs,E_prot_cs,sph_ps,sph_acf,sph_cs,h_ps,fa_prob_ps,hacf,gacf,hcs
9994925,91.31159970612478,14.180968533270061,27.840674087745136,3.883367497093232,4.2404420156035485,-1.0,-1.0,1.8681017333425174,1.8681017333425174,956.8486026147202,915.9741860627806,933.8360631662658,0.05932293888100534,0.0,0.001451707225648552,-0.16667251574747227,0.5388465882094114
