target_id,prot_ps,prot_acf,prot_cs,e_prot_ps,E_prot_ps,e_prot_acf,E_prot_acf,e_prot_cs,E_prot_cs,sph_ps,sph_acf,sph_cs,h_ps,fa_prob_ps,hacf,gacf,hcs
9965345,18.036817132652825,8.909185249358416,9.940326364849472,3.3009613282002963,5.1768787573919575,-1.0,-1.0,0.4126632060629645,0.4126632060629645,587.6294850965905,536.1123416253478,540.7219165043748,0.03999610090749334,0.0,2.014409947727336e-05,-0.17158916053958856,0.36203608222439676
