target_id,prot_ps,prot_acf,prot_cs,e_prot_ps,E_prot_ps,e_prot_acf,E_prot_acf,e_prot_cs,E_prot_cs,sph_ps,sph_acf,sph_cs,h_ps,fa_prob_ps,hacf,gacf,hcs
9911138,74.8785874551173,16.142809283919632,35.04379122245124,1.4938603551965173,1.5565907729917257,-1.0,-1.0,7.62097839788552,7.62097839788552,733.6211904673283,671.2250418821724,722.8154344854943,0.04847276604577474,0.0,0.06229620916377333,-0.04458417736350322,0.9199744202641309
