target_id,prot_ps,prot_acf,prot_cs,e_prot_ps,E_prot_ps,e_prot_acf,E_prot_acf,e_prot_cs,E_prot_cs,sph_ps,sph_acf,sph_cs,h_ps,fa_prob_ps,hacf,gacf,hcs
9935172,17.622334150313144,9.889826593920588,43.33886691516267,1.017257583563314,1.1515325638898446,-1.0,-1.0,2.0758923086251104,2.0758923086251104,1420.126797372901,1410.149422547531,1422.773759523577,0.133736119063519,0.0,0.0014127036497207368,-0.1775547306143332,0.4378577638320943
