target_id,prot_ps,prot_acf,prot_cs,e_prot_ps,E_prot_ps,e_prot_acf,E_prot_acf,e_prot_cs,E_prot_cs,sph_ps,sph_acf,sph_cs,h_ps,fa_prob_ps,hacf,gacf,hcs
9943255,73.04930458420995,28.58671788452193,28.648764282683658,2.116438453457434,2.2452388802689285,-1.0,-1.0,0.3671466441683235,0.3671466441683235,636.2341475652772,625.7909355652886,626.1108446159466,0.1047782315412677,0.0,0.003778619254301452,-0.5757930214394924,0.10798159614914313
