target_id,prot_ps,prot_acf,prot_cs,e_prot_ps,E_prot_ps,e_prot_acf,E_prot_acf,e_prot_cs,E_prot_cs,sph_ps,sph_acf,sph_cs,h_ps,fa_prob_ps,hacf,gacf,hcs
10093588,91.31134464023559,16.776233385317028,33.64176292154007,1.3344950110538178,1.3746833411690034,-1.0,-1.0,3.9526954191887556,3.9526954191887556,692.9582437364382,652.9360219666777,696.6096284681673,0.05164972222158314,0.0,0.03191516058330518,-0.045014546508873834,0.8915106092279595
