target_id,prot_ps,prot_acf,prot_cs,e_prot_ps,E_prot_ps,e_prot_acf,E_prot_acf,e_prot_cs,E_prot_cs,sph_ps,sph_acf,sph_cs,h_ps,fa_prob_ps,hacf,gacf,hcs
10006576,27.553288855785578,14.937043339945376,14.443773536626251,3.664002680767684,4.973520613589443,-1.0,-1.0,0.6554954577643132,0.6554954577643132,1943.5500707835463,1880.1798657545248,1888.920303894219,0.08742815043628077,0.0,2.1256734785313203e-05,-0.35630388970920407,0.20086127946639507
