target_id,prot_ps,prot_acf,prot_cs,e_prot_ps,E_prot_ps,e_prot_acf,E_prot_acf,e_prot_cs,E_prot_cs,sph_ps,sph_acf,sph_cs,h_ps,fa_prob_ps,hacf,gacf,hcs
10098876,15.912817526084037,8.766274724621326,12.077229255228305,1.4466655375288227,1.7681526933525475,-1.0,-1.0,1.828761566917217,1.828761566917217,490.4245617067249,490.4245617067249,490.4245617067249,0.3115256930845562,5.126122095043866e-123,0.0008746419121589688,-0.4728827861784156,0.21255717570883062
