target_id,prot_ps,prot_acf,prot_cs,e_prot_ps,E_prot_ps,e_prot_acf,E_prot_acf,e_prot_cs,E_prot_cs,sph_ps,sph_acf,sph_cs,h_ps,fa_prob_ps,hacf,gacf,hcs
10063218,63.5211059477541,0.6334437672048807,63.56910289358891,2.24862725708077,2.419461169531303,-1.0,-1.0,3.305556458220026,3.305556458220026,863.4689101912791,717.5822166024774,863.401297395441,0.035925008861400966,0.0,0.011771972091183969,0.8930424005255082,0.06735644607537836
