target_id,prot_ps,prot_acf,prot_cs,e_prot_ps,E_prot_ps,e_prot_acf,E_prot_acf,e_prot_cs,E_prot_cs,sph_ps,sph_acf,sph_cs,h_ps,fa_prob_ps,hacf,gacf,hcs
10020210,60.87450914790095,19.146385793108493,26.354785490264025,1.7856689327392559,1.8980212623020236,-1.0,-1.0,5.9594387876348165,5.9594387876348165,728.8311824325172,723.3968910916209,725.8091090240204,0.051043102044317605,0.0,0.0034867389067984866,-0.26257869710982323,0.21024750380442672
