target_id,prot_ps,prot_acf,prot_cs,e_prot_ps,E_prot_ps,e_prot_acf,E_prot_acf,e_prot_cs,E_prot_cs,sph_ps,sph_acf,sph_cs,h_ps,fa_prob_ps,hacf,gacf,hcs
10019532,21.96950847506255,12.791526336222887,21.958631749153504,3.863361780855243,5.927084517834089,-1.0,-1.0,0.21078112242846336,0.21078112242846336,160.21962130271717,159.9234251854773,160.22572912978654,0.08713028224748337,0.0,8.769542434457211e-05,-0.2407915878788458,0.22186656541524064
