target_id,prot_ps,prot_acf,prot_cs,e_prot_ps,E_prot_ps,e_prot_acf,E_prot_acf,e_prot_cs,E_prot_cs,sph_ps,sph_acf,sph_cs,h_ps,fa_prob_ps,hacf,gacf,hcs
10081565,21.485114094468756,20.883243961259723,21.52822821785459,3.6650966666346463,5.5572041885662635,-1.0,-1.0,0.3372104957097777,0.3372104957097777,1608.6924728053746,1611.0273821778605,1608.6495630725353,0.0919379352605369,0.0,0.6036132411360043,0.3274596787199276,0.947322706912095
