target_id,prot_ps,prot_acf,prot_cs,e_prot_ps,E_prot_ps,e_prot_acf,E_prot_acf,e_prot_cs,E_prot_cs,sph_ps,sph_acf,sph_cs,h_ps,fa_prob_ps,hacf,gacf,hcs
10094286,73.04875703930325,20.59757110476494,37.081145195122815,3.838019659700933,4.293720118548407,-1.0,-1.0,4.974812934934601,4.974812934934601,400.92901339640827,377.47849428398825,398.52955207591754,0.058667809195918526,0.0,0.007185242792391466,-0.2412715422452019,0.3996914069655348
