target_id,prot_ps,prot_acf,prot_cs,e_prot_ps,E_prot_ps,e_prot_acf,E_prot_acf,e_prot_cs,E_prot_cs,sph_ps,sph_acf,sph_cs,h_ps,fa_prob_ps,hacf,gacf,hcs
10091380,9.739877047023517,8.827445782721043,8.626784862382335,1.8717548722808024,3.0593840793884883,-1.0,-1.0,0.7151948578067799,0.7151948578067799,997.4318603766279,986.2357430845445,970.7554408152907,0.023269551608251744,0.0,0.42511290571392957,0.35583604991688356,0.8701185019864465
