target_id,prot_ps,prot_acf,prot_cs,e_prot_ps,E_prot_ps,e_prot_acf,E_prot_acf,e_prot_cs,E_prot_cs,sph_ps,sph_acf,sph_cs,h_ps,fa_prob_ps,hacf,gacf,hcs
10087053,91.31140821714628,18.921806442551315,33.5371650365414,3.13212753708963,3.3653070910726655,-1.0,-1.0,1.424280246338635,1.424280246338635,474.5931649095394,442.5813076530735,462.4103758232694,0.052117455658389385,0.0,0.00011149691716771937,-0.2839589434525563,0.39472532204826977
