target_id,prot_ps,prot_acf,prot_cs,e_prot_ps,E_prot_ps,e_prot_acf,E_prot_acf,e_prot_cs,E_prot_cs,sph_ps,sph_acf,sph_cs,h_ps,fa_prob_ps,hacf,gacf,hcs
10053675,8.087762108889653,8.010016676038504,8.085460875519484,0.6003585493261525,0.7038006090463647,-1.0,-1.0,0.07900979155370283,0.07900979155370283,4385.2462292908795,4413.033844891527,4384.759796491277,0.11547972240623038,0.0,1.0730914288323843,0.6947986046751629,0.9423746648134949
