target_id,prot_ps,prot_acf,prot_cs,e_prot_ps,E_prot_ps,e_prot_acf,E_prot_acf,e_prot_cs,E_prot_cs,sph_ps,sph_acf,sph_cs,h_ps,fa_prob_ps,hacf,gacf,hcs
10081982,54.11066514575197,25.74646926485002,26.783684169519695,6.760376176132873,9.042420383115413,-1.0,-1.0,5.058843777284265,5.058843777284265,405.86601590916604,381.5295506539403,383.40483397764234,0.17247129941476147,0.0,2.212481913826947e-05,-0.5215442532128672,0.08892047454361021
