target_id,prot_ps,prot_acf,prot_cs,e_prot_ps,E_prot_ps,e_prot_acf,E_prot_acf,e_prot_cs,E_prot_cs,sph_ps,sph_acf,sph_cs,h_ps,fa_prob_ps,hacf,gacf,hcs
10027386,52.17801526042653,19.718754789792,32.14483973820695,0.9580040088846076,0.9949027696117554,-1.0,-1.0,5.184875718970166,5.184875718970166,900.1879106582237,859.9280341421899,866.5748597774775,0.03399848084316892,0.0,0.0007575992916207253,-0.24372862710414211,0.2585995045084444
