target_id,prot_ps,prot_acf,prot_cs,e_prot_ps,E_prot_ps,e_prot_acf,E_prot_acf,e_prot_cs,E_prot_cs,sph_ps,sph_acf,sph_cs,h_ps,fa_prob_ps,hacf,gacf,hcs
10005956,54.110010638942676,54.21072517009452,53.78734106721869,8.917452208325983,13.289420926365352,-1.0,-1.0,6.980420461891675,6.980420461891675,199.72197817756495,199.60927223314522,181.70286935742402,0.08592938917338915,0.0,0.3806150182289292,0.21051187391765366,0.9982193142136591
