target_id,prot_ps,prot_acf,prot_cs,e_prot_ps,E_prot_ps,e_prot_acf,E_prot_acf,e_prot_cs,E_prot_cs,sph_ps,sph_acf,sph_cs,h_ps,fa_prob_ps,hacf,gacf,hcs
10068307,19.116530396074793,18.63581060618162,23.58962591896299,1.0213529048442744,1.1449169479680457,-1.0,-1.0,1.7446923562718732,1.7446923562718732,152.88209578833414,151.37251737694572,149.81526219067058,0.08584484225874991,0.0,0.26062069812091765,-0.002034825420853504,29.806994226689543
