target_id,prot_ps,prot_acf,prot_cs,e_prot_ps,E_prot_ps,e_prot_acf,E_prot_acf,e_prot_cs,E_prot_cs,sph_ps,sph_acf,sph_cs,h_ps,fa_prob_ps,hacf,gacf,hcs
10002203,19.478723661683887,19.20765890739858,19.359253197088847,1.0117430415363273,1.1303389762377094,-1.0,-1.0,0.419200003787429,0.419200003787429,4700.003062093556,4575.31455999985,4660.291388407374,0.170307777009801,0.0,1.026530253581182,0.5789056440008482,0.9911891038749889
