target_id,prot_ps,prot_acf,prot_cs,e_prot_ps,E_prot_ps,e_prot_acf,E_prot_acf,e_prot_cs,E_prot_cs,sph_ps,sph_acf,sph_cs,h_ps,fa_prob_ps,hacf,gacf,hcs
10055337,9.018445800516517,8.766046189237386,8.988150492830817,0.33905084536258556,0.3669152844277015,-1.0,-1.0,0.16452469008064416,0.16452469008064416,6215.288178088289,6199.680503239196,6195.359733187159,0.21210146891368195,0.0,1.2256937284869434,0.6613338976039294,0.866812816587343
