target_id,prot_ps,prot_acf,prot_cs,e_prot_ps,E_prot_ps,e_prot_acf,E_prot_acf,e_prot_cs,E_prot_cs,sph_ps,sph_acf,sph_cs,h_ps,fa_prob_ps,hacf,gacf,hcs
10007286,72.9352130662931,1.6346978396177292,61.93965916744334,0.7793659769284176,0.7962180265452901,-1.0,-1.0,9.101399201491777,9.101399201491777,607.3840426947332,498.0980628357079,598.0886004353755,0.06420766661098264,0.0,0.6260995270249883,0.8654988729350694,0.1504036626869307
