target_id,prot_ps,prot_acf,prot_cs,e_prot_ps,E_prot_ps,e_prot_acf,E_prot_acf,e_prot_cs,E_prot_cs,sph_ps,sph_acf,sph_cs,h_ps,fa_prob_ps,hacf,gacf,hcs
10005151,54.110674723680866,17.450357682071626,28.934491200195623,6.706071022598067,8.89368085835239,-1.0,-1.0,3.7424663622636394,3.7424663622636394,668.8042899583322,666.2603409019705,667.5619922367925,0.10464964171867817,0.0,0.0008161218504961071,-0.2133759185149026,0.39142587504350795
