target_id,prot_ps,prot_acf,prot_cs,e_prot_ps,E_prot_ps,e_prot_acf,E_prot_acf,e_prot_cs,E_prot_cs,sph_ps,sph_acf,sph_cs,h_ps,fa_prob_ps,hacf,gacf,hcs
10005745,121.74878639585656,28.423234844580293,28.634759945063806,4.23859578234304,4.552403251203799,-1.0,-1.0,0.385770449758273,0.385770449758273,936.7265524713832,906.927655148352,905.9331822340998,0.09776108959136814,0.0,0.005073753187441354,-0.43315933083988595,0.12818786915286118
