target_id,prot_ps,prot_acf,prot_cs,e_prot_ps,E_prot_ps,e_prot_acf,E_prot_acf,e_prot_cs,E_prot_cs,sph_ps,sph_acf,sph_cs,h_ps,fa_prob_ps,hacf,gacf,hcs
10074605,97.3992322092201,5.741873282939196,94.49874148993507,4.299532269453223,4.720453437626432,-1.0,-1.0,6.408742992025902,6.408742992025902,676.0167602653779,613.8979392216423,674.6081966124127,0.026133520977344157,0.0,0.2760162811343544,0.4231282131106535,0.20316855014398805
