target_id,prot_ps,prot_acf,prot_cs,e_prot_ps,E_prot_ps,e_prot_acf,E_prot_acf,e_prot_cs,E_prot_cs,sph_ps,sph_acf,sph_cs,h_ps,fa_prob_ps,hacf,gacf,hcs
10058570,28.30719051111808,27.93286496028304,28.034428563246898,2.9946498883713097,3.8031579773340347,-1.0,-1.0,1.695066195613025,1.695066195613025,2549.5581776847507,2446.4017008270735,2444.4095386742083,0.14114215335387068,0.0,1.0655021077093036,0.6197064963479078,0.9846582657408118
