target_id,prot_ps,prot_acf,prot_cs,e_prot_ps,E_prot_ps,e_prot_acf,E_prot_acf,e_prot_cs,E_prot_cs,sph_ps,sph_acf,sph_cs,h_ps,fa_prob_ps,hacf,gacf,hcs
10189651,45.999146999687,13.138879394624382,20.369758479190054,9.953479438583273,17.41459343183518,-1.0,-1.0,2.7243012580668107,2.7243012580668107,257.2886208984396,253.74915006599858,253.65141625272602,0.040530778915662195,0.0,0.00012449972087337675,-0.022864412182586256,2.341700895615598
