target_id,prot_ps,prot_acf,prot_cs,e_prot_ps,E_prot_ps,e_prot_acf,E_prot_acf,e_prot_cs,E_prot_cs,sph_ps,sph_acf,sph_cs,h_ps,fa_prob_ps,hacf,gacf,hcs
10187346,52.69236412248398,23.948240395635366,129.99314260324715,12.906847528141093,25.061619602765532,-1.0,-1.0,7.361337067794467,7.361337067794467,986.1352656322906,954.3102765815441,993.6104865084753,0.05264275080861115,0.0,0.014100921352090401,-0.27323384420386226,0.17746769224419798
