target_id,prot_ps,prot_acf,prot_cs,e_prot_ps,E_prot_ps,e_prot_acf,E_prot_acf,e_prot_cs,E_prot_cs,sph_ps,sph_acf,sph_cs,h_ps,fa_prob_ps,hacf,gacf,hcs
10129128,76.89407669220884,18.69683395838365,31.43642751006261,2.579669375727434,2.767195775994523,-1.0,-1.0,8.582084965819147,8.582084965819147,413.71361925731907,395.9484184649775,407.1649626992076,0.05243725386180559,0.0,0.001550183784588155,-0.28158183466210235,0.26305437661293796
