target_id,prot_ps,prot_acf,prot_cs,e_prot_ps,E_prot_ps,e_prot_acf,E_prot_acf,e_prot_cs,E_prot_cs,sph_ps,sph_acf,sph_cs,h_ps,fa_prob_ps,hacf,gacf,hcs
10187728,61.85621335365911,25.072074697818607,37.4716125358652,21.980923407836258,74.16045598215375,-1.0,-1.0,0.7917150724572506,0.7917150724572506,1048.7833440315862,1038.8431836840607,1044.577517199666,0.061497554158290675,0.0,0.01772694569084876,-0.38025209243190927,0.24115815866729198
