target_id,prot_ps,prot_acf,prot_cs,e_prot_ps,E_prot_ps,e_prot_acf,E_prot_acf,e_prot_cs,E_prot_cs,sph_ps,sph_acf,sph_cs,h_ps,fa_prob_ps,hacf,gacf,hcs
10196507,60.87439594266921,22.8039766587317,26.298134372569624,1.3301615016193509,1.3903131495531653,-1.0,-1.0,2.6429091944562297,2.6429091944562297,963.540853871925,937.9700170725678,949.8850952398942,0.07006631461851803,0.0,0.00014563098153574927,-0.3587934346691221,0.2826479724755048
