target_id,prot_ps,prot_acf,prot_cs,e_prot_ps,E_prot_ps,e_prot_acf,E_prot_acf,e_prot_cs,E_prot_cs,sph_ps,sph_acf,sph_cs,h_ps,fa_prob_ps,hacf,gacf,hcs
10190048,13.65407152709128,13.77229571621865,13.717796347596506,0.7777842015220262,0.8766608523595707,-1.0,-1.0,0.23868622932835362,0.23868622932835362,2766.4617002860664,2756.4034172190936,2762.4937483634435,0.24244823398835114,0.0,1.0106614089347437,0.5966514368201906,0.9635397574028272
