target_id,prot_ps,prot_acf,prot_cs,e_prot_ps,E_prot_ps,e_prot_acf,E_prot_acf,e_prot_cs,E_prot_cs,sph_ps,sph_acf,sph_cs,h_ps,fa_prob_ps,hacf,gacf,hcs
10160915,61.85513372075969,24.765850614756346,45.90429773626973,17.58983988950127,40.2564770267152,-1.0,-1.0,1.107795103368932,1.107795103368932,772.4327616891344,768.3948914470262,770.9782828383842,0.02539158458472476,0.0,0.0007667860315871411,-0.31831108023047894,0.27377474642822136
