target_id,prot_ps,prot_acf,prot_cs,e_prot_ps,E_prot_ps,e_prot_acf,E_prot_acf,e_prot_cs,E_prot_cs,sph_ps,sph_acf,sph_cs,h_ps,fa_prob_ps,hacf,gacf,hcs
10199528,40.582926865805824,19.55502121243626,20.493539628619324,9.83163000093531,18.895181988715287,-1.0,-1.0,1.6727992296927814,1.6727992296927814,646.1730529642192,632.481027792746,635.3718295879228,0.05022104363707559,0.0,5.2373387564697005e-05,-0.4133699272044359,0.3040966079457957
