target_id,prot_ps,prot_acf,prot_cs,e_prot_ps,E_prot_ps,e_prot_acf,E_prot_acf,e_prot_cs,E_prot_cs,sph_ps,sph_acf,sph_cs,h_ps,fa_prob_ps,hacf,gacf,hcs
10147550,32.46641401818699,17.286922562867403,19.80456054037438,2.25211672843475,2.610689192372135,-1.0,-1.0,5.925191513870969,5.925191513870969,427.3639938636401,422.7544710961462,423.9275667155377,0.04540156462526656,0.0,2.0437357490354913e-05,-0.29974994240735847,0.2240656701476869
