target_id,prot_ps,prot_acf,prot_cs,e_prot_ps,E_prot_ps,e_prot_acf,E_prot_acf,e_prot_cs,E_prot_cs,sph_ps,sph_acf,sph_cs,h_ps,fa_prob_ps,hacf,gacf,hcs
10132417,10.288525180346003,9.971669547259808,10.033115258673654,1.3480105137985845,1.8298938046859963,-1.0,-1.0,0.7506215974367554,0.7506215974367554,2442.580379509964,2425.921474344597,2423.2816315053005,0.04455591391639138,0.0,0.890738612687222,0.5665335178210095,0.9355245028601242
