target_id,prot_ps,prot_acf,prot_cs,e_prot_ps,E_prot_ps,e_prot_acf,E_prot_acf,e_prot_cs,E_prot_cs,sph_ps,sph_acf,sph_cs,h_ps,fa_prob_ps,hacf,gacf,hcs
10191981,20.013560062644927,20.2906610397622,20.22527320962399,1.4343861926351842,1.6715995771759395,-1.0,-1.0,1.614743111190245,1.614743111190245,2016.1401176437464,1993.4731307917684,2032.9501653654434,0.07647343939275723,0.0,0.7303508557661162,0.36133091775107984,0.9775834734572298
