target_id,prot_ps,prot_acf,prot_cs,e_prot_ps,E_prot_ps,e_prot_acf,E_prot_acf,e_prot_cs,E_prot_cs,sph_ps,sph_acf,sph_cs,h_ps,fa_prob_ps,hacf,gacf,hcs
10197488,61.856228260963746,24.418204380199313,31.926955479439346,4.689610764342007,5.517923252099237,-1.0,-1.0,5.563279412019872,5.563279412019872,921.5064810014552,894.5175779376142,908.5056028928791,0.07903290721272149,0.0,0.0013474396652217446,-0.4756350982847562,0.1297278003499184
