target_id,prot_ps,prot_acf,prot_cs,e_prot_ps,E_prot_ps,e_prot_acf,E_prot_acf,e_prot_cs,E_prot_cs,sph_ps,sph_acf,sph_cs,h_ps,fa_prob_ps,hacf,gacf,hcs
10158520,42.97009451167144,20.61783041805029,24.51825803965333,5.8571405638872065,8.022255921075335,-1.0,-1.0,7.544900946734301,7.544900946734301,918.1290874636096,871.2912392025452,886.9950867638522,0.09620697633414703,0.0,2.6170686692000844e-05,-0.38450136195724444,0.12964788783456477
