target_id,prot_ps,prot_acf,prot_cs,e_prot_ps,E_prot_ps,e_prot_acf,E_prot_acf,e_prot_cs,E_prot_cs,sph_ps,sph_acf,sph_cs,h_ps,fa_prob_ps,hacf,gacf,hcs
10160162,61.85515252995667,26.461869073100388,37.809208944663396,14.600389689062055,27.411488160248794,-1.0,-1.0,9.635937597150697,9.635937597150697,970.7765344324573,947.2413710691925,971.569075188152,0.07265913636074885,0.0,0.0030689214763318373,-0.3542407093164726,0.13443954719839543
