target_id,prot_ps,prot_acf,prot_cs,e_prot_ps,E_prot_ps,e_prot_acf,E_prot_acf,e_prot_cs,E_prot_cs,sph_ps,sph_acf,sph_cs,h_ps,fa_prob_ps,hacf,gacf,hcs
10199006,121.74896951904056,20.90367575827986,46.10537610990926,4.968352077852742,5.414699240404829,-1.0,-1.0,8.832889190204565,8.832889190204565,247.43966977219435,243.62940094217967,247.64376181258953,0.045598166552484366,0.0,0.01922114245689241,-0.15018773790033513,0.5901940070986258
