target_id,prot_ps,prot_acf,prot_cs,e_prot_ps,E_prot_ps,e_prot_acf,E_prot_acf,e_prot_cs,E_prot_cs,sph_ps,sph_acf,sph_cs,h_ps,fa_prob_ps,hacf,gacf,hcs
10192963,63.521253369839755,27.381181325763464,31.390481016027426,20.487852213647336,56.69338723754137,-1.0,-1.0,8.935759470103553,8.935759470103553,671.200858391232,667.5236424289611,672.5916117749621,0.05302513583964406,0.0,0.0004867347790472598,-0.5880901085519299,0.07969746111449603
