target_id,prot_ps,prot_acf,prot_cs,e_prot_ps,E_prot_ps,e_prot_acf,E_prot_acf,e_prot_cs,E_prot_cs,sph_ps,sph_acf,sph_cs,h_ps,fa_prob_ps,hacf,gacf,hcs
10219501,60.874367754480275,20.781289505772293,30.11120983560389,13.042137252570562,22.650803377816942,-1.0,-1.0,7.24919747705122,7.24919747705122,340.3458320587421,329.29062052709435,337.6842241076421,0.05633753575475041,0.0,0.057387536123627236,-0.26797730214063353,0.19202687417631878
