target_id,prot_ps,prot_acf,prot_cs,e_prot_ps,E_prot_ps,e_prot_acf,E_prot_acf,e_prot_cs,E_prot_cs,sph_ps,sph_acf,sph_cs,h_ps,fa_prob_ps,hacf,gacf,hcs
10200957,63.52107380873069,19.67761470610276,34.43030864744448,1.1939620284311943,1.2401150183763718,-1.0,-1.0,5.008390557122168,5.008390557122168,683.8660137882215,688.6775908626038,686.3204576225943,0.062410794553011,0.0,4.70521838382143e-05,-0.3000968293540671,0.21684090930541558
