target_id,prot_ps,prot_acf,prot_cs,e_prot_ps,E_prot_ps,e_prot_acf,E_prot_acf,e_prot_cs,E_prot_cs,sph_ps,sph_acf,sph_cs,h_ps,fa_prob_ps,hacf,gacf,hcs
10255922,13.413832068506656,14.201502855867147,13.55926798570901,1.616574430220604,2.1232181267977293,-1.0,-1.0,1.829648954747218,1.829648954747218,2910.39301902167,2910.39301902167,2910.39301902167,0.4296415571876063,0.0,0.7453065778312994,0.6552768082161691,0.9249850891689422
