target_id,prot_ps,prot_acf,prot_cs,e_prot_ps,E_prot_ps,e_prot_acf,E_prot_acf,e_prot_cs,E_prot_cs,sph_ps,sph_acf,sph_cs,h_ps,fa_prob_ps,hacf,gacf,hcs
10207402,12.70424312535104,12.26022345945239,12.582667336435991,1.2092594687266605,1.4971171765314502,-1.0,-1.0,0.7206688987441756,0.7206688987441756,1926.2591973539718,1931.6172712600912,1935.8022834101873,0.05178327598878253,0.0,0.6427323059129764,0.44750693777114503,0.9115986442084785
