target_id,prot_ps,prot_acf,prot_cs,e_prot_ps,E_prot_ps,e_prot_acf,E_prot_acf,e_prot_cs,E_prot_cs,sph_ps,sph_acf,sph_cs,h_ps,fa_prob_ps,hacf,gacf,hcs
10208352,47.687774638446264,6.702282372862101,84.05908556620123,4.427534423592462,5.449577187477196,-1.0,-1.0,4.468727795996378,4.468727795996378,696.2026590676129,670.6579696674601,692.7473323910584,0.0218074877045103,9.35037485836913e-286,0.002063860656004614,0.033852067892578656,2.591946634526798
