target_id,prot_ps,prot_acf,prot_cs,e_prot_ps,E_prot_ps,e_prot_acf,E_prot_acf,e_prot_cs,E_prot_cs,sph_ps,sph_acf,sph_cs,h_ps,fa_prob_ps,hacf,gacf,hcs
10288654,91.31138528915997,22.211660883855075,39.89373679243493,3.435119131124168,3.7148045003852843,-1.0,-1.0,13.243578960157823,13.243578960157823,449.39351291391023,425.6110967638788,439.2810931145298,0.11711345587346358,0.0,0.004491025988707584,-0.197694913294882,0.26950499544607504
