target_id,prot_ps,prot_acf,prot_cs,e_prot_ps,E_prot_ps,e_prot_acf,E_prot_acf,e_prot_cs,E_prot_cs,sph_ps,sph_acf,sph_cs,h_ps,fa_prob_ps,hacf,gacf,hcs
10220322,37.461087595520986,21.741685397922993,16.672573163410284,11.576414224071364,29.826094041768613,-1.0,-1.0,0.32602018589286824,0.32602018589286824,730.6681071266678,698.1631199635976,661.0094652171279,0.06131549691382344,0.0,6.806573766041102e-05,-0.368172011306417,0.4056183937212145
