target_id,prot_ps,prot_acf,prot_cs,e_prot_ps,E_prot_ps,e_prot_acf,E_prot_acf,e_prot_cs,E_prot_cs,sph_ps,sph_acf,sph_cs,h_ps,fa_prob_ps,hacf,gacf,hcs
10273995,129.33469936756225,5.353647991083562,61.89102951857851,2.771338138975466,2.895536075245218,-1.0,-1.0,4.339542097114889,4.339542097114889,882.5773024573809,794.3191572080696,867.7313500587458,0.02401788460272571,0.0,0.2576758095295053,0.4447861925782598,0.16559127193810194
