target_id,prot_ps,prot_acf,prot_cs,e_prot_ps,E_prot_ps,e_prot_acf,E_prot_acf,e_prot_cs,E_prot_cs,sph_ps,sph_acf,sph_cs,h_ps,fa_prob_ps,hacf,gacf,hcs
10231594,11.236398998701594,11.626911326311529,11.351053148973731,1.0621211647669888,1.3066786057926745,-1.0,-1.0,0.8759196401252818,0.8759196401252818,1779.8578254779086,1831.0655820857455,1775.7511694314958,0.04747284861345203,0.0,0.6678683542926587,0.4373575318386152,0.9345589448676582
