target_id,prot_ps,prot_acf,prot_cs,e_prot_ps,E_prot_ps,e_prot_acf,E_prot_acf,e_prot_cs,E_prot_cs,sph_ps,sph_acf,sph_cs,h_ps,fa_prob_ps,hacf,gacf,hcs
10262808,61.99492260666381,32.673517112620175,28.54365811097436,12.809790605853031,21.67918787377704,-1.0,-1.0,1.133874298068108,1.133874298068108,1059.6575670242837,1009.0314909384765,1011.9541817583678,0.2525535470734981,0.0,6.0467921333740016e-05,-0.6614701153007618,0.04599709512226341
