target_id,prot_ps,prot_acf,prot_cs,e_prot_ps,E_prot_ps,e_prot_acf,E_prot_acf,e_prot_cs,E_prot_cs,sph_ps,sph_acf,sph_cs,h_ps,fa_prob_ps,hacf,gacf,hcs
10255204,54.11070163709878,19.39159958716482,37.51204980195265,8.426565204837367,12.183137563963292,-1.0,-1.0,0.7629147520030649,0.7629147520030649,886.405106820833,878.453879279386,882.183952163957,0.02681707900751323,0.0,0.005117067156894833,-0.24132714688409224,0.6624796946482996
