target_id,prot_ps,prot_acf,prot_cs,e_prot_ps,E_prot_ps,e_prot_acf,E_prot_acf,e_prot_cs,E_prot_cs,sph_ps,sph_acf,sph_cs,h_ps,fa_prob_ps,hacf,gacf,hcs
10355472,22.140951084712228,22.06868888810277,22.371929020602252,3.053971867529345,4.20140904096872,-1.0,-1.0,1.1786696980676266,1.1786696980676266,1415.0697019591883,1415.7922718103143,1413.5488751919145,0.07649528662317884,0.0,0.720862293505542,0.3316492565110107,0.9987578996194252
