target_id,prot_ps,prot_acf,prot_cs,e_prot_ps,E_prot_ps,e_prot_acf,E_prot_acf,e_prot_cs,E_prot_cs,sph_ps,sph_acf,sph_cs,h_ps,fa_prob_ps,hacf,gacf,hcs
10338256,14.465218654671613,14.528356191236526,14.510077728798292,0.4498204502579757,0.47945050102178755,-1.0,-1.0,0.17105598651048098,0.17105598651048098,4283.061799969162,4282.565519433332,4275.089391443696,0.2191162765025813,0.0,1.1020410116970778,0.634453622437789,0.9956245756715957
