target_id,prot_ps,prot_acf,prot_cs,e_prot_ps,E_prot_ps,e_prot_acf,E_prot_acf,e_prot_cs,E_prot_cs,sph_ps,sph_acf,sph_cs,h_ps,fa_prob_ps,hacf,gacf,hcs
10398907,15.061704818255423,14.957445692270994,15.107522699686584,1.8530862694330512,2.449893183348518,-1.0,-1.0,0.17935520358470108,0.17935520358470108,2412.2826626030474,2454.505015240723,2409.3144832102885,0.16202873779899915,0.0,0.9474441014350405,0.5179332742190039,0.9867795002910261
