target_id,prot_ps,prot_acf,prot_cs,e_prot_ps,E_prot_ps,e_prot_acf,E_prot_acf,e_prot_cs,E_prot_cs,sph_ps,sph_acf,sph_cs,h_ps,fa_prob_ps,hacf,gacf,hcs
10341822,58.87889733115656,4.597585368901491,59.47885974891483,17.084511878761226,40.1538693729135,-1.0,-1.0,8.379412232301254,8.379412232301254,230.3263153516469,199.72190290256276,229.84327964654995,0.03787654446603393,0.0,0.00021169411017346595,0.4558207926425484,0.3562532148073364
