target_id,prot_ps,prot_acf,prot_cs,e_prot_ps,E_prot_ps,e_prot_acf,E_prot_acf,e_prot_cs,E_prot_cs,sph_ps,sph_acf,sph_cs,h_ps,fa_prob_ps,hacf,gacf,hcs
10324652,73.0493284340322,23.600907032378018,28.377281074644994,25.47916650912854,86.24254961487256,-1.0,-1.0,6.968440246182256,6.968440246182256,525.9690221919105,514.4940055813198,516.2876221528263,0.03414868762162808,0.0,0.0027163247715047967,-0.273892218619787,0.3054783995208018
