target_id,prot_ps,prot_acf,prot_cs,e_prot_ps,E_prot_ps,e_prot_acf,E_prot_acf,e_prot_cs,E_prot_cs,sph_ps,sph_acf,sph_cs,h_ps,fa_prob_ps,hacf,gacf,hcs
10350874,91.31131546209973,34.4719805684872,37.82988250495399,7.841608356926443,9.48741960809734,-1.0,-1.0,8.233798474058961,8.233798474058961,534.8284017580116,504.5105899718696,514.0810756110757,0.14298321554236307,0.0,3.52004585078558e-05,-0.5392912658399583,0.08630823733827503
