target_id,prot_ps,prot_acf,prot_cs,e_prot_ps,E_prot_ps,e_prot_acf,E_prot_acf,e_prot_cs,E_prot_cs,sph_ps,sph_acf,sph_cs,h_ps,fa_prob_ps,hacf,gacf,hcs
10358952,19.99826424194366,20.025277622044086,19.976868066676715,2.9424012634064596,4.151963868225131,-1.0,-1.0,0.31671751139308685,0.31671751139308685,1781.127583015924,1784.0625522800271,1753.330458592433,0.10028745281821361,0.0,0.533284884349259,0.23815322980374637,0.9817447421741319
