target_id,prot_ps,prot_acf,prot_cs,e_prot_ps,E_prot_ps,e_prot_acf,E_prot_acf,e_prot_cs,E_prot_cs,sph_ps,sph_acf,sph_cs,h_ps,fa_prob_ps,hacf,gacf,hcs
10339385,5.368451090386182,5.312775848433375,5.369396827111144,0.2785933935144067,0.31097404638324644,-1.0,-1.0,0.01729234173537004,0.01729234173537004,6417.185031777331,6427.632081942119,6417.185031777331,0.18838260637252296,0.0,1.3648925524079094,0.8346905306238678,0.720926650808472
