target_id,prot_ps,prot_acf,prot_cs,e_prot_ps,E_prot_ps,e_prot_acf,E_prot_acf,e_prot_cs,E_prot_cs,sph_ps,sph_acf,sph_cs,h_ps,fa_prob_ps,hacf,gacf,hcs
10346936,74.8787501484293,7.110922962427139,74.87474940448998,2.1713879880916664,2.3057933992375155,-1.0,-1.0,19.857659135325843,19.857659135325843,407.35775088417677,384.4329355331196,407.35802625794946,0.04883056019148353,0.0,0.2941805145720282,0.36459871356980866,0.1458794642739729
