target_id,prot_ps,prot_acf,prot_cs,e_prot_ps,E_prot_ps,e_prot_acf,E_prot_acf,e_prot_cs,E_prot_cs,sph_ps,sph_acf,sph_cs,h_ps,fa_prob_ps,hacf,gacf,hcs
10347172,47.12863335876891,25.60342690628022,26.561708203663837,8.49467698330298,13.208625584990557,-1.0,-1.0,0.3161746560936203,0.3161746560936203,435.3093484445048,425.80372675488553,429.9196973428776,0.03988579805818282,0.0,0.012280692770767848,-0.46903987519142115,0.20521756552387999
