target_id,prot_ps,prot_acf,prot_cs,e_prot_ps,E_prot_ps,e_prot_acf,E_prot_acf,e_prot_cs,E_prot_cs,sph_ps,sph_acf,sph_cs,h_ps,fa_prob_ps,hacf,gacf,hcs
10328411,60.874411914982524,21.25102397054434,27.840680432333606,6.753495478499708,8.704099129064538,-1.0,-1.0,3.9687053609623577,3.9687053609623577,619.8746604210361,616.6127747896049,620.7437039699197,0.05988028666163594,0.0,0.002231907560297758,-0.3261966065215587,0.33654386036280126
