target_id,prot_ps,prot_acf,prot_cs,e_prot_ps,E_prot_ps,e_prot_acf,E_prot_acf,e_prot_cs,E_prot_cs,sph_ps,sph_acf,sph_cs,h_ps,fa_prob_ps,hacf,gacf,hcs
10354884,52.17794475257365,23.78507742471993,37.0808131016465,11.782472600464466,21.310710401650994,-1.0,-1.0,4.356056701140842,4.356056701140842,741.8460698885842,696.6575123858288,723.1572535381277,0.0620833157166251,0.0,0.0009865520563856478,-0.4522751574952719,0.09230195447677848
