target_id,prot_ps,prot_acf,prot_cs,e_prot_ps,E_prot_ps,e_prot_acf,E_prot_acf,e_prot_cs,E_prot_cs,sph_ps,sph_acf,sph_cs,h_ps,fa_prob_ps,hacf,gacf,hcs
10329265,112.38346954395091,22.497465956490487,62.40748015532736,5.068526359633111,5.56551922136002,-1.0,-1.0,8.960292674248453,8.960292674248453,285.10259916907944,281.3738976519279,285.3186394143637,0.04613147895576469,0.0,0.0013182986216936504,-0.23447279171596458,0.25430684765273187
