target_id,prot_ps,prot_acf,prot_cs,e_prot_ps,E_prot_ps,e_prot_acf,E_prot_acf,e_prot_cs,E_prot_cs,sph_ps,sph_acf,sph_cs,h_ps,fa_prob_ps,hacf,gacf,hcs
10331876,53.908630749296506,26.420800822321326,93.30445694132719,10.53676458063154,17.18892921787055,-1.0,-1.0,3.241740860041391,3.241740860041391,895.8822086792698,894.6769472455246,899.8780274105435,0.06898538202997348,0.0,0.0030523936526533624,-0.4207681063840723,0.08723823742204506
