target_id,prot_ps,prot_acf,prot_cs,e_prot_ps,E_prot_ps,e_prot_acf,E_prot_acf,e_prot_cs,E_prot_cs,sph_ps,sph_acf,sph_cs,h_ps,fa_prob_ps,hacf,gacf,hcs
10362937,9.246644288819066,9.174876691773534,9.257993718530958,0.6489613808171999,0.7536976370254784,-1.0,-1.0,0.3135344443646071,0.3135344443646071,1337.1505720342861,1331.9639324197794,1335.996864679299,0.09562026281505416,0.0,0.9582871435494335,0.5283725911813001,0.9115256987551532
