target_id,prot_ps,prot_acf,prot_cs,e_prot_ps,E_prot_ps,e_prot_acf,E_prot_acf,e_prot_cs,E_prot_cs,sph_ps,sph_acf,sph_cs,h_ps,fa_prob_ps,hacf,gacf,hcs
10328415,45.65589318717692,23.396562710404396,36.149834923909744,15.206265444174008,44.65387903256342,-1.0,-1.0,4.924351906872601,4.924351906872601,311.2022135959866,305.46938419054084,308.94363967312984,0.048688534645881444,0.0,0.0008442142335994829,-0.4628166651481357,0.10228258901623792
