target_id,prot_ps,prot_acf,prot_cs,e_prot_ps,E_prot_ps,e_prot_acf,E_prot_acf,e_prot_cs,E_prot_cs,sph_ps,sph_acf,sph_cs,h_ps,fa_prob_ps,hacf,gacf,hcs
10388647,44.27236424632329,33.225207089446485,33.536821116576895,0.47604510974955616,0.48643874152136846,-1.0,-1.0,3.3514202766109773,3.3514202766109773,764.0005310153764,755.6370029542,756.642373805063,0.05807306642554113,0.0,0.3627506690617158,0.12782083028090793,0.7232292821063803
