target_id,prot_ps,prot_acf,prot_cs,e_prot_ps,E_prot_ps,e_prot_acf,E_prot_acf,e_prot_cs,E_prot_cs,sph_ps,sph_acf,sph_cs,h_ps,fa_prob_ps,hacf,gacf,hcs
10334567,73.04937473649787,1.0829860353842378,90.91369534059015,19.55030090320374,41.588423124260544,-1.0,-1.0,3.8182820066330954,3.8182820066330954,635.7104154910171,553.642898220728,636.1022087157158,0.03998995721935401,0.0,0.05385477993378501,0.8498240359111191,0.06972919533866126
