target_id,prot_ps,prot_acf,prot_cs,e_prot_ps,E_prot_ps,e_prot_acf,E_prot_acf,e_prot_cs,E_prot_cs,sph_ps,sph_acf,sph_cs,h_ps,fa_prob_ps,hacf,gacf,hcs
10346628,60.874475883421816,22.395332843065262,32.038144089929716,0.9607274326314084,0.9917171761617212,-1.0,-1.0,1.34219244049364,1.34219244049364,603.9795968123515,601.0363429806177,604.7218446374029,0.13837151354968086,0.0,0.00620272383878126,-0.3234931750068277,0.19431305097213325
