target_id,prot_ps,prot_acf,prot_cs,e_prot_ps,E_prot_ps,e_prot_acf,E_prot_acf,e_prot_cs,E_prot_cs,sph_ps,sph_acf,sph_cs,h_ps,fa_prob_ps,hacf,gacf,hcs
10419006,7.812733959896754,7.846617043018341,7.820088683927797,0.428144479731821,0.48025486393667194,-1.0,-1.0,0.05482335310963178,0.05482335310963178,5882.674073132145,5856.519976135847,5875.112280006666,0.16574238528742935,0.0,1.1625040382159129,0.7320615269778266,0.8647265424456609
