target_id,prot_ps,prot_acf,prot_cs,e_prot_ps,E_prot_ps,e_prot_acf,E_prot_acf,e_prot_cs,E_prot_cs,sph_ps,sph_acf,sph_cs,h_ps,fa_prob_ps,hacf,gacf,hcs
10427522,9.257424321001098,9.215709877200425,9.182661232055292,0.5054434705117608,0.5676121678925696,-1.0,-1.0,0.4206086567347886,0.4206086567347886,1869.8854670090755,1934.2528670123393,1955.8324536212267,0.06131721588754496,0.0,0.8915397804429208,0.6138617111980577,0.9847088735058617
