target_id,prot_ps,prot_acf,prot_cs,e_prot_ps,E_prot_ps,e_prot_acf,E_prot_acf,e_prot_cs,E_prot_cs,sph_ps,sph_acf,sph_cs,h_ps,fa_prob_ps,hacf,gacf,hcs
10425286,73.04924128215589,13.30247735325247,73.78175131068564,12.812692149246544,19.62993424422166,-1.0,-1.0,4.948277807170421,4.948277807170421,844.9732913761004,702.332991751943,842.7101647530365,0.10411791336040871,0.0,2.2687588700054384e-05,0.16949845799270277,0.7227472410217598
