target_id,prot_ps,prot_acf,prot_cs,e_prot_ps,E_prot_ps,e_prot_acf,E_prot_acf,e_prot_cs,E_prot_cs,sph_ps,sph_acf,sph_cs,h_ps,fa_prob_ps,hacf,gacf,hcs
10423797,74.87837128899474,16.18363031744957,24.274793096919893,0.9074590241197598,0.9300023065387393,-1.0,-1.0,1.1703936191969087,1.1703936191969087,793.9070126497149,747.3232363626432,786.8664238681464,0.0391633068204821,0.0,0.01187952053524595,-0.2152796855575647,0.25019618854575487
