target_id,prot_ps,prot_acf,prot_cs,e_prot_ps,E_prot_ps,e_prot_acf,E_prot_acf,e_prot_cs,E_prot_cs,sph_ps,sph_acf,sph_cs,h_ps,fa_prob_ps,hacf,gacf,hcs
10460289,31.760565641386602,14.078804663848132,15.540425705364903,3.078378057533701,3.827817013817036,-1.0,-1.0,1.1603009670984268,1.1603009670984268,1019.6260393422158,984.2268523313568,994.0947447352054,0.0663510845627005,0.0,9.692947195244495e-06,-0.3145468542944798,0.27290561512672357
