target_id,prot_ps,prot_acf,prot_cs,e_prot_ps,E_prot_ps,e_prot_acf,E_prot_acf,e_prot_cs,E_prot_cs,sph_ps,sph_acf,sph_cs,h_ps,fa_prob_ps,hacf,gacf,hcs
10456424,62.033241592831686,10.523075247183442,62.65541167952109,15.909968634771282,32.3255263770367,-1.0,-1.0,9.28534469230199,9.28534469230199,416.3726478844352,331.23320561809146,417.59511478905705,0.03858457615410186,0.0,0.047228631513707764,0.2278398230941223,0.5483609526366577
