target_id,prot_ps,prot_acf,prot_cs,e_prot_ps,E_prot_ps,e_prot_acf,E_prot_acf,e_prot_cs,E_prot_cs,sph_ps,sph_acf,sph_cs,h_ps,fa_prob_ps,hacf,gacf,hcs
10470939,63.998837468588135,22.844904391095042,38.35491890721024,1.7097017355285473,1.8072258621659785,-1.0,-1.0,8.94124300459914,8.94124300459914,176.13086960559374,175.45878269317063,176.19345754637396,0.02976055885380525,0.0,0.0005531572578351684,-0.2792529805724182,0.2483953877151919
