target_id,prot_ps,prot_acf,prot_cs,e_prot_ps,E_prot_ps,e_prot_acf,E_prot_acf,e_prot_cs,E_prot_cs,sph_ps,sph_acf,sph_cs,h_ps,fa_prob_ps,hacf,gacf,hcs
10486315,52.57028083809064,5.476294046267867,13.75612370129675,5.030276085151257,6.235522144106028,-1.0,-1.0,1.312996504118021,1.312996504118021,514.8113329576622,429.9181673677568,482.1517634514686,0.028117389034099747,0.0,0.05299324966765852,0.0750472738891641,1.1110389744070632
