target_id,prot_ps,prot_acf,prot_cs,e_prot_ps,E_prot_ps,e_prot_acf,E_prot_acf,e_prot_cs,E_prot_cs,sph_ps,sph_acf,sph_cs,h_ps,fa_prob_ps,hacf,gacf,hcs
10412074,91.3117367150537,27.31986087327823,47.025832487253574,3.5700903764633125,3.8696546409958046,-1.0,-1.0,1.029348817632098,1.029348817632098,492.4909112456049,475.49580992145,488.5918600934217,0.08332775321196184,0.0,0.007176928840595287,-0.3751882711610398,0.18637683908854855
