target_id,prot_ps,prot_acf,prot_cs,e_prot_ps,E_prot_ps,e_prot_acf,E_prot_acf,e_prot_cs,E_prot_cs,sph_ps,sph_acf,sph_cs,h_ps,fa_prob_ps,hacf,gacf,hcs
10401967,22.356114831023458,8.398222447838634,54.8678713230702,3.654173281721974,5.455414827030165,-1.0,-1.0,4.557236392631987,4.557236392631987,2512.2029238208424,2286.176364634878,2512.2029238208424,0.2890564119813409,1.6582251497714813e-239,0.0006874544915946475,-0.04943572956323519,3.596865737395278
