target_id,prot_ps,prot_acf,prot_cs,e_prot_ps,E_prot_ps,e_prot_acf,E_prot_acf,e_prot_cs,E_prot_cs,sph_ps,sph_acf,sph_cs,h_ps,fa_prob_ps,hacf,gacf,hcs
10417718,47.12845304470104,17.47099162079394,31.10048426143177,3.006336272194517,3.4419832193832818,-1.0,-1.0,2.661041860181899,2.661041860181899,779.8618706950164,740.9514257970865,765.6717772945751,0.030624857432981455,0.0,0.009616411761342994,-0.20118639103649355,0.6095033964077158
