target_id,prot_ps,prot_acf,prot_cs,e_prot_ps,E_prot_ps,e_prot_acf,E_prot_acf,e_prot_cs,E_prot_cs,sph_ps,sph_acf,sph_cs,h_ps,fa_prob_ps,hacf,gacf,hcs
10423825,15.020068930298141,15.305004313588142,15.169118761271237,1.5362513169423089,1.9263682985323065,-1.0,-1.0,0.9465796442597479,0.9465796442597479,1483.7696652632735,1522.5779130997162,1509.8123538751308,0.04114955363614677,0.0,0.6053679530460647,0.33864299645797985,0.9824094843294223
