target_id,prot_ps,prot_acf,prot_cs,e_prot_ps,E_prot_ps,e_prot_acf,E_prot_acf,e_prot_cs,E_prot_cs,sph_ps,sph_acf,sph_cs,h_ps,fa_prob_ps,hacf,gacf,hcs
10490558,4.0438688711832445,4.045919934287667,4.044413526192617,0.05623349199325389,0.05784410547367358,-1.0,-1.0,0.011777296505451397,0.011777296505451397,333.4112534015021,332.56130950718324,333.4112534015021,0.3835157843888993,0.0,1.2529963194497835,0.866204330957756,0.8223298404412335
