target_id,prot_ps,prot_acf,prot_cs,e_prot_ps,E_prot_ps,e_prot_acf,E_prot_acf,e_prot_cs,E_prot_cs,sph_ps,sph_acf,sph_cs,h_ps,fa_prob_ps,hacf,gacf,hcs
10460062,21.173690443397003,20.27018992602825,20.95757822150365,2.921101412364699,4.049645219750399,-1.0,-1.0,1.9906255432804536,1.9906255432804536,2086.0044126394005,2063.1219437868644,2092.2699379508963,0.04932028680674212,0.0,0.6831721861227759,0.3859251482068682,0.8968721892533368
