target_id,prot_ps,prot_acf,prot_cs,e_prot_ps,E_prot_ps,e_prot_acf,E_prot_acf,e_prot_cs,E_prot_cs,sph_ps,sph_acf,sph_cs,h_ps,fa_prob_ps,hacf,gacf,hcs
10599193,77.4722981419581,13.322791643440723,36.73715992790814,0.8280573407201359,0.8460016054480661,-1.0,-1.0,0.8659458583572781,0.8659458583572781,215.70774568159263,208.40642509332622,214.92027161959584,0.06613875695336606,0.0,0.004699126075333428,-0.03564659429887192,1.4301936117973382
