target_id,prot_ps,prot_acf,prot_cs,e_prot_ps,E_prot_ps,e_prot_acf,E_prot_acf,e_prot_cs,E_prot_cs,sph_ps,sph_acf,sph_cs,h_ps,fa_prob_ps,hacf,gacf,hcs
10593632,45.998666709400325,2.4316206835210323,2.494907100930157,2.1514112914783965,2.3758610691374216,-1.0,-1.0,0.010528771550957956,0.010528771550957956,152.69730281985724,129.28804975774668,130.13103563962432,0.036972669005502,0.0,0.1788749701393805,0.5183941623363005,0.5326548145211818
