target_id,prot_ps,prot_acf,prot_cs,e_prot_ps,E_prot_ps,e_prot_acf,E_prot_acf,e_prot_cs,E_prot_cs,sph_ps,sph_acf,sph_cs,h_ps,fa_prob_ps,hacf,gacf,hcs
10593097,73.04928259972424,7.43785703368485,7.569348640855139,12.33924843379495,18.730222583508123,-1.0,-1.0,0.029451773754642883,0.029451773754642883,1698.0361489678216,1495.1442129338493,1447.9431127534694,0.12129721286734031,0.0,0.5588909965723213,0.7113180001814735,0.6458797920304954
