target_id,prot_ps,prot_acf,prot_cs,e_prot_ps,E_prot_ps,e_prot_acf,E_prot_acf,e_prot_cs,E_prot_cs,sph_ps,sph_acf,sph_cs,h_ps,fa_prob_ps,hacf,gacf,hcs
10582625,63.44033055324461,23.927631160244346,31.558607966445685,22.189763638605733,75.61504726672162,-1.0,-1.0,6.539037592234289,6.539037592234289,1282.527152204832,1175.7092678554668,1226.2394804167543,0.15165830257688934,0.0,0.005271908657725366,-0.3972112522308701,0.21994461884533317
