target_id,prot_ps,prot_acf,prot_cs,e_prot_ps,E_prot_ps,e_prot_acf,E_prot_acf,e_prot_cs,E_prot_cs,sph_ps,sph_acf,sph_cs,h_ps,fa_prob_ps,hacf,gacf,hcs
10554767,40.582835266505356,11.545158468652517,25.01355643300339,5.863422719286454,8.212894662934978,-1.0,-1.0,2.5586688266311564,2.5586688266311564,905.9706360950047,856.1679011571521,902.8522210102038,0.016761908150574222,1.2100226055107264e-257,0.0008218754342388251,-0.14815737079449445,0.7048700438424891
