target_id,prot_ps,prot_acf,prot_cs,e_prot_ps,E_prot_ps,e_prot_acf,E_prot_acf,e_prot_cs,E_prot_cs,sph_ps,sph_acf,sph_cs,h_ps,fa_prob_ps,hacf,gacf,hcs
10534721,21.805792268995063,21.2306222259067,21.58473837910686,3.148781851574128,4.432135244273464,-1.0,-1.0,0.9865235336234067,0.9865235336234067,670.3885160060654,657.4215324680232,645.7005107442155,0.035304069153421956,0.0,0.3380046188930349,0.16489080546128465,0.9392762758324029
