target_id,prot_ps,prot_acf,prot_cs,e_prot_ps,E_prot_ps,e_prot_acf,E_prot_acf,e_prot_cs,E_prot_cs,sph_ps,sph_acf,sph_cs,h_ps,fa_prob_ps,hacf,gacf,hcs
10553694,45.65576925684191,11.013896668329835,14.605775622613729,0.46064329814562655,0.47003880358786887,-1.0,-1.0,0.830715275951449,0.830715275951449,525.0575549764236,475.84261117814816,478.87938043577225,0.04619018617289012,0.0,0.0025224328690026526,-0.1107163123432813,0.5289502388274416
