target_id,prot_ps,prot_acf,prot_cs,e_prot_ps,E_prot_ps,e_prot_acf,E_prot_acf,e_prot_cs,E_prot_cs,sph_ps,sph_acf,sph_cs,h_ps,fa_prob_ps,hacf,gacf,hcs
10513965,52.17806519941315,28.055437097791582,28.710140715297385,12.400009118301668,23.42023384120101,-1.0,-1.0,0.48433300971390625,0.48433300971390625,1013.2937119507341,923.150590033644,968.0922120969772,0.10226894647096142,0.0,8.105605522001902e-06,-0.4469283457018964,0.2389361895649175
