target_id,prot_ps,prot_acf,prot_cs,e_prot_ps,E_prot_ps,e_prot_acf,E_prot_acf,e_prot_cs,E_prot_cs,sph_ps,sph_acf,sph_cs,h_ps,fa_prob_ps,hacf,gacf,hcs
10552320,76.89391936339972,4.556761245708913,4.637385651031545,8.527156195763183,10.988717077694972,-1.0,-1.0,0.29459667061356365,0.29459667061356365,740.5847776148655,641.9584920715306,632.8533299854876,0.021980036069980863,0.0,0.43766835538463145,0.5243805671211572,0.4438705860870059
