target_id,prot_ps,prot_acf,prot_cs,e_prot_ps,E_prot_ps,e_prot_acf,E_prot_acf,e_prot_cs,E_prot_cs,sph_ps,sph_acf,sph_cs,h_ps,fa_prob_ps,hacf,gacf,hcs
10538715,46.76861967909404,6.988345208577812,52.39419868220645,4.251804396964019,5.19666417178199,-1.0,-1.0,4.286373302670288,4.286373302670288,336.53824510500635,307.0103788359863,336.53824510500635,0.2155039082797916,1.577914166433376e-237,0.00034379356452865495,0.04452542030697972,5.1959782334368265
