target_id,prot_ps,prot_acf,prot_cs,e_prot_ps,E_prot_ps,e_prot_acf,E_prot_acf,e_prot_cs,E_prot_cs,sph_ps,sph_acf,sph_cs,h_ps,fa_prob_ps,hacf,gacf,hcs
10515886,22.827902165987485,22.579210395924747,22.982445165232548,1.7532255135111257,2.0676479807937973,-1.0,-1.0,1.037603232733705,1.037603232733705,2748.0088649141285,2743.447686327903,2757.8020332219103,0.07852642627162364,0.0,0.6668059925409052,0.3441782263638033,0.9929803167363843
