target_id,prot_ps,prot_acf,prot_cs,e_prot_ps,E_prot_ps,e_prot_acf,E_prot_acf,e_prot_cs,E_prot_cs,sph_ps,sph_acf,sph_cs,h_ps,fa_prob_ps,hacf,gacf,hcs
10553849,73.5983854140381,19.637007831130177,37.169524866321055,2.5983142787507205,2.7953177908087667,-1.0,-1.0,11.467352052792133,11.467352052792133,229.1733683410305,208.42751758265916,225.7331355089948,0.07288521301284481,0.0,0.0357798208855311,-0.21868061786861176,0.3425489667256117
