target_id,prot_ps,prot_acf,prot_cs,e_prot_ps,E_prot_ps,e_prot_acf,E_prot_acf,e_prot_cs,E_prot_cs,sph_ps,sph_acf,sph_cs,h_ps,fa_prob_ps,hacf,gacf,hcs
10526682,73.59867844693966,17.08256789855659,64.63831182399106,9.90127246459155,13.596012892958129,-1.0,-1.0,18.75006502045666,18.75006502045666,741.6057211099887,726.0159754516528,736.3081607449824,0.06095542747235183,0.0,0.2965401227219798,0.10791212817530654,0.7266395577127329
