target_id,prot_ps,prot_acf,prot_cs,e_prot_ps,E_prot_ps,e_prot_acf,E_prot_acf,e_prot_cs,E_prot_cs,sph_ps,sph_acf,sph_cs,h_ps,fa_prob_ps,hacf,gacf,hcs
10528932,21.485111803362724,21.496215846389532,21.46661683606796,0.9508195629307892,1.043053368378235,-1.0,-1.0,0.2894659193609373,0.2894659193609373,10403.964305381855,10408.461239643462,10398.30658993712,0.3144324384930816,0.0,1.0657679989122943,0.5503956718443,0.9786307351750554
