target_id,prot_ps,prot_acf,prot_cs,e_prot_ps,E_prot_ps,e_prot_acf,E_prot_acf,e_prot_cs,E_prot_cs,sph_ps,sph_acf,sph_cs,h_ps,fa_prob_ps,hacf,gacf,hcs
10579889,91.31151438498458,25.276428941637278,47.591204196289176,2.28722400073012,2.4078741094317735,-1.0,-1.0,7.813525943724622,7.813525943724622,1273.9477228677915,1257.4793984626733,1267.261561725224,0.0884534587539203,0.0,0.002450500193400068,-0.2717860339111699,0.30730363947521494
