target_id,prot_ps,prot_acf,prot_cs,e_prot_ps,E_prot_ps,e_prot_acf,E_prot_acf,e_prot_cs,E_prot_cs,sph_ps,sph_acf,sph_cs,h_ps,fa_prob_ps,hacf,gacf,hcs
10557072,12.074218287615215,8.439195100683719,12.058267403079633,0.2357912509028175,0.24535348861502015,-1.0,-1.0,0.19293143797570228,0.19293143797570228,1085.6992364552889,1047.8544126254696,1085.172579822022,0.036263634160913806,0.0,0.13116131138051657,0.19609688882066187,0.8445549537231382
