target_id,prot_ps,prot_acf,prot_cs,e_prot_ps,E_prot_ps,e_prot_acf,E_prot_acf,e_prot_cs,E_prot_cs,sph_ps,sph_acf,sph_cs,h_ps,fa_prob_ps,hacf,gacf,hcs
10538626,28.30686197145637,29.93543693330139,28.60438276140019,3.803670011343659,5.1825211353703295,-1.0,-1.0,1.7421251163904679,1.7421251163904679,237.4466386568227,243.14449541911966,238.6883573068535,0.05420676496115603,0.0,0.4796336992249463,0.19647395080277222,0.852811737488603
