target_id,prot_ps,prot_acf,prot_cs,e_prot_ps,E_prot_ps,e_prot_acf,E_prot_acf,e_prot_cs,E_prot_cs,sph_ps,sph_acf,sph_cs,h_ps,fa_prob_ps,hacf,gacf,hcs
10679458,8.254137945496513,8.316603343002498,8.3058447488018,0.4777684112997198,0.5396116486638878,-1.0,-1.0,0.16182616811945003,0.16182616811945003,4420.493010119625,4400.546119519538,4392.553252290584,0.12270460069840686,0.0,1.2186364637859475,0.7373713789499821,0.986322398610548
