target_id,prot_ps,prot_acf,prot_cs,e_prot_ps,E_prot_ps,e_prot_acf,E_prot_acf,e_prot_cs,E_prot_cs,sph_ps,sph_acf,sph_cs,h_ps,fa_prob_ps,hacf,gacf,hcs
10662373,39.486177925808136,20.065872997045517,103.31125179424883,6.094662466942147,8.777021547588454,-1.0,-1.0,5.0642907254909675,5.0642907254909675,479.97670440287897,460.5612722453774,483.67684320759764,0.11244021611770469,0.0,0.000142824352420301,-0.5580864501380448,0.05829675424539678
