target_id,prot_ps,prot_acf,prot_cs,e_prot_ps,E_prot_ps,e_prot_acf,E_prot_acf,e_prot_cs,E_prot_cs,sph_ps,sph_acf,sph_cs,h_ps,fa_prob_ps,hacf,gacf,hcs
10667611,60.8744268440787,15.774802157655358,26.829423876944926,1.2370903051734388,1.288954705997618,-1.0,-1.0,4.32842363349653,4.32842363349653,517.9384896772225,513.3205086604927,515.2955999959809,0.028354498426198863,0.0,0.012313716550703263,-0.223381901360897,0.33510240477080055
