target_id,prot_ps,prot_acf,prot_cs,e_prot_ps,E_prot_ps,e_prot_acf,E_prot_acf,e_prot_cs,E_prot_cs,sph_ps,sph_acf,sph_cs,h_ps,fa_prob_ps,hacf,gacf,hcs
10678168,29.21966893654582,19.473534606862813,28.928313686186453,1.463127286694494,1.6242246845695405,-1.0,-1.0,1.5993526558200994,1.5993526558200994,3795.7397904007107,3441.1063071135295,3820.356655142743,0.057336058322171896,0.0,0.17285073794030686,0.0007402651108702203,65.33630037485104
