target_id,prot_ps,prot_acf,prot_cs,e_prot_ps,E_prot_ps,e_prot_acf,E_prot_acf,e_prot_cs,E_prot_cs,sph_ps,sph_acf,sph_cs,h_ps,fa_prob_ps,hacf,gacf,hcs
10666363,45.999152647208895,26.339063538704067,45.84893053260778,9.603795517755444,16.371642098022065,-1.0,-1.0,0.853570689493787,0.853570689493787,172.62233520300643,169.21413038089713,166.3081521340219,0.03825185141989717,0.0,0.0009182755748688709,-0.24795289295010872,0.1886088158401009
