target_id,prot_ps,prot_acf,prot_cs,e_prot_ps,E_prot_ps,e_prot_acf,E_prot_acf,e_prot_cs,E_prot_cs,sph_ps,sph_acf,sph_cs,h_ps,fa_prob_ps,hacf,gacf,hcs
10622162,91.31158924030214,15.223270724527538,90.44359206109117,10.408544769199267,13.522128423732084,-1.0,-1.0,3.3578595863247913,3.3578595863247913,907.0477293216127,862.3957934080984,906.3106027849223,0.038189582309437364,0.0,0.11087708036869821,0.1621780090900118,0.724292070453677
