target_id,prot_ps,prot_acf,prot_cs,e_prot_ps,E_prot_ps,e_prot_acf,E_prot_acf,e_prot_cs,E_prot_cs,sph_ps,sph_acf,sph_cs,h_ps,fa_prob_ps,hacf,gacf,hcs
10656017,61.99496899569814,27.994216452352703,40.903841321161025,9.165366070648354,12.958686650858809,-1.0,-1.0,4.084781933804799,4.084781933804799,852.3843942714014,841.2927180007065,849.05828653723,0.19094564179371662,0.0,0.0011489669232900845,-0.49795301740921616,0.058656279239467785
