target_id,prot_ps,prot_acf,prot_cs,e_prot_ps,E_prot_ps,e_prot_acf,E_prot_acf,e_prot_cs,E_prot_cs,sph_ps,sph_acf,sph_cs,h_ps,fa_prob_ps,hacf,gacf,hcs
10687245,73.04865177247889,25.665145605802536,46.64967158384622,2.599235699715422,2.7962387246373623,-1.0,-1.0,2.3670285475228288,2.3670285475228288,154.62375620944493,150.06695849034801,152.7052876467158,0.10728148672928002,0.0,7.129486316373446e-05,-0.4183453629917981,0.08592705126080143
