target_id,prot_ps,prot_acf,prot_cs,e_prot_ps,E_prot_ps,e_prot_acf,E_prot_acf,e_prot_cs,E_prot_cs,sph_ps,sph_acf,sph_cs,h_ps,fa_prob_ps,hacf,gacf,hcs
10778226,45.99924323102826,19.391604448202997,45.83291630363342,8.146683212249947,12.546239930549092,-1.0,-1.0,1.1173417004791237,1.1173417004791237,221.092372829444,216.4552651994803,217.6502410168053,0.05006355201411202,0.0,0.0002416399971622435,-0.22475316361762543,0.38062595511075314
