target_id,prot_ps,prot_acf,prot_cs,e_prot_ps,E_prot_ps,e_prot_acf,E_prot_acf,e_prot_cs,E_prot_cs,sph_ps,sph_acf,sph_cs,h_ps,fa_prob_ps,hacf,gacf,hcs
10717972,47.12848073909787,25.33770738169551,28.934435811797155,9.518311314787724,15.860971405265317,-1.0,-1.0,4.326895939433149,4.326895939433149,268.5493103063732,261.7653023299251,261.1580158503844,0.05427042880489227,0.0,0.00036713733906185153,-0.4759069854940113,0.12863401650177755
