target_id,prot_ps,prot_acf,prot_cs,e_prot_ps,E_prot_ps,e_prot_acf,E_prot_acf,e_prot_cs,E_prot_cs,sph_ps,sph_acf,sph_cs,h_ps,fa_prob_ps,hacf,gacf,hcs
10717107,73.43525064638281,0.5312627898529172,135.2404240940045,6.305723573075625,7.597424352739466,-1.0,-1.0,11.723170855551643,11.723170855551643,378.7152428068215,233.20793043369426,338.8080250520822,0.0288046373609717,1.278030346357744e-223,0.010873812653107329,0.8776880710609445,0.08610257253723902
