target_id,prot_ps,prot_acf,prot_cs,e_prot_ps,E_prot_ps,e_prot_acf,E_prot_acf,e_prot_cs,E_prot_cs,sph_ps,sph_acf,sph_cs,h_ps,fa_prob_ps,hacf,gacf,hcs
10709515,52.69244858853526,13.036668627522886,53.349194805906144,8.95610586844888,13.499078986119443,-1.0,-1.0,8.382500008398228,8.382500008398228,1122.6796332110655,1056.9936340645286,1118.5334408175897,0.05365719629993215,0.0,0.00048658007641447926,0.06693195280570176,0.9123551917021333
