target_id,prot_ps,prot_acf,prot_cs,e_prot_ps,E_prot_ps,e_prot_acf,E_prot_acf,e_prot_cs,E_prot_cs,sph_ps,sph_acf,sph_cs,h_ps,fa_prob_ps,hacf,gacf,hcs
10784724,27.055231554386168,18.369832828175277,27.122152383901906,0.27074793358765703,0.27624730103714157,-1.0,-1.0,0.4514322942651428,0.4514322942651428,323.2435863315663,328.46877858918253,323.68109651148814,0.054227529651266045,0.0,0.000372812450199253,-0.18167803079835163,1.0121340038766031
