target_id,prot_ps,prot_acf,prot_cs,e_prot_ps,E_prot_ps,e_prot_acf,E_prot_acf,e_prot_cs,E_prot_cs,sph_ps,sph_acf,sph_cs,h_ps,fa_prob_ps,hacf,gacf,hcs
10728138,41.74245126556443,0.6334439404308796,86.70028947379438,8.108744731290543,13.176979815048888,-1.0,-1.0,7.131016154098409,7.131016154098409,632.8322571189941,556.2584698160983,637.8123892083248,0.016181395142644595,1.7115754665915103e-248,0.005963698093456704,0.8542467738957276,0.07601726738102588
