target_id,prot_ps,prot_acf,prot_cs,e_prot_ps,E_prot_ps,e_prot_acf,E_prot_acf,e_prot_cs,E_prot_cs,sph_ps,sph_acf,sph_cs,h_ps,fa_prob_ps,hacf,gacf,hcs
10783945,72.93514344398916,35.28894310910255,41.313557079574984,16.188933721491978,28.882381155683447,-1.0,-1.0,1.346187241822519,1.346187241822519,594.1753586861394,556.0606740844163,555.1407280112832,0.13755678656865888,0.0,0.008799035426131169,-0.43167268772031736,0.10447534538226523
