target_id,prot_ps,prot_acf,prot_cs,e_prot_ps,E_prot_ps,e_prot_acf,E_prot_acf,e_prot_cs,E_prot_cs,sph_ps,sph_acf,sph_cs,h_ps,fa_prob_ps,hacf,gacf,hcs
10779880,33.204237871752944,15.611334839835763,42.16347728869408,8.21923677012719,16.439205625039733,-1.0,-1.0,5.155301241271951,5.155301241271951,747.5549459959134,738.8577407556327,748.8821789105011,0.0630500887526912,0.0,0.0005706371832310264,-0.3007159239960082,0.2539890933143748
