target_id,prot_ps,prot_acf,prot_cs,e_prot_ps,E_prot_ps,e_prot_acf,E_prot_acf,e_prot_cs,E_prot_cs,sph_ps,sph_acf,sph_cs,h_ps,fa_prob_ps,hacf,gacf,hcs
10776637,8.854354256762628,8.888667882420123,8.89344769077145,0.30353244656128986,0.32574368326279135,-1.0,-1.0,0.12030934234750838,0.12030934234750838,3587.224446344059,3588.393850310832,3589.540552067616,0.1375119105251531,0.0,0.9616809680532878,0.6281084121842074,0.9106937739294294
