target_id,prot_ps,prot_acf,prot_cs,e_prot_ps,E_prot_ps,e_prot_acf,E_prot_acf,e_prot_cs,E_prot_cs,sph_ps,sph_acf,sph_cs,h_ps,fa_prob_ps,hacf,gacf,hcs
10734827,60.87440807439876,20.781047981232405,61.16555291787003,1.3975032433822605,1.4640519711120703,-1.0,-1.0,1.9633851022494424,1.9633851022494424,888.8303895515133,886.0818334180871,888.4528844107442,0.05441426490279226,0.0,0.0008272779428204757,-0.3362556564279468,0.2576458823115611
