target_id,prot_ps,prot_acf,prot_cs,e_prot_ps,E_prot_ps,e_prot_acf,E_prot_acf,e_prot_cs,E_prot_cs,sph_ps,sph_acf,sph_cs,h_ps,fa_prob_ps,hacf,gacf,hcs
10793300,73.04944125682539,27.953276999294758,28.66923632412898,1.6899559233621915,1.7710823651652845,-1.0,-1.0,0.3887774573417979,0.3887774573417979,615.6455237984067,606.3599364332122,607.1747594483253,0.20164923173535598,0.0,0.00033790602137009906,-0.39089502635246764,0.1577489880034537
