target_id,prot_ps,prot_acf,prot_cs,e_prot_ps,E_prot_ps,e_prot_acf,E_prot_acf,e_prot_cs,E_prot_cs,sph_ps,sph_acf,sph_cs,h_ps,fa_prob_ps,hacf,gacf,hcs
10746148,91.31132283383049,30.916486391797662,46.649361165426676,2.640070799979796,2.8038253062197924,-1.0,-1.0,9.811363974115437,9.811363974115437,748.911770472536,720.6983793198099,747.23357501099,0.1459584686180864,0.0,0.0009960953095743685,-0.41612120456068447,0.0661507178651349
