target_id,prot_ps,prot_acf,prot_cs,e_prot_ps,E_prot_ps,e_prot_acf,E_prot_acf,e_prot_cs,E_prot_cs,sph_ps,sph_acf,sph_cs,h_ps,fa_prob_ps,hacf,gacf,hcs
10800476,21.8057686865754,11.401996124535799,31.39043094350025,3.7037522746626763,5.5805191098598,-1.0,-1.0,2.528597472397151,2.528597472397151,427.419407912231,422.1513111998084,427.6852373093682,0.04843727232642139,0.0,0.0001229399871554293,-0.2819567932140324,0.3094453886724222
