target_id,prot_ps,prot_acf,prot_cs,e_prot_ps,E_prot_ps,e_prot_acf,E_prot_acf,e_prot_cs,E_prot_cs,sph_ps,sph_acf,sph_cs,h_ps,fa_prob_ps,hacf,gacf,hcs
10874182,91.99813620840276,18.492706844117492,37.01434182719059,3.2653477661797154,3.5121741891831846,-1.0,-1.0,1.2358996269940312,1.2358996269940312,200.16893018842697,194.73696326084962,201.43086226117995,0.04859194922106033,0.0,0.14156861360123957,-0.08213133610260516,1.6974723250896342
