target_id,prot_ps,prot_acf,prot_cs,e_prot_ps,E_prot_ps,e_prot_acf,E_prot_acf,e_prot_cs,E_prot_cs,sph_ps,sph_acf,sph_cs,h_ps,fa_prob_ps,hacf,gacf,hcs
10849760,11.242050406750089,11.749302630778402,11.350848019821568,0.7365518025147111,0.8463435354633049,-1.0,-1.0,0.968261153588203,0.968261153588203,1403.0180842058671,1387.453310045431,1396.0337171002334,0.3034261949930607,0.0,0.48348910251054666,0.4603932611737591,0.9555352399591128
