target_id,prot_ps,prot_acf,prot_cs,e_prot_ps,E_prot_ps,e_prot_acf,E_prot_acf,e_prot_cs,E_prot_cs,sph_ps,sph_acf,sph_cs,h_ps,fa_prob_ps,hacf,gacf,hcs
10802049,29.219789247953134,27.299412239342928,28.99062080677539,6.086734642037495,10.508564942675822,-1.0,-1.0,2.2420826290176383,2.2420826290176383,831.3723815358719,841.7126156068717,831.9670629533296,0.04528113438823457,0.0,0.3037248732731723,0.24564088297970646,0.818118362131374
