target_id,prot_ps,prot_acf,prot_cs,e_prot_ps,E_prot_ps,e_prot_acf,E_prot_acf,e_prot_cs,E_prot_cs,sph_ps,sph_acf,sph_cs,h_ps,fa_prob_ps,hacf,gacf,hcs
10815079,53.90853772320226,22.92697262763977,27.820512204170225,8.130629683844546,11.592478740918231,-1.0,-1.0,5.536006891072655,5.536006891072655,1812.5411458875642,1786.586799651472,1843.163081406705,0.08240912782950062,0.0,0.0002961145018925415,-0.4238159501364559,0.22178969262619622
