target_id,prot_ps,prot_acf,prot_cs,e_prot_ps,E_prot_ps,e_prot_acf,E_prot_acf,e_prot_cs,E_prot_cs,sph_ps,sph_acf,sph_cs,h_ps,fa_prob_ps,hacf,gacf,hcs
10855545,95.37628928400012,0.26564129861071706,176.87923483364165,3.6112385944333596,3.910312555928826,-1.0,-1.0,17.446191898784434,17.446191898784434,629.1352375988272,485.3685510950923,636.7781383898357,0.02260166834642632,1.9068439202631219e-296,0.013819091751508472,0.9395818298863415,0.07388012258941612
