target_id,prot_ps,prot_acf,prot_cs,e_prot_ps,E_prot_ps,e_prot_acf,E_prot_acf,e_prot_cs,E_prot_cs,sph_ps,sph_acf,sph_cs,h_ps,fa_prob_ps,hacf,gacf,hcs
10809070,14.757380921486897,8.909175910055637,124.87112388288081,1.0508692356243579,1.2233567683202526,-1.0,-1.0,2.5018124415450096,2.5018124415450096,471.3021159363675,458.27294951755067,531.4338707188986,0.08933247676735566,0.0,0.0001475745208254775,-0.14414079633544818,0.26391139825887255
