target_id,prot_ps,prot_acf,prot_cs,e_prot_ps,E_prot_ps,e_prot_acf,E_prot_acf,e_prot_cs,E_prot_cs,sph_ps,sph_acf,sph_cs,h_ps,fa_prob_ps,hacf,gacf,hcs
10858656,76.89400486089492,14.793984094634652,36.14983574770857,2.838142256208613,3.0667957838331716,-1.0,-1.0,6.623151865793064,6.623151865793064,632.5232555254015,622.4719452518935,629.4375003368307,0.03750387694943507,0.0,0.02478839805478629,-0.16203265941594433,0.4245127845558269
