target_id,prot_ps,prot_acf,prot_cs,e_prot_ps,E_prot_ps,e_prot_acf,E_prot_acf,e_prot_cs,E_prot_cs,sph_ps,sph_acf,sph_cs,h_ps,fa_prob_ps,hacf,gacf,hcs
10844456,121.7488115249221,28.32107294909656,46.062117118730036,2.358850128109779,2.453942588567756,-1.0,-1.0,1.476760335054987,1.476760335054987,560.8411409707796,539.8204088640434,545.53436332034,0.08475978995286076,0.0,0.0003579989309381304,-0.3405639500345844,0.21921477230876882
