target_id,prot_ps,prot_acf,prot_cs,e_prot_ps,E_prot_ps,e_prot_acf,E_prot_acf,e_prot_cs,E_prot_cs,sph_ps,sph_acf,sph_cs,h_ps,fa_prob_ps,hacf,gacf,hcs
10816655,50.81044264659617,9.828700946643949,82.10998435524054,2.0015484322434105,2.170869937114489,-1.0,-1.0,8.941641958882032,8.941641958882032,933.8111860907493,828.9824756909619,904.0711755594181,0.027472507976969134,0.0,0.0011171888248740353,0.09591975370598475,0.9442975879219698
