target_id,prot_ps,prot_acf,prot_cs,e_prot_ps,E_prot_ps,e_prot_acf,E_prot_acf,e_prot_cs,E_prot_cs,sph_ps,sph_acf,sph_cs,h_ps,fa_prob_ps,hacf,gacf,hcs
10877598,16.792885321916447,16.85796284582466,16.964627774376417,1.7296318866349605,2.1727292453905385,-1.0,-1.0,1.052898199662026,1.052898199662026,2739.4615829395075,2785.0798238711673,2828.069610860386,0.06354360883407338,0.0,0.6236944461978084,0.4069631286219204,0.9827268718422701
