target_id,prot_ps,prot_acf,prot_cs,e_prot_ps,E_prot_ps,e_prot_acf,E_prot_acf,e_prot_cs,E_prot_cs,sph_ps,sph_acf,sph_cs,h_ps,fa_prob_ps,hacf,gacf,hcs
10811887,91.31138239684276,3.7598393894732,78.79683400488457,1.3912332188088072,1.4349944219295452,-1.0,-1.0,5.5262442966661665,5.5262442966661665,268.62447109975227,223.32152019989022,272.8508404609788,0.02958800279999326,0.0,0.00044029149157825964,0.5810202462250021,0.16340092609190981
