target_id,prot_ps,prot_acf,prot_cs,e_prot_ps,E_prot_ps,e_prot_acf,E_prot_acf,e_prot_cs,E_prot_cs,sph_ps,sph_acf,sph_cs,h_ps,fa_prob_ps,hacf,gacf,hcs
10859099,49.05849722047009,21.23056610254571,23.8973382523688,2.4444749923240963,2.718052625916691,-1.0,-1.0,0.5761379330214049,0.5761379330214049,680.0626488011698,677.4881376586274,675.7892330672978,0.05612483918382617,0.0,0.0010351903987157185,-0.3579051954602528,0.2217279476924661
