target_id,prot_ps,prot_acf,prot_cs,e_prot_ps,E_prot_ps,e_prot_acf,E_prot_acf,e_prot_cs,E_prot_cs,sph_ps,sph_acf,sph_cs,h_ps,fa_prob_ps,hacf,gacf,hcs
10841628,95.34390666616986,36.20860583148897,413.80404034703776,1.9154816971902022,1.9955529410366353,-1.0,-1.0,14.559150212869044,14.559150212869044,1147.992158230716,1133.163028017955,1201.918605083147,0.07014185153733672,0.0,0.005703034284320951,-0.16425151393849324,0.3479837182978467
