target_id,prot_ps,prot_acf,prot_cs,e_prot_ps,E_prot_ps,e_prot_acf,E_prot_acf,e_prot_cs,E_prot_cs,sph_ps,sph_acf,sph_cs,h_ps,fa_prob_ps,hacf,gacf,hcs
10813405,61.99469737502313,15.509392264299095,37.202311792233964,8.325592566932329,11.341294625677946,-1.0,-1.0,5.705228569287584,5.705228569287584,745.4497949140093,689.8772335635338,716.7757926489181,0.05339389294191302,0.0,0.00018811083500942793,-0.1616663646119642,0.4241677086153229
