target_id,prot_ps,prot_acf,prot_cs,e_prot_ps,E_prot_ps,e_prot_acf,E_prot_acf,e_prot_cs,E_prot_cs,sph_ps,sph_acf,sph_cs,h_ps,fa_prob_ps,hacf,gacf,hcs
10979116,91.31176348639063,9.195153345353901,77.18378427929079,15.456320209877248,23.487168143852458,-1.0,-1.0,2.9599621719762794,2.9599621719762794,633.9534431372628,623.0617738133909,633.973263587787,0.04061882445940651,0.0,0.037263305237443436,0.30541301571232804,0.7502585682606508
