target_id,prot_ps,prot_acf,prot_cs,e_prot_ps,E_prot_ps,e_prot_acf,E_prot_acf,e_prot_cs,E_prot_cs,sph_ps,sph_acf,sph_cs,h_ps,fa_prob_ps,hacf,gacf,hcs
10977830,8.254175861206784,8.255209228023887,8.220288086789976,0.7411284118188988,0.9013757414393453,-1.0,-1.0,0.2758707501470474,0.2758707501470474,1214.4336154032903,1214.7443931095047,1215.5693848336796,0.05650144662168141,0.0,0.7463220808914295,0.5302354567570159,0.9867713035349821
