target_id,prot_ps,prot_acf,prot_cs,e_prot_ps,E_prot_ps,e_prot_acf,E_prot_acf,e_prot_cs,E_prot_cs,sph_ps,sph_acf,sph_cs,h_ps,fa_prob_ps,hacf,gacf,hcs
10914071,60.87440096747378,18.145101360976696,33.64138572935947,1.6073950001244484,1.6960690689961453,-1.0,-1.0,4.056282644712066,4.056282644712066,434.8231849352379,428.9874191208088,433.53496681316557,0.030813199828394994,0.0,0.033747630400635775,-0.14282558859348418,0.8574572825573439
