target_id,prot_ps,prot_acf,prot_cs,e_prot_ps,E_prot_ps,e_prot_acf,E_prot_acf,e_prot_cs,E_prot_cs,sph_ps,sph_acf,sph_cs,h_ps,fa_prob_ps,hacf,gacf,hcs
10923810,69.57079886002441,20.08631628891453,28.25155678195735,1.790484745216574,1.8866224672164975,-1.0,-1.0,1.5919423412925988,1.5919423412925988,645.8936990822707,619.3029426695726,634.6159086334231,0.05210061718756179,0.0,0.0008422294565777894,-0.2374374340651965,0.316109488873116
