target_id,prot_ps,prot_acf,prot_cs,e_prot_ps,E_prot_ps,e_prot_acf,E_prot_acf,e_prot_cs,E_prot_cs,sph_ps,sph_acf,sph_cs,h_ps,fa_prob_ps,hacf,gacf,hcs
10964533,40.88797973517444,19.922799558844417,40.4788376390515,11.517982635096292,26.044535828585843,-1.0,-1.0,7.736207613127648,7.736207613127648,189.40140410489062,184.18939777299113,190.6635354207123,0.033062652452172984,0.0,0.0005056040419193497,-0.285764829872565,0.22225711778128562
