target_id,prot_ps,prot_acf,prot_cs,e_prot_ps,E_prot_ps,e_prot_acf,E_prot_acf,e_prot_cs,E_prot_cs,sph_ps,sph_acf,sph_cs,h_ps,fa_prob_ps,hacf,gacf,hcs
10959367,9.074446119792997,18.206405283417553,18.3300114683808,0.30528384578828316,0.32715251318446015,-1.0,-1.0,0.6064863179618185,0.6064863179618185,3083.855501231046,3139.1982542804417,3125.4295965816636,0.14415069692745683,0.0,0.7780656973766615,0.4557809342174197,0.34851263339915384
