target_id,prot_ps,prot_acf,prot_cs,e_prot_ps,E_prot_ps,e_prot_acf,E_prot_acf,e_prot_cs,E_prot_cs,sph_ps,sph_acf,sph_cs,h_ps,fa_prob_ps,hacf,gacf,hcs
10991711,53.90832057540194,26.13500925153494,24.55955247804522,10.858232383262454,18.061300957368516,-1.0,-1.0,8.790312740339187,8.790312740339187,1237.4807787724485,1139.539432510382,1124.392125901648,0.07009898491302242,0.0,0.0015183042319313889,-0.4393586892333612,0.09237905772848969
