target_id,prot_ps,prot_acf,prot_cs,e_prot_ps,E_prot_ps,e_prot_acf,E_prot_acf,e_prot_cs,E_prot_cs,sph_ps,sph_acf,sph_cs,h_ps,fa_prob_ps,hacf,gacf,hcs
10978686,13.044522639100961,6.579646659083664,41.9974641519588,1.4134234420055787,1.8094707150197653,-1.0,-1.0,1.0933741002565571,1.0933741002565571,468.105325545543,450.1778947222519,474.7770410734982,0.02215043101035586,0.0,3.9974280221379e-05,-0.07406023191359692,0.7668230596525069
