target_id,prot_ps,prot_acf,prot_cs,e_prot_ps,E_prot_ps,e_prot_acf,E_prot_acf,e_prot_cs,E_prot_cs,sph_ps,sph_acf,sph_cs,h_ps,fa_prob_ps,hacf,gacf,hcs
10908913,52.570250201324775,3.3102492447942495,53.07719604898106,1.5783472682774473,1.6785660944159062,-1.0,-1.0,2.1371190752710234,2.1371190752710234,277.3684793352727,218.6163961874388,276.08930735638546,0.05764960411992696,0.0,0.10696804989793739,0.4004212317499881,0.3467395825358689
