target_id,prot_ps,prot_acf,prot_cs,e_prot_ps,E_prot_ps,e_prot_acf,E_prot_acf,e_prot_cs,E_prot_cs,sph_ps,sph_acf,sph_cs,h_ps,fa_prob_ps,hacf,gacf,hcs
10989344,73.04904449764383,3.514629429206252,73.27519341212492,19.645384682430745,43.010962863158355,-1.0,-1.0,2.711569139501983,2.711569139501983,506.4622683067005,330.93175729614194,505.918961374515,0.13623258236177666,0.0,0.5949478591817858,0.7104335259379009,0.3367876294410274
