target_id,prot_ps,prot_acf,prot_cs,e_prot_ps,E_prot_ps,e_prot_acf,E_prot_acf,e_prot_cs,E_prot_cs,sph_ps,sph_acf,sph_cs,h_ps,fa_prob_ps,hacf,gacf,hcs
10990463,72.93491313352787,32.98037990089506,46.37421485358383,19.676695812171616,42.24034609643337,-1.0,-1.0,6.722373112526378,6.722373112526378,1580.7449729076816,1364.5343446864158,1457.1454113419063,0.11399603872455474,0.0,0.0011057375457199925,-0.482938816899107,0.09503518594774168
