target_id,prot_ps,prot_acf,prot_cs,e_prot_ps,E_prot_ps,e_prot_acf,E_prot_acf,e_prot_cs,E_prot_cs,sph_ps,sph_acf,sph_cs,h_ps,fa_prob_ps,hacf,gacf,hcs
10964309,72.93534408025583,19.085130332037807,64.59254061958754,23.814205088097367,69.94972970612056,-1.0,-1.0,2.83078927165661,2.83078927165661,1872.9359603736964,1770.1609142636466,1875.057526312131,0.06351576668899275,0.0,0.23932997691645316,0.08693181319735357,0.3965824918995493
