target_id,prot_ps,prot_acf,prot_cs,e_prot_ps,E_prot_ps,e_prot_acf,E_prot_acf,e_prot_cs,E_prot_cs,sph_ps,sph_acf,sph_cs,h_ps,fa_prob_ps,hacf,gacf,hcs
10969563,88.81140173634854,10.54374940507114,69.56851678682027,8.226607257510523,10.074751291713753,-1.0,-1.0,4.784057860299518,4.784057860299518,1130.7365901038288,1071.5341745232304,1130.7365901038288,0.3152696007486469,0.0,0.0008857141991578284,0.04701492688267445,3.0229532289566574
