target_id,prot_ps,prot_acf,prot_cs,e_prot_ps,E_prot_ps,e_prot_acf,E_prot_acf,e_prot_cs,E_prot_cs,sph_ps,sph_acf,sph_cs,h_ps,fa_prob_ps,hacf,gacf,hcs
10921177,63.5211073891159,19.616323560476303,41.328528691367254,11.056581612638901,16.871052132243364,-1.0,-1.0,6.736203908463329,6.736203908463329,686.3381489434621,687.6465535793402,694.9872868433391,0.049040725545119304,0.0,0.014722766720583966,-0.195498550164469,0.3475698664304753
