target_id,prot_ps,prot_acf,prot_cs,e_prot_ps,E_prot_ps,e_prot_acf,E_prot_acf,e_prot_cs,E_prot_cs,sph_ps,sph_acf,sph_cs,h_ps,fa_prob_ps,hacf,gacf,hcs
10935822,15.896087859983309,15.938489902764559,15.987371903404682,2.2677786838882508,3.1605443889105906,-1.0,-1.0,0.37282532776899746,0.37282532776899746,1626.9684681571075,1625.8191109625834,1623.7558857213658,0.07438413021374247,0.0,0.27299207421565336,0.2696681821179291,0.9952000862086927
