target_id,prot_ps,prot_acf,prot_cs,e_prot_ps,E_prot_ps,e_prot_acf,E_prot_acf,e_prot_cs,E_prot_cs,sph_ps,sph_acf,sph_cs,h_ps,fa_prob_ps,hacf,gacf,hcs
10972370,73.59858625123572,9.011262805201113,12.886105811437593,2.1754788667988123,2.310716397764679,-1.0,-1.0,0.38520145718848026,0.38520145718848026,243.84961699003838,231.40091528199758,237.81003793021918,0.04005284321171708,0.0,0.023853303129115183,0.1524579157063141,0.9092023838975164
