target_id,prot_ps,prot_acf,prot_cs,e_prot_ps,E_prot_ps,e_prot_acf,E_prot_acf,e_prot_cs,E_prot_cs,sph_ps,sph_acf,sph_cs,h_ps,fa_prob_ps,hacf,gacf,hcs
11042241,60.874297837704766,18.778743780218065,28.654169865761265,9.66445126935983,14.095237895782475,-1.0,-1.0,0.3621960023173127,0.3621960023173127,281.0382364872979,272.8386998586852,280.64975806010546,0.05593050275336796,0.0,0.00014092494658136945,-0.20945863695022157,0.3453639997892974
