target_id,prot_ps,prot_acf,prot_cs,e_prot_ps,E_prot_ps,e_prot_acf,E_prot_acf,e_prot_cs,E_prot_cs,sph_ps,sph_acf,sph_cs,h_ps,fa_prob_ps,hacf,gacf,hcs
11081971,29.219764331099018,28.545842718798667,29.090225428908173,5.445043478215812,8.645653010695447,-1.0,-1.0,0.6034469451523494,0.6034469451523494,1626.3271973087772,1649.103724199546,1628.99583740127,0.12251257422564549,0.0,0.8058118636262308,0.44580150712891886,0.9833192527366885
