target_id,prot_ps,prot_acf,prot_cs,e_prot_ps,E_prot_ps,e_prot_acf,E_prot_acf,e_prot_cs,E_prot_cs,sph_ps,sph_acf,sph_cs,h_ps,fa_prob_ps,hacf,gacf,hcs
11075448,73.04872673707682,2.6359560932032764,72.32021397573409,19.127014032685246,40.602045518107886,-1.0,-1.0,16.622091541966338,16.622091541966338,385.1032087642313,199.98233477124634,385.52225919459715,0.055814002186202506,0.0,0.5050794563077523,0.7883589086096201,0.1232645591072119
