target_id,prot_ps,prot_acf,prot_cs,e_prot_ps,E_prot_ps,e_prot_acf,E_prot_acf,e_prot_cs,E_prot_cs,sph_ps,sph_acf,sph_cs,h_ps,fa_prob_ps,hacf,gacf,hcs
11075115,69.37488972358295,8.214246760122478,70.29229281001723,9.691544231420629,13.501550509547258,-1.0,-1.0,5.723699369659274,5.723699369659274,1529.5436557542712,1361.3699895748196,1529.5436557542712,0.12982971593919815,0.0,0.005044795845181305,0.09467408836891167,1.391816285548196
