target_id,prot_ps,prot_acf,prot_cs,e_prot_ps,E_prot_ps,e_prot_acf,E_prot_acf,e_prot_cs,E_prot_cs,sph_ps,sph_acf,sph_cs,h_ps,fa_prob_ps,hacf,gacf,hcs
11074374,47.12841220385747,21.230515785049647,31.39030861804727,12.362778606572405,25.723412013332563,-1.0,-1.0,3.807595855688814,3.807595855688814,332.6811369768761,318.49509082452863,328.6852962311943,0.03667839381314284,0.0,0.009299791547692088,-0.37677362173992923,0.16531027967674825
