target_id,prot_ps,prot_acf,prot_cs,e_prot_ps,E_prot_ps,e_prot_acf,E_prot_acf,e_prot_cs,E_prot_cs,sph_ps,sph_acf,sph_cs,h_ps,fa_prob_ps,hacf,gacf,hcs
11081305,73.59876659830519,12.914109401404858,52.87280837205376,0.8642249998781892,0.8850607991765713,-1.0,-1.0,1.3279606912025375,1.3279606912025375,183.001725663444,177.97386940609945,179.61231292241214,0.02708867073814047,0.0,0.1750568275016166,0.10801405000299844,0.5543784883392097
