target_id,prot_ps,prot_acf,prot_cs,e_prot_ps,E_prot_ps,e_prot_acf,E_prot_acf,e_prot_cs,E_prot_cs,sph_ps,sph_acf,sph_cs,h_ps,fa_prob_ps,hacf,gacf,hcs
11076084,73.04906607629086,18.10418079327792,26.29805945931003,0.8503354515699897,0.8705692853943532,-1.0,-1.0,1.4476412853503342,1.4476412853503342,594.4346378711296,579.7463156416036,584.8334412427386,0.0382686805402966,0.0,0.03680930183568645,-0.0708992430420493,0.34212507892235633
