target_id,prot_ps,prot_acf,prot_cs,e_prot_ps,E_prot_ps,e_prot_acf,E_prot_acf,e_prot_cs,E_prot_cs,sph_ps,sph_acf,sph_cs,h_ps,fa_prob_ps,hacf,gacf,hcs
11026877,26.56337548292099,28.34150468604639,26.82941287150606,2.5820157873792766,3.1973849846263143,-1.0,-1.0,3.59559818880485,3.59559818880485,1006.0064972726847,998.5718750691016,1008.7727426657395,0.05018739999922441,0.0,0.6341179475729868,0.3658795825290512,0.8302625645875613
