target_id,prot_ps,prot_acf,prot_cs,e_prot_ps,E_prot_ps,e_prot_acf,E_prot_acf,e_prot_cs,E_prot_cs,sph_ps,sph_acf,sph_cs,h_ps,fa_prob_ps,hacf,gacf,hcs
11046870,10.361576389341026,10.114768717903644,10.359696288718283,0.4296315220269733,0.4684705075443336,-1.0,-1.0,0.05071203100499525,0.05071203100499525,1693.9902102767785,1675.2780639633354,1692.3973844572715,0.12602976708946326,0.0,0.5241530580762568,0.48343068758918245,0.9725040136425402
