target_id,prot_ps,prot_acf,prot_cs,e_prot_ps,E_prot_ps,e_prot_acf,E_prot_acf,e_prot_cs,E_prot_cs,sph_ps,sph_acf,sph_cs,h_ps,fa_prob_ps,hacf,gacf,hcs
11046052,60.87421023787515,17.082736073061824,129.34778027110735,10.838510489376333,16.92608192232776,-1.0,-1.0,11.158941004189247,11.158941004189247,961.5397875277444,897.1117403028869,969.3331123284936,0.03891154494964868,0.0,0.11127731796392613,0.0493224211432409,1.2181819880387017
