target_id,prot_ps,prot_acf,prot_cs,e_prot_ps,E_prot_ps,e_prot_acf,E_prot_acf,e_prot_cs,E_prot_cs,sph_ps,sph_acf,sph_cs,h_ps,fa_prob_ps,hacf,gacf,hcs
11026507,104.35630515120579,12.34193971939385,35.125896053696046,1.7913193129375458,1.854984946847793,-1.0,-1.0,3.752784105091713,3.752784105091713,874.7731723430734,847.1926249858006,873.2547792093271,0.025572875064837394,0.0,0.0010662354146098452,-0.1568718982386771,0.7359530834873386
