target_id,prot_ps,prot_acf,prot_cs,e_prot_ps,E_prot_ps,e_prot_acf,E_prot_acf,e_prot_cs,E_prot_cs,sph_ps,sph_acf,sph_cs,h_ps,fa_prob_ps,hacf,gacf,hcs
11092173,73.59864416774614,19.064659644383937,22.414072204294627,0.7276072167610437,0.7422965829898374,-1.0,-1.0,0.44547688445147754,0.44547688445147754,334.889857462188,323.9469301584096,331.07182345769587,0.07189271166508268,0.0,0.11133554841443574,-0.07974898191671671,0.9464768101440137
