target_id,prot_ps,prot_acf,prot_cs,e_prot_ps,E_prot_ps,e_prot_acf,E_prot_acf,e_prot_cs,E_prot_cs,sph_ps,sph_acf,sph_cs,h_ps,fa_prob_ps,hacf,gacf,hcs
11098350,44.60449381290379,14.835044830106199,19.42042232304812,0.6526339492458177,0.6725105218449059,-1.0,-1.0,2.083197057524484,2.083197057524484,623.2760371655601,543.7949139765303,551.1207512028444,0.06217919578181158,0.0,1.352110715310828e-05,-0.3146019905922383,0.41987784487577745
