target_id,prot_ps,prot_acf,prot_cs,e_prot_ps,E_prot_ps,e_prot_acf,E_prot_acf,e_prot_cs,E_prot_cs,sph_ps,sph_acf,sph_cs,h_ps,fa_prob_ps,hacf,gacf,hcs
11036694,26.08909155104736,25.869046739302576,26.134009703263988,1.6995889149553598,1.9570762443899703,-1.0,-1.0,0.5053097553128973,0.5053097553128973,1955.6055833412852,1958.9750626943905,1955.9798490123173,0.33566489200848887,0.0,1.3578373482220796,0.727213261703528,0.9918331704306221
