target_id,prot_ps,prot_acf,prot_cs,e_prot_ps,E_prot_ps,e_prot_acf,E_prot_acf,e_prot_cs,E_prot_cs,sph_ps,sph_acf,sph_cs,h_ps,fa_prob_ps,hacf,gacf,hcs
11091668,36.524670810362174,36.57630498055369,36.555621949087985,3.9401624978811896,5.010353769044926,-1.0,-1.0,0.6873234110344792,0.6873234110344792,6167.778609316325,6169.597443732113,6168.985693776171,0.5698879628411149,0.0,1.5300579342022556,0.8128811200199616,0.9901256731641811
