target_id,prot_ps,prot_acf,prot_cs,e_prot_ps,E_prot_ps,e_prot_acf,E_prot_acf,e_prot_cs,E_prot_cs,sph_ps,sph_acf,sph_cs,h_ps,fa_prob_ps,hacf,gacf,hcs
11085247,92.83201003533316,27.99401804804802,46.057704496421096,1.8406945880875298,1.9167174695583498,-1.0,-1.0,8.03042609078227,8.03042609078227,351.1992224367595,265.7043093056075,311.6142282777481,0.08293540888443246,0.0,8.073424597174195e-05,-0.260874058497257,0.35944547365183394
