target_id,prot_ps,prot_acf,prot_cs,e_prot_ps,E_prot_ps,e_prot_acf,E_prot_acf,e_prot_cs,E_prot_cs,sph_ps,sph_acf,sph_cs,h_ps,fa_prob_ps,hacf,gacf,hcs
11177822,73.0490053455563,10.8911063503474,54.31796535549488,0.801676624416686,0.8195400522669303,-1.0,-1.0,1.6496030042321326,1.6496030042321326,395.08227243136673,349.7381659109239,403.72124924497575,0.08013975585952787,0.0,8.089158370222505e-05,0.17809975472456552,0.43430489474358824
