target_id,prot_ps,prot_acf,prot_cs,e_prot_ps,E_prot_ps,e_prot_acf,E_prot_acf,e_prot_cs,E_prot_cs,sph_ps,sph_acf,sph_cs,h_ps,fa_prob_ps,hacf,gacf,hcs
11177543,45.65591849825944,16.06090847030282,24.319376450918917,1.9048343628813171,2.0763595418149308,-1.0,-1.0,0.3661271310568752,0.3661271310568752,581.8056732158898,521.0431158115015,543.1873934068531,0.043928886165705235,0.0,5.559297735835411e-05,-0.3269983713988858,0.6020761333769912
