target_id,prot_ps,prot_acf,prot_cs,e_prot_ps,E_prot_ps,e_prot_acf,E_prot_acf,e_prot_cs,E_prot_cs,sph_ps,sph_acf,sph_cs,h_ps,fa_prob_ps,hacf,gacf,hcs
11124841,59.97701414285729,1.287288083229214,65.83415379266258,11.520352448371732,18.590728764976596,-1.0,-1.0,8.458354691771811,8.458354691771811,792.72938880741,684.615174000793,792.72938880741,0.10383603467974449,9.772617318214256e-206,0.0024148850469416505,0.8045649162113717,0.3327186210503728
