target_id,prot_ps,prot_acf,prot_cs,e_prot_ps,E_prot_ps,e_prot_acf,E_prot_acf,e_prot_cs,E_prot_cs,sph_ps,sph_acf,sph_cs,h_ps,fa_prob_ps,hacf,gacf,hcs
11138509,45.655833160155424,21.96621367475018,22.701826411765065,2.668323844228915,3.017509232622537,-1.0,-1.0,3.3849571618156618,3.3849571618156618,673.8956509461649,649.1543785770905,648.7273917760192,0.08700851482897476,0.0,0.0002000629961807221,-0.36548834305850575,0.16636062758786255
