target_id,prot_ps,prot_acf,prot_cs,e_prot_ps,E_prot_ps,e_prot_acf,E_prot_acf,e_prot_cs,E_prot_cs,sph_ps,sph_acf,sph_cs,h_ps,fa_prob_ps,hacf,gacf,hcs
11175535,35.633395573212226,16.694357393775135,21.69060871121939,0.35289027733247025,0.36002023922262794,-1.0,-1.0,4.9699860177956,4.9699860177956,504.31796089889,495.48514765883516,501.7019194511804,0.036730626520700166,0.0,9.370829275769099e-05,-0.1777817875184059,0.5939885034527862
