target_id,prot_ps,prot_acf,prot_cs,e_prot_ps,E_prot_ps,e_prot_acf,E_prot_acf,e_prot_cs,E_prot_cs,sph_ps,sph_acf,sph_cs,h_ps,fa_prob_ps,hacf,gacf,hcs
11193876,47.12866198704579,3.2489604013971984,91.51655465035162,9.220047809940674,15.049666072509524,-1.0,-1.0,3.6886064213728007,3.6886064213728007,817.548073336208,728.3177667479055,821.9985882463312,0.02945243258881929,0.0,0.5277379204022035,0.786644003018791,0.13291542790935013
