target_id,prot_ps,prot_acf,prot_cs,e_prot_ps,E_prot_ps,e_prot_acf,E_prot_acf,e_prot_cs,E_prot_cs,sph_ps,sph_acf,sph_cs,h_ps,fa_prob_ps,hacf,gacf,hcs
11129145,23.364613922705896,23.498741281218827,23.398773138810856,2.7287010172271593,3.5494825571601787,-1.0,-1.0,1.246367742155782,1.246367742155782,881.9998702559723,882.1289898324145,881.9358649122224,0.09853842502483894,0.0,0.9096278601828443,0.47314122679769316,0.9830164035373709
