target_id,prot_ps,prot_acf,prot_cs,e_prot_ps,E_prot_ps,e_prot_acf,E_prot_acf,e_prot_cs,E_prot_cs,sph_ps,sph_acf,sph_cs,h_ps,fa_prob_ps,hacf,gacf,hcs
11136848,5.843955302492889,5.680563600733876,5.840253189491996,-1.0,-1.0,-1.0,-1.0,0.01691900016773806,0.01691900016773806,1657.167528941508,1644.5394361648453,1657.167528941508,0.3136964685217413,0.0,1.5094391748331235,0.8190867273541802,0.9817939943132308
