target_id,prot_ps,prot_acf,prot_cs,e_prot_ps,E_prot_ps,e_prot_acf,E_prot_acf,e_prot_cs,E_prot_cs,sph_ps,sph_acf,sph_cs,h_ps,fa_prob_ps,hacf,gacf,hcs
11199168,11.687919420550518,11.708508600946516,11.739626951881624,0.9231586446494191,1.0942933457561939,-1.0,-1.0,0.13492681441390947,0.13492681441390947,3100.9757782077886,3094.961040118085,3094.9754963707223,0.1426472854248779,0.0,0.9202271417843348,0.49496053321724626,0.9995167704816539
