target_id,prot_ps,prot_acf,prot_cs,e_prot_ps,E_prot_ps,e_prot_acf,E_prot_acf,e_prot_cs,E_prot_cs,sph_ps,sph_acf,sph_cs,h_ps,fa_prob_ps,hacf,gacf,hcs
11122491,45.65582923516784,11.565465866588056,45.448290525278985,0.7046736480994511,0.7273507233025924,-1.0,-1.0,1.4400108220960184,1.4400108220960184,955.3607937435421,924.4082098535822,950.6150671370696,0.05404724037852814,0.0,2.985814030918854e-05,-0.22491005048722518,0.9098076167995133
