target_id,prot_ps,prot_acf,prot_cs,e_prot_ps,E_prot_ps,e_prot_acf,E_prot_acf,e_prot_cs,E_prot_cs,sph_ps,sph_acf,sph_cs,h_ps,fa_prob_ps,hacf,gacf,hcs
11246353,11.068078753517014,10.99332167673856,11.018567860481749,0.26224312475470235,0.2754252996854838,-1.0,-1.0,0.1039602930417059,0.1039602930417059,6689.120543686327,6693.033632021568,6691.83333548368,0.21139935282201402,0.0,1.1115068807271244,0.6506635171343207,0.9934083871325075
