target_id,prot_ps,prot_acf,prot_cs,e_prot_ps,E_prot_ps,e_prot_acf,E_prot_acf,e_prot_cs,E_prot_cs,sph_ps,sph_acf,sph_cs,h_ps,fa_prob_ps,hacf,gacf,hcs
11251391,73.0492825203982,16.694310979451984,45.87080211843002,11.456684148853363,16.616733070601597,-1.0,-1.0,1.2790387435166206,1.2790387435166206,621.5787001486078,612.6153571430947,617.7643115890256,0.05596495645079436,0.0,0.15950713766012814,-0.01646079163660704,5.550892672011476
