target_id,prot_ps,prot_acf,prot_cs,e_prot_ps,E_prot_ps,e_prot_acf,E_prot_acf,e_prot_cs,E_prot_cs,sph_ps,sph_acf,sph_cs,h_ps,fa_prob_ps,hacf,gacf,hcs
11299239,95.37676595553695,33.89952713577077,37.45607304370927,1.6538838319247589,1.713188496325614,-1.0,-1.0,4.277516749815641,4.277516749815641,645.450632324669,629.0381312542179,641.3598129748045,0.09740721706121236,0.0,0.001975760102075036,-0.426407059099483,0.17569443628944645
