target_id,prot_ps,prot_acf,prot_cs,e_prot_ps,E_prot_ps,e_prot_acf,E_prot_acf,e_prot_cs,E_prot_cs,sph_ps,sph_acf,sph_cs,h_ps,fa_prob_ps,hacf,gacf,hcs
11250662,72.93522245679928,28.995456234086305,45.97412998499559,7.5637281471447295,9.518138811646892,-1.0,-1.0,1.220049690094034,1.220049690094034,745.5463529651888,721.1538720088741,739.7320581443169,0.12058717539775819,0.0,0.02983752341889223,-0.3912993618785873,0.20985209220788745
