target_id,prot_ps,prot_acf,prot_cs,e_prot_ps,E_prot_ps,e_prot_acf,E_prot_acf,e_prot_cs,E_prot_cs,sph_ps,sph_acf,sph_cs,h_ps,fa_prob_ps,hacf,gacf,hcs
11233025,52.69236276874616,16.93949729995802,36.65410975616236,2.5865188218592365,2.8649729679720863,-1.0,-1.0,1.307223389276706,1.307223389276706,819.7629358450379,748.8970833662216,782.3118509544717,0.05717753626057236,0.0,0.000406725297932245,-0.154887217640694,0.45045310973617336
