target_id,prot_ps,prot_acf,prot_cs,e_prot_ps,E_prot_ps,e_prot_acf,E_prot_acf,e_prot_cs,E_prot_cs,sph_ps,sph_acf,sph_cs,h_ps,fa_prob_ps,hacf,gacf,hcs
11243300,121.74879184397047,18.349436415359378,46.105308865737165,2.392437172961337,2.490240924998531,-1.0,-1.0,1.5354987510905924,1.5354987510905924,572.2521217800168,562.4794020261571,572.0849806462871,0.03206575174872842,0.0,0.008559448334464079,-0.12423224702135655,0.6966012274187823
