target_id,prot_ps,prot_acf,prot_cs,e_prot_ps,E_prot_ps,e_prot_acf,E_prot_acf,e_prot_cs,E_prot_cs,sph_ps,sph_acf,sph_cs,h_ps,fa_prob_ps,hacf,gacf,hcs
11288755,52.69158832876522,29.01577622629702,74.73813751531283,10.458759056923284,17.23054117344465,-1.0,-1.0,3.0595445277001483,3.0595445277001483,1146.5835292298239,1046.9955540906808,1146.595521360135,0.13537527729284926,0.0,0.0002208313519672933,-0.4408261811471007,0.11531107488130536
