target_id,prot_ps,prot_acf,prot_cs,e_prot_ps,E_prot_ps,e_prot_acf,E_prot_acf,e_prot_cs,E_prot_cs,sph_ps,sph_acf,sph_cs,h_ps,fa_prob_ps,hacf,gacf,hcs
11245012,72.93398783679314,10.114689194597304,74.2241722000779,1.6403111966013597,1.7167600687301814,-1.0,-1.0,3.3202461975802047,3.3202461975802047,538.4096764699813,526.3775836303943,538.755257492905,0.023724916434356744,1.3975390258997e-311,0.02554506565086071,0.13438776306926992,0.4632086112374119
