target_id,prot_ps,prot_acf,prot_cs,e_prot_ps,E_prot_ps,e_prot_acf,E_prot_acf,e_prot_cs,E_prot_cs,sph_ps,sph_acf,sph_cs,h_ps,fa_prob_ps,hacf,gacf,hcs
11245851,15.880284849077915,8.275640839710832,22.371611399874087,3.1108254240612663,5.081941523726783,-1.0,-1.0,0.7259847711952128,0.7259847711952128,510.8031401753234,499.1466406662109,509.9153257741215,0.02111680040961803,0.0,0.0001054528084313347,-0.07989686489062194,0.5131282677417757
