target_id,prot_ps,prot_acf,prot_cs,e_prot_ps,E_prot_ps,e_prot_acf,E_prot_acf,e_prot_cs,E_prot_cs,sph_ps,sph_acf,sph_cs,h_ps,fa_prob_ps,hacf,gacf,hcs
11251907,73.59865195036885,26.82947645848617,120.31610312696738,2.0941397029719155,2.2208669503100396,-1.0,-1.0,5.141447429142946,5.141447429142946,208.18624263667596,206.94506484734305,209.45720621887176,0.14171054834657196,0.0,0.0013464575063064088,-0.40426071796445173,0.14380950422077726
