target_id,prot_ps,prot_acf,prot_cs,e_prot_ps,E_prot_ps,e_prot_acf,E_prot_acf,e_prot_cs,E_prot_cs,sph_ps,sph_acf,sph_cs,h_ps,fa_prob_ps,hacf,gacf,hcs
11285200,94.84599159459405,7.356081604957581,96.153466335812,2.823549161744694,3.004207348067581,-1.0,-1.0,4.4170002309399905,4.4170002309399905,263.08493981870305,223.65721463508808,263.0003943576595,0.04707990061198257,0.0,0.18048787715448444,0.3860664495838528,0.21702156396997838
