target_id,prot_ps,prot_acf,prot_cs,e_prot_ps,E_prot_ps,e_prot_acf,E_prot_acf,e_prot_cs,E_prot_cs,sph_ps,sph_acf,sph_cs,h_ps,fa_prob_ps,hacf,gacf,hcs
11246163,0.13962019647744056,0.10216837283223867,87.50516796335576,-1.0,-1.0,-1.0,-1.0,8.410083471521682,8.410083471521682,126855.23234866263,126432.08793907531,129078.22006508126,0.4653752311708939,0.0,0.8050584237549203,1.146434755824708,0.0003279422653571888
