target_id,prot_ps,prot_acf,prot_cs,e_prot_ps,E_prot_ps,e_prot_acf,E_prot_acf,e_prot_cs,E_prot_cs,sph_ps,sph_acf,sph_cs,h_ps,fa_prob_ps,hacf,gacf,hcs
11234268,89.96552926131717,4.924388756975532,95.29191010044735,8.178804014213725,9.996331534780268,-1.0,-1.0,9.215096935354994,9.215096935354994,733.6210738516122,613.5109816720739,733.6210738516122,0.22093181941405388,0.0,0.39317003586111626,0.7473475298878729,0.32865628634005334
