target_id,prot_ps,prot_acf,prot_cs,e_prot_ps,E_prot_ps,e_prot_acf,E_prot_acf,e_prot_cs,E_prot_cs,sph_ps,sph_acf,sph_cs,h_ps,fa_prob_ps,hacf,gacf,hcs
11289187,91.31131278072542,19.330193146131933,37.45734832297632,0.9361896101757168,0.9557884914964205,-1.0,-1.0,0.6283725483377584,0.6283725483377584,508.3192037067876,472.98024868739924,485.7195388075199,0.05415944269847286,0.0,0.05428914780612955,-0.09301348139615678,0.8912099467505673
