target_id,prot_ps,prot_acf,prot_cs,e_prot_ps,E_prot_ps,e_prot_acf,E_prot_acf,e_prot_cs,E_prot_cs,sph_ps,sph_acf,sph_cs,h_ps,fa_prob_ps,hacf,gacf,hcs
11229047,85.94046101891405,24.602136328816414,40.986673402159894,3.5842552546547637,3.9068790599640266,-1.0,-1.0,13.70065383581265,13.70065383581265,699.8177952892421,670.3323527623966,682.4395107069867,0.06917738392045926,0.0,0.00015311552268498785,-0.34615534815460397,0.21811747082744182
