target_id,prot_ps,prot_acf,prot_cs,e_prot_ps,E_prot_ps,e_prot_acf,E_prot_acf,e_prot_cs,E_prot_cs,sph_ps,sph_acf,sph_cs,h_ps,fa_prob_ps,hacf,gacf,hcs
11242594,73.04939651499114,28.11677849292755,28.37730823550373,21.866042606082814,55.30823215720642,-1.0,-1.0,2.04949323225616,2.04949323225616,274.23968979967606,268.8231091731967,269.44484201290305,0.08488187852949605,0.0,0.0006535702970698887,-0.42232437867351896,0.14505024912237605
