target_id,prot_ps,prot_acf,prot_cs,e_prot_ps,E_prot_ps,e_prot_acf,E_prot_acf,e_prot_cs,E_prot_cs,sph_ps,sph_acf,sph_cs,h_ps,fa_prob_ps,hacf,gacf,hcs
11285203,59.977107158131595,4.229666532017291,66.51083075720332,4.567432208801101,5.378667908837535,-1.0,-1.0,8.30392314778409,8.30392314778409,912.280296004157,802.3027861083488,912.280296004157,0.10729641883565531,4.0010274214821996e-213,0.03198271911275308,0.6032971984646589,0.3056462033841496
