target_id,prot_ps,prot_acf,prot_cs,e_prot_ps,E_prot_ps,e_prot_acf,E_prot_acf,e_prot_cs,E_prot_cs,sph_ps,sph_acf,sph_cs,h_ps,fa_prob_ps,hacf,gacf,hcs
11287047,50.378617396472194,12.607526640407741,13.897610459885948,0.8882524755954648,0.9210565545929228,-1.0,-1.0,0.11607288328926922,0.11607288328926922,927.1778833780995,856.1364049777718,850.9768969243408,0.051350027871671915,0.0,0.06778947782400173,-0.12568193897558264,0.8677376050552623
