target_id,prot_ps,prot_acf,prot_cs,e_prot_ps,E_prot_ps,e_prot_acf,E_prot_acf,e_prot_cs,E_prot_cs,sph_ps,sph_acf,sph_cs,h_ps,fa_prob_ps,hacf,gacf,hcs
11358597,73.04947846495325,19.28940637409687,39.184223044705924,1.3556841706751612,1.4084855377530374,-1.0,-1.0,1.490011556122215,1.490011556122215,540.1033198348741,524.7661356555591,531.0770032779515,0.07758136067107636,0.0,0.0041652056710126395,-0.18929445871995784,0.6211921283669194
