target_id,prot_ps,prot_acf,prot_cs,e_prot_ps,E_prot_ps,e_prot_acf,E_prot_acf,e_prot_cs,E_prot_cs,sph_ps,sph_acf,sph_cs,h_ps,fa_prob_ps,hacf,gacf,hcs
11357555,91.31186301378409,54.660136764869094,90.38477613262833,3.019812097728945,3.235989978130746,-1.0,-1.0,11.294475814798286,11.294475814798286,486.18422329066533,474.09676377388666,487.7080219874285,0.06935948371312238,0.0,0.2608832981691249,0.043611326591565955,2.4309280988593094
