target_id,prot_ps,prot_acf,prot_cs,e_prot_ps,E_prot_ps,e_prot_acf,E_prot_acf,e_prot_cs,E_prot_cs,sph_ps,sph_acf,sph_cs,h_ps,fa_prob_ps,hacf,gacf,hcs
11304196,18.262345011298144,10.932029595132917,45.855378534370764,0.6475363501983686,0.6969805949177612,-1.0,-1.0,1.3137639750786325,1.3137639750786325,806.9280305070137,789.438151782097,828.4557331915454,0.0897065128741338,0.0,0.00012622032277602446,-0.14317448942272884,0.4786435991504388
