target_id,prot_ps,prot_acf,prot_cs,e_prot_ps,E_prot_ps,e_prot_acf,E_prot_acf,e_prot_cs,E_prot_cs,sph_ps,sph_acf,sph_cs,h_ps,fa_prob_ps,hacf,gacf,hcs
11348043,28.09591997240914,27.72848754003644,27.917691251612318,1.830737831135469,2.1061394057705556,-1.0,-1.0,0.9633897291104231,0.9633897291104231,3201.033823458858,3051.4757682165055,3048.569970806556,0.23983277441346254,0.0,1.3461629279211236,0.6816398878745797,0.9953469781352168
