target_id,prot_ps,prot_acf,prot_cs,e_prot_ps,E_prot_ps,e_prot_acf,E_prot_acf,e_prot_cs,E_prot_cs,sph_ps,sph_acf,sph_cs,h_ps,fa_prob_ps,hacf,gacf,hcs
11302549,12.48708073525495,12.362395932432264,12.42826925963449,0.8811006129490657,1.0268036029932741,-1.0,-1.0,0.1589095300896989,0.1589095300896989,2288.1321156115764,2301.5865565124054,2304.364435260518,0.10190758093811428,0.0,0.7552171419244529,0.5455493145458638,0.990208448941621
