target_id,prot_ps,prot_acf,prot_cs,e_prot_ps,E_prot_ps,e_prot_acf,E_prot_acf,e_prot_cs,E_prot_cs,sph_ps,sph_acf,sph_cs,h_ps,fa_prob_ps,hacf,gacf,hcs
11304440,9.425728208762509,9.562973644584417,9.534775132555513,0.42180525181545825,0.4628131955748085,-1.0,-1.0,0.28145070046503323,0.28145070046503323,4419.259271652744,4448.998692361039,4456.014476736516,0.08176785771291863,0.0,0.9808284158444927,0.5609193176824736,0.9441946627468483
