target_id,prot_ps,prot_acf,prot_cs,e_prot_ps,E_prot_ps,e_prot_acf,E_prot_acf,e_prot_cs,E_prot_cs,sph_ps,sph_acf,sph_cs,h_ps,fa_prob_ps,hacf,gacf,hcs
11351621,10.60857411497504,4.863335348665714,6.776996505819323,2.9574921380316574,6.7699170917784315,-1.0,-1.0,0.5999451106884381,0.5999451106884381,354.0081776533189,344.69276833655255,354.0081776533189,0.24568479612924501,3.233964887303195e-92,0.0014708079279676933,-0.3867756105802645,0.08891359356626763
