target_id,prot_ps,prot_acf,prot_cs,e_prot_ps,E_prot_ps,e_prot_acf,E_prot_acf,e_prot_cs,E_prot_cs,sph_ps,sph_acf,sph_cs,h_ps,fa_prob_ps,hacf,gacf,hcs
11363367,49.06504492030734,48.346143434755504,48.87374073214091,3.7396598303145865,4.420198931747983,-1.0,-1.0,1.6471505271696218,1.6471505271696218,7723.031765973849,7768.720836860403,7740.401475498187,0.25627566224590204,0.0,0.8506506615890232,0.339692472720105,0.994721047623542
