target_id,prot_ps,prot_acf,prot_cs,e_prot_ps,E_prot_ps,e_prot_acf,E_prot_acf,e_prot_cs,E_prot_cs,sph_ps,sph_acf,sph_cs,h_ps,fa_prob_ps,hacf,gacf,hcs
11356178,13.756583174559585,13.874514039140195,13.741119450167272,0.6457510538270359,0.711919447593587,-1.0,-1.0,0.14572242010237188,0.14572242010237188,3241.89955556228,3226.080714254365,3210.9291136539764,0.20786884473573528,0.0,0.9248120791032208,0.493726263565117,0.9788683490886406
