target_id,prot_ps,prot_acf,prot_cs,e_prot_ps,E_prot_ps,e_prot_acf,E_prot_acf,e_prot_cs,E_prot_cs,sph_ps,sph_acf,sph_cs,h_ps,fa_prob_ps,hacf,gacf,hcs
11455680,10.984862113317787,11.115925803780556,10.97045035541531,0.6999517419934733,0.8010112806804575,-1.0,-1.0,0.07815587379579297,0.07815587379579297,3260.953171164465,3250.2135700503886,3260.280063657632,0.1412047818325153,0.0,0.9676275278743398,0.6012429028383361,0.9092825846459411
