target_id,prot_ps,prot_acf,prot_cs,e_prot_ps,E_prot_ps,e_prot_acf,E_prot_acf,e_prot_cs,E_prot_cs,sph_ps,sph_acf,sph_cs,h_ps,fa_prob_ps,hacf,gacf,hcs
11468301,5.09333308995226,4.883660241030157,5.08812862248906,0.050120543806875695,0.05112993145539946,-1.0,-1.0,0.01774963338899221,0.01774963338899221,625.8966620371317,628.761000244494,625.369987107591,0.18426030102283944,0.0,0.7320775036600915,0.49470052994251434,0.786115043333781
