target_id,prot_ps,prot_acf,prot_cs,e_prot_ps,E_prot_ps,e_prot_acf,E_prot_acf,e_prot_cs,E_prot_cs,sph_ps,sph_acf,sph_cs,h_ps,fa_prob_ps,hacf,gacf,hcs
11460825,73.04936154926655,6.538782566785812,72.92254958914904,15.469493498310499,27.0337321505815,-1.0,-1.0,3.094594119222406,3.094594119222406,475.7899734891532,420.66378009631956,475.4703136003116,0.10557001578351709,0.0,0.003772513859385568,0.34699689819642204,0.32844723577381085
