target_id,prot_ps,prot_acf,prot_cs,e_prot_ps,E_prot_ps,e_prot_acf,E_prot_acf,e_prot_cs,E_prot_cs,sph_ps,sph_acf,sph_cs,h_ps,fa_prob_ps,hacf,gacf,hcs
11468568,23.56428512832269,23.04918386042118,23.531004879484982,2.1058651219164943,2.5693592668981786,-1.0,-1.0,0.30921706359715495,0.30921706359715495,4426.3787865627655,4369.396563566044,4361.225119618941,0.274675457211636,0.0,0.9553643733155563,0.5543169320830563,0.9738870324707021
