target_id,prot_ps,prot_acf,prot_cs,e_prot_ps,E_prot_ps,e_prot_acf,E_prot_acf,e_prot_cs,E_prot_cs,sph_ps,sph_acf,sph_cs,h_ps,fa_prob_ps,hacf,gacf,hcs
11466153,121.74913079697272,31.42702013067901,47.59129746785387,2.3483944760435094,2.4422945124093616,-1.0,-1.0,6.576397660614196,6.576397660614196,537.1497923366712,511.79507679797774,518.6163751819761,0.10562293195304917,0.0,4.35150324566147e-05,-0.4532213381308181,0.14752464562540227
