target_id,prot_ps,prot_acf,prot_cs,e_prot_ps,E_prot_ps,e_prot_acf,E_prot_acf,e_prot_cs,E_prot_cs,sph_ps,sph_acf,sph_cs,h_ps,fa_prob_ps,hacf,gacf,hcs
11446456,89.95542553035445,28.52470502629876,123.98326284120712,7.951705526910104,9.68020305612734,-1.0,-1.0,10.355658069262413,10.355658069262413,1080.4591543097074,1157.680123564484,1080.4591543097074,0.23278917862927814,0.0,0.0037370774176365695,-0.45183364782752006,0.2714057020226703
