target_id,prot_ps,prot_acf,prot_cs,e_prot_ps,E_prot_ps,e_prot_acf,E_prot_acf,e_prot_cs,E_prot_cs,sph_ps,sph_acf,sph_cs,h_ps,fa_prob_ps,hacf,gacf,hcs
11464185,25.18919879838496,25.746935717761517,25.44716782333329,3.9520234052969947,5.732964747121866,-1.0,-1.0,2.668621358142721,2.668621358142721,1097.4172397417833,1072.5585649970933,1064.9745537453166,0.1275638477836349,0.0,0.9868721676246701,0.4539820624915641,0.976678092919969
