target_id,prot_ps,prot_acf,prot_cs,e_prot_ps,E_prot_ps,e_prot_acf,E_prot_acf,e_prot_cs,E_prot_cs,sph_ps,sph_acf,sph_cs,h_ps,fa_prob_ps,hacf,gacf,hcs
11445869,91.31140647810645,16.4082044060342,15.033271379803535,1.6430306980366112,1.704333841602562,-1.0,-1.0,0.614707701679819,0.614707701679819,718.6485175287706,645.7168178318959,606.684715591972,0.044894235571784014,0.0,0.3051400019213184,0.1608549882266179,0.49732564152938963
