target_id,prot_ps,prot_acf,prot_cs,e_prot_ps,E_prot_ps,e_prot_acf,E_prot_acf,e_prot_cs,E_prot_cs,sph_ps,sph_acf,sph_cs,h_ps,fa_prob_ps,hacf,gacf,hcs
11402237,91.31176350992794,22.640510903671384,28.62624679872082,0.924583732097787,0.9436906252688004,-1.0,-1.0,0.39360340104950275,0.39360340104950275,591.5248087153307,580.468503163632,583.2919375383133,0.06150085972802647,0.0,0.006902916289264177,-0.28155486774723626,0.26564555981615945
