target_id,prot_ps,prot_acf,prot_cs,e_prot_ps,E_prot_ps,e_prot_acf,E_prot_acf,e_prot_cs,E_prot_cs,sph_ps,sph_acf,sph_cs,h_ps,fa_prob_ps,hacf,gacf,hcs
11461265,73.59771116521303,27.483386239036918,46.43808892716047,12.355276977877267,18.50684340231051,-1.0,-1.0,1.717992085723403,1.717992085723403,105.30652102905768,104.56398095375711,105.30511058647748,0.09057641835657883,0.0,0.0001737904619372732,-0.36727567325023835,0.25948852147401513
