target_id,prot_ps,prot_acf,prot_cs,e_prot_ps,E_prot_ps,e_prot_acf,E_prot_acf,e_prot_cs,E_prot_cs,sph_ps,sph_acf,sph_cs,h_ps,fa_prob_ps,hacf,gacf,hcs
11442831,16.25464205855587,16.653875899501145,16.428282292224463,2.662226984194179,3.9398927607653143,-1.0,-1.0,1.7255079378474707,1.7255079378474707,6769.393134312447,6720.671727050286,6742.383642052019,0.5957744242697492,0.0,1.2435463807086204,0.6449551090003529,0.9854350001365936
