target_id,prot_ps,prot_acf,prot_cs,e_prot_ps,E_prot_ps,e_prot_acf,E_prot_acf,e_prot_cs,E_prot_cs,sph_ps,sph_acf,sph_cs,h_ps,fa_prob_ps,hacf,gacf,hcs
11466369,73.04945630875844,28.280221711844206,45.74028574922082,12.138701647351397,18.271970535116182,-1.0,-1.0,1.12170211196409,1.12170211196409,442.17808260329747,435.7226791212846,439.1148915159817,0.059154344383144444,0.0,0.0018529355170437412,-0.4538039394893478,0.2771886921243322
