target_id,prot_ps,prot_acf,prot_cs,e_prot_ps,E_prot_ps,e_prot_acf,E_prot_acf,e_prot_cs,E_prot_cs,sph_ps,sph_acf,sph_cs,h_ps,fa_prob_ps,hacf,gacf,hcs
11410904,11.238353213008153,11.177221516147256,11.268506474209998,0.46603177265608764,0.5083880511857686,-1.0,-1.0,0.14795402604238791,0.14795402604238791,7446.460283268926,7472.329183731632,7452.878273155685,0.17591372696485608,0.0,0.9799828369429797,0.5825762546413364,0.9976985142187662
