target_id,prot_ps,prot_acf,prot_cs,e_prot_ps,E_prot_ps,e_prot_acf,E_prot_acf,e_prot_cs,E_prot_cs,sph_ps,sph_acf,sph_cs,h_ps,fa_prob_ps,hacf,gacf,hcs
11518511,47.128607482410324,12.852790968026966,92.48809063064883,3.879961377614009,4.63559956680114,-1.0,-1.0,3.023837048430824,3.023837048430824,566.4592042477874,564.4955856097164,568.951433588665,0.043638559043142865,0.0,0.05002870871178523,0.04987038052728093,1.3955201259344259
