target_id,prot_ps,prot_acf,prot_cs,e_prot_ps,E_prot_ps,e_prot_acf,E_prot_acf,e_prot_cs,E_prot_cs,sph_ps,sph_acf,sph_cs,h_ps,fa_prob_ps,hacf,gacf,hcs
11507190,52.17814074716467,19.7184910136275,31.436383093083457,1.1139676167704877,1.1631352583635177,-1.0,-1.0,6.053632957430492,6.053632957430492,1131.189205128235,1124.616774365408,1150.7708136506833,0.05321836554240398,0.0,8.853417326828983e-05,-0.2637574560774398,0.24732060299879527
