target_id,prot_ps,prot_acf,prot_cs,e_prot_ps,E_prot_ps,e_prot_acf,E_prot_acf,e_prot_cs,E_prot_cs,sph_ps,sph_acf,sph_cs,h_ps,fa_prob_ps,hacf,gacf,hcs
11506715,73.0493122157536,1.3077556192874908,125.76808392777106,13.318828498376654,21.084091153199438,-1.0,-1.0,10.573885677816676,10.573885677816676,653.1321564918687,593.4612354360826,657.2941273751828,0.01949510405011145,8.051302610962295e-301,0.01066174521262403,0.7766890528273156,0.15348581235801284
