target_id,prot_ps,prot_acf,prot_cs,e_prot_ps,E_prot_ps,e_prot_acf,E_prot_acf,e_prot_cs,E_prot_cs,sph_ps,sph_acf,sph_cs,h_ps,fa_prob_ps,hacf,gacf,hcs
11559513,63.52128245866245,17.470806883648038,36.45714975654321,4.538078462187471,5.285777478395843,-1.0,-1.0,1.4053014904339372,1.4053014904339372,491.6912053853386,478.0131026827707,488.90434770919245,0.04685213761852451,0.0,0.00100815147425648,-0.15466569896614096,0.6839833850828466
