target_id,prot_ps,prot_acf,prot_cs,e_prot_ps,E_prot_ps,e_prot_acf,E_prot_acf,e_prot_cs,E_prot_cs,sph_ps,sph_acf,sph_cs,h_ps,fa_prob_ps,hacf,gacf,hcs
11569145,31.825556645927076,2.9425171315670013,27.128168879840526,2.948166590628148,3.610504260342509,-1.0,-1.0,3.08906297289007,3.08906297289007,319.4789668326939,292.4228358726897,319.4789668326939,0.16437944589830553,1.0716124606678746e-57,0.009277027961511058,0.3656512995827975,0.35528519676176196
