target_id,prot_ps,prot_acf,prot_cs,e_prot_ps,E_prot_ps,e_prot_acf,E_prot_acf,e_prot_cs,E_prot_cs,sph_ps,sph_acf,sph_cs,h_ps,fa_prob_ps,hacf,gacf,hcs
11551452,91.31137224128523,30.7934675719589,46.648731823979205,1.2404497870210918,1.2751440876065487,-1.0,-1.0,10.19746020337403,10.19746020337403,292.0193364426544,273.9381731782369,284.91467713953546,0.06956134122520108,0.0,0.001022445616577744,-0.40015716621835906,0.10476332014837704
