target_id,prot_ps,prot_acf,prot_cs,e_prot_ps,E_prot_ps,e_prot_acf,E_prot_acf,e_prot_cs,E_prot_cs,sph_ps,sph_acf,sph_cs,h_ps,fa_prob_ps,hacf,gacf,hcs
11567049,1.1076475243402082,1.1238531512208283,1.1451992902261963,0.030978254835968944,0.032794265814599655,-1.0,-1.0,0.014689531442060342,0.014689531442060342,4180.372774052016,4180.99104629472,4176.4842834236415,0.2606438762558311,0.0,1.1604072852257044,0.7815289330263223,0.013267339992742695
