target_id,prot_ps,prot_acf,prot_cs,e_prot_ps,E_prot_ps,e_prot_acf,E_prot_acf,e_prot_cs,E_prot_cs,sph_ps,sph_acf,sph_cs,h_ps,fa_prob_ps,hacf,gacf,hcs
11513498,91.31158981217119,7.683059886097908,90.5444446494849,16.70572986134225,26.498737832861266,-1.0,-1.0,5.433301896861448,5.433301896861448,840.0780020078543,799.7052985159035,839.5311908570443,0.047183740705687746,0.0,0.09235526389850404,0.49034185247321455,0.556367737584083
