target_id,prot_ps,prot_acf,prot_cs,e_prot_ps,E_prot_ps,e_prot_acf,E_prot_acf,e_prot_cs,E_prot_cs,sph_ps,sph_acf,sph_cs,h_ps,fa_prob_ps,hacf,gacf,hcs
11513396,12.48705884811088,12.09673672169447,12.52943954315586,2.01256744903562,2.955837451951364,-1.0,-1.0,0.452735720407916,0.452735720407916,1308.6250287617963,1305.889856246789,1308.3593968971802,0.0711985627032361,0.0,0.5827493543421877,0.31873578638353284,0.9559215882840519
