target_id,prot_ps,prot_acf,prot_cs,e_prot_ps,E_prot_ps,e_prot_acf,E_prot_acf,e_prot_cs,E_prot_cs,sph_ps,sph_acf,sph_cs,h_ps,fa_prob_ps,hacf,gacf,hcs
11553761,89.96565262166659,27.727820251137018,51.03737478900702,8.021913070356135,9.783890189388472,-1.0,-1.0,8.486317641341085,8.486317641341085,960.9208498994,869.6678957049481,960.9208498994,0.2461864541173191,0.0,0.03110233281015337,-0.36029384653189844,0.16937379730804694
