target_id,prot_ps,prot_acf,prot_cs,e_prot_ps,E_prot_ps,e_prot_acf,E_prot_acf,e_prot_cs,E_prot_cs,sph_ps,sph_acf,sph_cs,h_ps,fa_prob_ps,hacf,gacf,hcs
11665627,24.128120786344116,23.41709938365966,24.124768982576498,2.776740404265503,3.6177518974273895,-1.0,-1.0,0.2678506448674897,0.2678506448674897,3392.8720685877565,3387.276162685081,3392.8720685877565,0.1782397418867577,0.0,0.9255215983695445,0.5854264232941261,0.9501444305036576
