target_id,prot_ps,prot_acf,prot_cs,e_prot_ps,E_prot_ps,e_prot_acf,E_prot_acf,e_prot_cs,E_prot_cs,sph_ps,sph_acf,sph_cs,h_ps,fa_prob_ps,hacf,gacf,hcs
11602951,1.9072911739636595,3.8006551545113325,3.860955378820305,0.05429487162627966,0.05758725575920809,-1.0,-1.0,0.01895559450360773,0.01895559450360773,5380.697656916206,5496.249632112645,5517.224285506244,0.09550346165067429,0.0,1.2130840812312156,0.8670595317273813,0.3167596031065167
