target_id,prot_ps,prot_acf,prot_cs,e_prot_ps,E_prot_ps,e_prot_acf,E_prot_acf,e_prot_cs,E_prot_cs,sph_ps,sph_acf,sph_cs,h_ps,fa_prob_ps,hacf,gacf,hcs
11605843,60.874370239061854,35.14590023085475,30.110841349526304,12.945665930362715,22.361396656259892,-1.0,-1.0,3.2067600444262685,3.2067600444262685,896.90452244542,896.2641567439268,885.3974351142575,0.0646771908534431,0.0,0.010435825463538884,-0.3722138122980263,0.27872982159267934
