target_id,prot_ps,prot_acf,prot_cs,e_prot_ps,E_prot_ps,e_prot_acf,E_prot_acf,e_prot_cs,E_prot_cs,sph_ps,sph_acf,sph_cs,h_ps,fa_prob_ps,hacf,gacf,hcs
11652033,73.04890438581835,22.96732982993126,23.099745871609166,1.5372140814919106,1.605459150418639,-1.0,-1.0,1.1310144813485943,1.1310144813485943,1160.088630552102,1078.7194378349157,1075.8617074415479,0.041435595669401075,0.0,0.2801141679362195,0.06962508212662975,0.8281529484811722
