target_id,prot_ps,prot_acf,prot_cs,e_prot_ps,E_prot_ps,e_prot_acf,E_prot_acf,e_prot_cs,E_prot_cs,sph_ps,sph_acf,sph_cs,h_ps,fa_prob_ps,hacf,gacf,hcs
11605179,48.76408616869354,37.41507787164301,44.18207797430456,4.424004717344054,5.405942446199802,-1.0,-1.0,8.406980398351704,8.406980398351704,3285.8324452303636,3285.8324452303636,3285.8324452303636,0.4605525800367621,0.0,0.456562017283318,0.4766536675225812,0.6712797336333586
