target_id,prot_ps,prot_acf,prot_cs,e_prot_ps,E_prot_ps,e_prot_acf,E_prot_acf,e_prot_cs,E_prot_cs,sph_ps,sph_acf,sph_cs,h_ps,fa_prob_ps,hacf,gacf,hcs
11618494,35.633807156711235,13.813167469576001,18.25529688559387,7.881370325397242,14.022044149948897,-1.0,-1.0,0.1617259859275228,0.1617259859275228,1028.0772167766409,1005.8947529078181,1011.6161943403038,0.032831017874625716,0.0,0.005846870259541004,-0.17491318708935083,1.0486606920432444
