target_id,prot_ps,prot_acf,prot_cs,e_prot_ps,E_prot_ps,e_prot_acf,E_prot_acf,e_prot_cs,E_prot_cs,sph_ps,sph_acf,sph_cs,h_ps,fa_prob_ps,hacf,gacf,hcs
11653958,49.06520273995614,3.1876625306904316,3.1369868699461216,1.121021474760198,1.1746951257361289,-1.0,-1.0,0.19110254598360268,0.19110254598360268,250.83431054759117,190.30965142013557,190.10174359408376,0.03730028339815416,0.0,0.3145783523993636,0.5514474699088727,0.15200719762406512
