target_id,prot_ps,prot_acf,prot_cs,e_prot_ps,E_prot_ps,e_prot_acf,E_prot_acf,e_prot_cs,E_prot_cs,sph_ps,sph_acf,sph_cs,h_ps,fa_prob_ps,hacf,gacf,hcs
11603122,121.74858802798289,10.707225708290935,121.83306674992737,2.703868904969923,2.8294457865739275,-1.0,-1.0,5.82628285453523,5.82628285453523,738.5910905285527,649.0744127286403,738.6623270529769,0.046519541816388815,0.0,0.004130736184703828,0.06462724546891829,1.72202840656462
