target_id,prot_ps,prot_acf,prot_cs,e_prot_ps,E_prot_ps,e_prot_acf,E_prot_acf,e_prot_cs,E_prot_cs,sph_ps,sph_acf,sph_cs,h_ps,fa_prob_ps,hacf,gacf,hcs
11618997,25.189417362522992,24.888223562389612,25.135648397817118,1.1470559258916282,1.2632568264461952,-1.0,-1.0,0.5331086753623848,0.5331086753623848,3727.8495159597373,3726.3544527400604,3727.7021706274604,0.2652766657122479,0.0,1.2445041833603563,0.7045122774156614,0.9869479865957123
