target_id,prot_ps,prot_acf,prot_cs,e_prot_ps,E_prot_ps,e_prot_acf,E_prot_acf,e_prot_cs,E_prot_cs,sph_ps,sph_acf,sph_cs,h_ps,fa_prob_ps,hacf,gacf,hcs
11658621,23.349056000104284,11.64752734825015,55.5960274622565,1.311806941917034,1.4781381736831207,-1.0,-1.0,2.3852285042072983,2.3852285042072983,3309.008906668687,2902.741218151406,3309.008906668687,0.2084300372674544,2.8895056988857386e-228,0.00041677542009298935,-0.04570309144026438,2.7740551483800244
