target_id,prot_ps,prot_acf,prot_cs,e_prot_ps,E_prot_ps,e_prot_acf,E_prot_acf,e_prot_cs,E_prot_cs,sph_ps,sph_acf,sph_cs,h_ps,fa_prob_ps,hacf,gacf,hcs
11757155,31.31850858996256,21.659698989242315,31.353058377720455,1.0118910100745317,1.0825438340591127,-1.0,-1.0,0.46222794451009164,0.46222794451009164,345.79496623642666,341.9751616075764,345.80268681415197,0.09080539877677617,0.0,0.00013037622277575767,-0.2531609220107651,0.6551236297397962
