target_id,prot_ps,prot_acf,prot_cs,e_prot_ps,E_prot_ps,e_prot_acf,E_prot_acf,e_prot_cs,E_prot_cs,sph_ps,sph_acf,sph_cs,h_ps,fa_prob_ps,hacf,gacf,hcs
11754430,91.99822332016721,35.9223843337968,45.96308940952067,1.2085847814324495,1.2413844284705533,-1.0,-1.0,0.9453456412836962,0.9453456412836962,276.7228618133345,256.09212585791045,270.9431759524869,0.10715947229740447,0.0,4.84222996234851e-05,-0.3819610675730725,0.24664748866687483
