target_id,prot_ps,prot_acf,prot_cs,e_prot_ps,E_prot_ps,e_prot_acf,E_prot_acf,e_prot_cs,E_prot_cs,sph_ps,sph_acf,sph_cs,h_ps,fa_prob_ps,hacf,gacf,hcs
11766556,89.96645528725763,21.557185724377632,113.60637693572515,8.178897356432941,9.99644668660629,-1.0,-1.0,8.759638411756633,8.759638411756633,1343.249125305464,1347.5626723236926,1343.249125305464,0.21453267617790353,0.0,0.0007102875887405047,-0.27156982736630314,0.4930671486695801
