target_id,prot_ps,prot_acf,prot_cs,e_prot_ps,E_prot_ps,e_prot_acf,E_prot_acf,e_prot_cs,E_prot_cs,sph_ps,sph_acf,sph_cs,h_ps,fa_prob_ps,hacf,gacf,hcs
11719736,73.04955687058538,9.971652504056692,40.38250998551885,0.9150236751890617,0.938489697287622,-1.0,-1.0,1.1143541457320985,1.1143541457320985,619.7408559208868,581.8483291485928,618.4342763561315,0.10617232946974109,0.0,5.730389385374089e-05,-0.009096890074595979,3.9267291239971254
