target_id,prot_ps,prot_acf,prot_cs,e_prot_ps,E_prot_ps,e_prot_acf,E_prot_acf,e_prot_cs,E_prot_cs,sph_ps,sph_acf,sph_cs,h_ps,fa_prob_ps,hacf,gacf,hcs
11719895,72.93425435661494,18.880822867155075,31.795675221225856,0.9598587599699471,0.9858284194442462,-1.0,-1.0,0.5197221796102037,0.5197221796102037,680.4842621478986,667.8787859054818,677.0918908072601,0.0624142618219928,0.0,0.001057129285962355,-0.22692628709020213,0.6853587394156974
