target_id,prot_ps,prot_acf,prot_cs,e_prot_ps,E_prot_ps,e_prot_acf,E_prot_acf,e_prot_cs,E_prot_cs,sph_ps,sph_acf,sph_cs,h_ps,fa_prob_ps,hacf,gacf,hcs
11753767,2.4130600824812967,2.4316023415885866,2.4162865137584286,0.0278624832435308,0.02852057102590244,-1.0,-1.0,0.010670452663584348,0.010670452663584348,7525.177447373376,7591.853402159826,7528.597583416408,0.173076882269313,0.0,1.4032415961268805,0.9173136950680851,0.5647113286214487
