target_id,prot_ps,prot_acf,prot_cs,e_prot_ps,E_prot_ps,e_prot_acf,E_prot_acf,e_prot_cs,E_prot_cs,sph_ps,sph_acf,sph_cs,h_ps,fa_prob_ps,hacf,gacf,hcs
11766331,63.52125830933386,20.47458670847118,32.87274587550201,3.7586669634725283,4.257473190287968,-1.0,-1.0,15.32852964029408,15.32852964029408,908.0400882045654,895.1683968391852,902.8784245290839,0.0652867652692714,0.0,0.0003688650979225827,-0.2810504104459981,0.1415561931851216
