target_id,prot_ps,prot_acf,prot_cs,e_prot_ps,E_prot_ps,e_prot_acf,E_prot_acf,e_prot_cs,E_prot_cs,sph_ps,sph_acf,sph_cs,h_ps,fa_prob_ps,hacf,gacf,hcs
11759221,26.089044054640716,27.64677491923794,27.603326069166652,2.6608551444023973,3.334165725154328,-1.0,-1.0,2.0805653441217222,2.0805653441217222,1755.1920149737837,1719.2748034017857,1718.878347970909,0.05480580498243306,0.0,0.5617426646138933,0.2881222136264384,0.915749212946908
