target_id,prot_ps,prot_acf,prot_cs,e_prot_ps,E_prot_ps,e_prot_acf,E_prot_acf,e_prot_cs,E_prot_cs,sph_ps,sph_acf,sph_cs,h_ps,fa_prob_ps,hacf,gacf,hcs
11761036,73.04931975860579,13.97663945518434,78.65169950254263,2.1980659634925246,2.3373200402391348,-1.0,-1.0,8.982622692186851,8.982622692186851,502.41242175953573,489.6008514920701,501.3749173256011,0.07872224536112696,0.0,0.0005575740511808147,0.02979697851190101,1.8910558606671803
