target_id,prot_ps,prot_acf,prot_cs,e_prot_ps,E_prot_ps,e_prot_acf,E_prot_acf,e_prot_cs,E_prot_cs,sph_ps,sph_acf,sph_cs,h_ps,fa_prob_ps,hacf,gacf,hcs
11709244,14.184329619651743,14.119671377819031,14.187161494893763,0.7773735946301343,0.8722382556727286,-1.0,-1.0,0.09570287652814184,0.09570287652814184,5795.843629351955,5798.362980915258,5796.03988443662,0.23277380959356933,0.0,0.947086039696827,0.5748265428079841,0.9754423587058372
