target_id,prot_ps,prot_acf,prot_cs,e_prot_ps,E_prot_ps,e_prot_acf,E_prot_acf,e_prot_cs,E_prot_cs,sph_ps,sph_acf,sph_cs,h_ps,fa_prob_ps,hacf,gacf,hcs
11703756,77.47234783328017,27.09509693272412,34.409022586864225,13.488831056818455,20.585491568551973,-1.0,-1.0,1.4833924177499547,1.4833924177499547,192.32204808239902,178.20030926976403,182.12866675235622,0.0616088934919654,0.0,0.00042132832653382635,-0.30448162452480104,0.5186800791790582
