target_id,prot_ps,prot_acf,prot_cs,e_prot_ps,E_prot_ps,e_prot_acf,E_prot_acf,e_prot_cs,E_prot_cs,sph_ps,sph_acf,sph_cs,h_ps,fa_prob_ps,hacf,gacf,hcs
11764306,25.63134153222785,25.41950332559645,25.58652255744285,1.6985878253014413,1.9552971557339411,-1.0,-1.0,0.6199890875529724,0.6199890875529724,5045.661922268442,4864.649455177378,4858.952640943239,0.21879693500461578,0.0,1.1515220477146042,0.6884498787269778,0.9902685591884454
