target_id,prot_ps,prot_acf,prot_cs,e_prot_ps,E_prot_ps,e_prot_acf,E_prot_acf,e_prot_cs,E_prot_cs,sph_ps,sph_acf,sph_cs,h_ps,fa_prob_ps,hacf,gacf,hcs
11754150,15.542361634446962,15.631720789242536,15.600036596935528,0.7943706278916078,0.8853398282682345,-1.0,-1.0,0.6473326558319578,0.6473326558319578,1801.0871525345776,1781.3473461114622,1787.329327416289,0.07544638428354139,0.0,0.7028343057457755,0.3933158882593444,0.9813525046454203
