target_id,prot_ps,prot_acf,prot_cs,e_prot_ps,E_prot_ps,e_prot_acf,E_prot_acf,e_prot_cs,E_prot_cs,sph_ps,sph_acf,sph_cs,h_ps,fa_prob_ps,hacf,gacf,hcs
11775950,16.415570706068692,15.447858676314354,16.120283769947502,2.497344299168372,3.6052735435504353,-1.0,-1.0,0.6469259105652293,0.6469259105652293,2806.8847942553093,2791.924148420449,2824.6599782955414,0.06878896947769526,0.0,0.7487925481900128,0.41745409646533527,0.8996791253952969
