target_id,prot_ps,prot_acf,prot_cs,e_prot_ps,E_prot_ps,e_prot_acf,E_prot_acf,e_prot_cs,E_prot_cs,sph_ps,sph_acf,sph_cs,h_ps,fa_prob_ps,hacf,gacf,hcs
11823613,121.7488017803994,8.643443553708494,121.53253503976529,2.3442706526630985,2.4383238484160756,-1.0,-1.0,4.361137236225355,4.361137236225355,704.7097891086614,676.3590322891391,697.5391834053154,0.026816359951287252,0.0,0.006116144770499335,0.25153203704164817,0.2560099068738804
