target_id,prot_ps,prot_acf,prot_cs,e_prot_ps,E_prot_ps,e_prot_acf,E_prot_acf,e_prot_cs,E_prot_cs,sph_ps,sph_acf,sph_cs,h_ps,fa_prob_ps,hacf,gacf,hcs
11804320,63.520889496197036,16.3877479955554,42.542144257240004,1.6088684085917038,1.6938127680109147,-1.0,-1.0,6.465579323036426,6.465579323036426,833.8208984940942,807.0715821944925,838.1792666201869,0.028949762933036794,0.0,0.01066189337564958,-0.09229390436567497,0.5554468582166227
