target_id,prot_ps,prot_acf,prot_cs,e_prot_ps,E_prot_ps,e_prot_acf,E_prot_acf,e_prot_cs,E_prot_cs,sph_ps,sph_acf,sph_cs,h_ps,fa_prob_ps,hacf,gacf,hcs
11868854,94.84649949332595,19.677657755557448,35.043395116947266,1.6805108389036434,1.7424951248265899,-1.0,-1.0,7.484425908602897,7.484425908602897,1425.5260718127413,1397.265024323822,1406.738905475238,0.04518079097351161,0.0,0.0011142094185020296,-0.13255090649848703,0.7136189628536416
