target_id,prot_ps,prot_acf,prot_cs,e_prot_ps,E_prot_ps,e_prot_acf,E_prot_acf,e_prot_cs,E_prot_cs,sph_ps,sph_acf,sph_cs,h_ps,fa_prob_ps,hacf,gacf,hcs
11853243,18.730505880739404,19.309739735908806,18.924975292282177,2.6123528572274815,3.6089777346630783,-1.0,-1.0,2.1153765091559507,2.1153765091559507,1648.2644375995942,1596.9158815968121,1645.6660165594199,0.05193043873387136,0.0,0.7042585393517151,0.3915092253098615,0.9419132550360145
