target_id,prot_ps,prot_acf,prot_cs,e_prot_ps,E_prot_ps,e_prot_acf,E_prot_acf,e_prot_cs,E_prot_cs,sph_ps,sph_acf,sph_cs,h_ps,fa_prob_ps,hacf,gacf,hcs
11870504,47.12803833633209,15.120959840714931,24.51802336983383,1.061228849157125,1.111543056976096,-1.0,-1.0,1.1952434742348312,1.1952434742348312,446.05505908870936,443.0671899883563,452.5361779704786,0.027860039354294885,0.0,0.009064373738482408,-0.05345683956736371,1.7976805662637467
