target_id,prot_ps,prot_acf,prot_cs,e_prot_ps,E_prot_ps,e_prot_acf,E_prot_acf,e_prot_cs,E_prot_cs,sph_ps,sph_acf,sph_cs,h_ps,fa_prob_ps,hacf,gacf,hcs
11858267,91.31180156670659,27.830674907192588,31.111631879074455,1.3718748090632005,1.4143500104844975,-1.0,-1.0,0.49911357726729133,0.49911357726729133,285.08029522132074,273.97216348544504,281.66653750259775,0.05904316215518035,0.0,0.0001032527168731423,-0.44264844496835676,0.16913782428540136
