target_id,prot_ps,prot_acf,prot_cs,e_prot_ps,E_prot_ps,e_prot_acf,E_prot_acf,e_prot_cs,E_prot_cs,sph_ps,sph_acf,sph_cs,h_ps,fa_prob_ps,hacf,gacf,hcs
11870278,91.31073263104051,22.742780338972807,34.77132611888749,1.3152907958361197,1.354374635386364,-1.0,-1.0,0.7100517232725511,0.7100517232725511,592.8178725029035,585.1473552676438,587.710236881725,0.04886515067118467,0.0,0.017307450482723807,-0.34944885175083196,0.23150615010718492
