target_id,prot_ps,prot_acf,prot_cs,e_prot_ps,E_prot_ps,e_prot_acf,E_prot_acf,e_prot_cs,E_prot_cs,sph_ps,sph_acf,sph_cs,h_ps,fa_prob_ps,hacf,gacf,hcs
11876496,72.93525745727216,28.218938016332686,45.82042956768436,11.851149383549114,17.472548041004302,-1.0,-1.0,1.3507847418651395,1.3507847418651395,1101.6855592534323,1120.7549288835235,1149.4836512437257,0.11553762132254966,0.0,0.0007762922974512976,-0.37872076768840496,0.2947557386518301
