target_id,prot_ps,prot_acf,prot_cs,e_prot_ps,E_prot_ps,e_prot_acf,E_prot_acf,e_prot_cs,E_prot_cs,sph_ps,sph_acf,sph_cs,h_ps,fa_prob_ps,hacf,gacf,hcs
11905729,91.3114267944234,15.733898221515119,47.07233996757556,1.3136553798974404,1.3526224132789935,-1.0,-1.0,1.0203479951734566,1.0203479951734566,569.1788572466916,503.51103908926706,557.5473264944122,0.06766877396408359,0.0,0.0006451267044986497,-0.32564767407121487,0.40393356260426083
