target_id,prot_ps,prot_acf,prot_cs,e_prot_ps,E_prot_ps,e_prot_acf,E_prot_acf,e_prot_cs,E_prot_cs,sph_ps,sph_acf,sph_cs,h_ps,fa_prob_ps,hacf,gacf,hcs
11905430,48.723008175102535,43.15703988075256,46.184775959886615,4.42934557153098,5.413642102139647,-1.0,-1.0,7.188335515512799,7.188335515512799,8308.967414264407,8308.967414264407,8308.967414264407,0.7681069249841348,0.0,0.4980846502017713,0.4331908988966078,0.7948844039352586
