target_id,prot_ps,prot_acf,prot_cs,e_prot_ps,E_prot_ps,e_prot_acf,E_prot_acf,e_prot_cs,E_prot_cs,sph_ps,sph_acf,sph_cs,h_ps,fa_prob_ps,hacf,gacf,hcs
11955485,48.76386614644296,11.01402843883261,19.2992751379218,4.432751547294913,5.417765131522323,-1.0,-1.0,2.663358188188286,2.663358188188286,3320.332278009394,3135.192301650096,3319.940256742563,0.19157346363947697,1.0713112899194297e-216,0.0005777037650496752,0.12886929408999886,1.510671450803807
