target_id,prot_ps,prot_acf,prot_cs,e_prot_ps,E_prot_ps,e_prot_acf,E_prot_acf,e_prot_cs,E_prot_cs,sph_ps,sph_acf,sph_cs,h_ps,fa_prob_ps,hacf,gacf,hcs
11963521,14.047940903927792,14.87571644037962,14.05565719038246,2.064315763753399,2.9114107984957673,-1.0,-1.0,0.193896194458115,0.193896194458115,2289.399387879108,2263.5932055727703,2287.8487578553986,0.07694558393522885,0.0,0.91346437006122,0.43637333195399136,0.8738202427904237
