target_id,prot_ps,prot_acf,prot_cs,e_prot_ps,E_prot_ps,e_prot_acf,E_prot_acf,e_prot_cs,E_prot_cs,sph_ps,sph_acf,sph_cs,h_ps,fa_prob_ps,hacf,gacf,hcs
12062063,14.04794032434009,13.935766689479351,14.086179600585513,0.9870579952615053,1.146571027485173,-1.0,-1.0,0.1397902341165755,0.1397902341165755,4453.176592493974,4443.314421633031,4448.319724173413,0.1456829240698973,0.0,0.9279085867977696,0.5580113274555708,0.962551038927677
