target_id,prot_ps,prot_acf,prot_cs,e_prot_ps,E_prot_ps,e_prot_acf,E_prot_acf,e_prot_cs,E_prot_cs,sph_ps,sph_acf,sph_cs,h_ps,fa_prob_ps,hacf,gacf,hcs
12007823,73.04921339567208,32.69384577870369,45.98942983630103,21.625544992408976,53.79520179788942,-1.0,-1.0,1.3897153583099784,1.3897153583099784,710.6054818217485,703.3367679504279,714.9340167170549,0.08315830426847773,0.0,0.0002825619180492067,-0.5433672292277636,0.21945379299823342
