target_id,prot_ps,prot_acf,prot_cs,e_prot_ps,E_prot_ps,e_prot_acf,E_prot_acf,e_prot_cs,E_prot_cs,sph_ps,sph_acf,sph_cs,h_ps,fa_prob_ps,hacf,gacf,hcs
12022345,72.93526633382811,32.81658306159079,45.45546296264045,10.596415902679176,14.875601849434219,-1.0,-1.0,7.312619015919999,7.312619015919999,994.7469141435789,930.0248364846718,933.0543590066139,0.17977062571037034,0.0,0.003290626059025914,-0.5242671045547833,0.10282716813757067
