target_id,prot_ps,prot_acf,prot_cs,e_prot_ps,E_prot_ps,e_prot_acf,E_prot_acf,e_prot_cs,E_prot_cs,sph_ps,sph_acf,sph_cs,h_ps,fa_prob_ps,hacf,gacf,hcs
12024088,72.93503610204743,31.999129995703697,41.239276954433464,2.0954511343171873,2.2224273648215416,-1.0,-1.0,1.0005748152600962,1.0005748152600962,2623.3202315171566,2444.6296687343024,2486.8818347433275,0.2743211184372931,0.0,6.960948755024843e-05,-0.59424656708948,0.08809873705413923
