target_id,prot_ps,prot_acf,prot_cs,e_prot_ps,E_prot_ps,e_prot_acf,E_prot_acf,e_prot_cs,E_prot_cs,sph_ps,sph_acf,sph_cs,h_ps,fa_prob_ps,hacf,gacf,hcs
12061901,73.04726683011646,32.91866097925231,45.692223689583784,24.025654528713545,68.88742190967301,-1.0,-1.0,1.2585412284736983,1.2585412284736983,716.3490257248541,708.1743172883428,716.1778136247962,0.07943272696272292,0.0,0.0007544826818179917,-0.40543284493853976,0.2759276993097307
