target_id,prot_ps,prot_acf,prot_cs,e_prot_ps,E_prot_ps,e_prot_acf,E_prot_acf,e_prot_cs,E_prot_cs,sph_ps,sph_acf,sph_cs,h_ps,fa_prob_ps,hacf,gacf,hcs
12058818,60.87436237175183,30.221383333671838,37.48247080939466,12.545561025105926,21.320313023828355,-1.0,-1.0,0.6703014001863109,0.6703014001863109,661.2288003643023,656.9753962842634,657.8064373904258,0.08753676710182638,0.0,0.0017182816283272118,-0.5529962110472619,0.11946420095270573
