target_id,prot_ps,prot_acf,prot_cs,e_prot_ps,E_prot_ps,e_prot_acf,E_prot_acf,e_prot_cs,E_prot_cs,sph_ps,sph_acf,sph_cs,h_ps,fa_prob_ps,hacf,gacf,hcs
12071107,73.0493783498208,31.12052466161549,45.19239630538971,23.29761201472097,65.4864876556767,-1.0,-1.0,3.8900253053324088,3.8900253053324088,391.62351523863015,388.35876328393556,383.71377373105787,0.09097430602714528,0.0,0.0008309846410220478,-0.5444499152630027,0.12610934148362235
