target_id,prot_ps,prot_acf,prot_cs,e_prot_ps,E_prot_ps,e_prot_acf,E_prot_acf,e_prot_cs,E_prot_cs,sph_ps,sph_acf,sph_cs,h_ps,fa_prob_ps,hacf,gacf,hcs
12070182,36.52467008648188,20.76062849909067,19.541554585453127,6.697998671914451,10.516530726212451,-1.0,-1.0,1.063964646396594,1.063964646396594,1673.7502599519817,1668.2126849357053,1660.4543763564766,0.044257553365343594,0.0,0.007567310955172796,-0.27710783308937226,0.48764500805929967
