target_id,prot_ps,prot_acf,prot_cs,e_prot_ps,E_prot_ps,e_prot_acf,E_prot_acf,e_prot_cs,E_prot_cs,sph_ps,sph_acf,sph_cs,h_ps,fa_prob_ps,hacf,gacf,hcs
12011271,91.3115938826152,27.97369538154453,28.72974132232306,1.4468230657932537,1.494063321637654,-1.0,-1.0,4.152515420291695,4.152515420291695,698.8106068874166,660.7166544466539,669.3166836614971,0.0681400649156768,0.0,0.00010288055480536795,-0.4093419508159611,0.23282398526952636
