target_id,prot_ps,prot_acf,prot_cs,e_prot_ps,E_prot_ps,e_prot_acf,E_prot_acf,e_prot_cs,E_prot_cs,sph_ps,sph_acf,sph_cs,h_ps,fa_prob_ps,hacf,gacf,hcs
12023060,218.22483106480902,1.205579711124301,176.12375300478186,20.21085071072403,24.750917722148046,-1.0,-1.0,12.858152815109964,12.858152815109964,597.1330241697569,494.00662054257657,597.1330241697569,0.06704629062275601,4.897274783013995e-157,0.03832902931701404,0.8575223791607282,0.3083333432969395
