target_id,prot_ps,prot_acf,prot_cs,e_prot_ps,E_prot_ps,e_prot_acf,E_prot_acf,e_prot_cs,E_prot_cs,sph_ps,sph_acf,sph_cs,h_ps,fa_prob_ps,hacf,gacf,hcs
12154888,73.04947841473697,34.3490382572636,45.73695614017875,24.847708421896712,76.10208973297561,-1.0,-1.0,1.1480954190277455,1.1480954190277455,878.4086039336194,864.8556050822257,879.9816263292702,0.11876896013057715,0.0,0.0003269048566637567,-0.5467273890253633,0.1852341425872151
