target_id,prot_ps,prot_acf,prot_cs,e_prot_ps,E_prot_ps,e_prot_acf,E_prot_acf,e_prot_cs,E_prot_cs,sph_ps,sph_acf,sph_cs,h_ps,fa_prob_ps,hacf,gacf,hcs
12109724,74.87850217718942,31.304305255413055,45.876372949453604,12.054906274293849,17.726355513655164,-1.0,-1.0,0.9884202480858325,0.9884202480858325,1086.7652779765176,1067.8809375533403,1076.4226869555184,0.11712963127087964,0.0,0.0005541479658927595,-0.5298624846768001,0.14493668666594564
