target_id,prot_ps,prot_acf,prot_cs,e_prot_ps,E_prot_ps,e_prot_acf,E_prot_acf,e_prot_cs,E_prot_cs,sph_ps,sph_acf,sph_cs,h_ps,fa_prob_ps,hacf,gacf,hcs
12157048,73.04923055224576,28.34148466400802,45.97731673548021,13.086975064529376,20.50892165266137,-1.0,-1.0,1.3851901116345093,1.3851901116345093,973.6928528010889,963.584433407831,974.6161069805912,0.08861205108859925,0.0,0.0009581398700681532,-0.4830155484782956,0.15106554408222767
