target_id,prot_ps,prot_acf,prot_cs,e_prot_ps,E_prot_ps,e_prot_acf,E_prot_acf,e_prot_cs,E_prot_cs,sph_ps,sph_acf,sph_cs,h_ps,fa_prob_ps,hacf,gacf,hcs
12168690,2.746214532395509,2.819847861304879,2.7654942720942195,0.20439558318674989,0.23972300550253456,-1.0,-1.0,0.20127673657984754,0.20127673657984754,1781.7194153356525,1770.815090506045,1769.0278479263795,0.03971718208648311,0.0,1.1379861812267098,0.8221248712388971,0.5218546050942664
