target_id,prot_ps,prot_acf,prot_cs,e_prot_ps,E_prot_ps,e_prot_acf,E_prot_acf,e_prot_cs,E_prot_cs,sph_ps,sph_acf,sph_cs,h_ps,fa_prob_ps,hacf,gacf,hcs
12119331,73.0486167953773,36.188148989807814,28.689257721875812,15.0304659806284,25.36377954223903,-1.0,-1.0,0.42295095020332457,0.42295095020332457,731.0461999749859,727.7159663150499,720.8797356415848,0.08409091578816597,0.0,3.0330352460222754e-05,-0.45396570755396726,0.21374696940811078
