target_id,prot_ps,prot_acf,prot_cs,e_prot_ps,E_prot_ps,e_prot_acf,E_prot_acf,e_prot_cs,E_prot_cs,sph_ps,sph_acf,sph_cs,h_ps,fa_prob_ps,hacf,gacf,hcs
12120023,61.33224073362621,24.663513210136443,36.84702754429993,7.65816646596857,10.173315116870732,-1.0,-1.0,0.7642168918662013,0.7642168918662013,144.1619817353479,142.63042324913448,143.12635090675337,0.0785704490538891,0.0,0.0007888214102680646,-0.368969883513766,0.22617888989117096
