target_id,prot_ps,prot_acf,prot_cs,e_prot_ps,E_prot_ps,e_prot_acf,E_prot_acf,e_prot_cs,E_prot_cs,sph_ps,sph_acf,sph_cs,h_ps,fa_prob_ps,hacf,gacf,hcs
12115283,73.04934019091492,30.834437406621873,28.93451295992359,21.101939360515907,50.667630763067095,-1.0,-1.0,5.816485975254324,5.816485975254324,667.126705923195,643.6416992219462,646.5494866639664,0.07356233203717992,0.0,0.0017653839530074045,-0.5291317812990874,0.11934470002216624
