target_id,prot_ps,prot_acf,prot_cs,e_prot_ps,E_prot_ps,e_prot_acf,E_prot_acf,e_prot_cs,E_prot_cs,sph_ps,sph_acf,sph_cs,h_ps,fa_prob_ps,hacf,gacf,hcs
12203913,20.5772346320763,19.820636324584484,20.3709144031629,2.244611831858105,2.87607400089372,-1.0,-1.0,1.2908123538560041,1.2908123538560041,3170.50408400838,3146.2776116373357,3166.814534844402,0.11251020664309273,0.0,0.8900189155436367,0.4761864796158254,0.9495885654981046
