target_id,prot_ps,prot_acf,prot_cs,e_prot_ps,E_prot_ps,e_prot_acf,E_prot_acf,e_prot_cs,E_prot_cs,sph_ps,sph_acf,sph_cs,h_ps,fa_prob_ps,hacf,gacf,hcs
12251267,91.31153999778904,18.226824006065726,53.05749409359733,1.5328695526275737,1.5862662860946415,-1.0,-1.0,2.5864434430956758,2.5864434430956758,899.4414260409854,855.4276931592267,854.1463548472731,0.03992712450375837,0.0,0.32371227415448633,0.10566566704895965,1.7428913924839537
