target_id,prot_ps,prot_acf,prot_cs,e_prot_ps,E_prot_ps,e_prot_acf,E_prot_acf,e_prot_cs,E_prot_cs,sph_ps,sph_acf,sph_cs,h_ps,fa_prob_ps,hacf,gacf,hcs
12256783,73.04938792549443,28.198509458452463,42.163514762213445,9.818397315660754,13.385481697643556,-1.0,-1.0,3.7387563612436634,3.7387563612436634,917.735934104782,910.0288334074351,915.7793931646102,0.09402421490319617,0.0,0.0009116234343452823,-0.44209654686692823,0.253598586797805
