target_id,prot_ps,prot_acf,prot_cs,e_prot_ps,E_prot_ps,e_prot_acf,E_prot_acf,e_prot_cs,E_prot_cs,sph_ps,sph_acf,sph_cs,h_ps,fa_prob_ps,hacf,gacf,hcs
12268307,72.7417424275545,0.9603772549889982,77.12381063644307,12.69471500039986,19.606511757257692,-1.0,-1.0,11.25028498471184,11.25028498471184,962.2574239544871,693.0936074262753,962.2574239544871,0.22343677871941672,0.0,0.01512295243368017,0.9397940733324609,0.26228665678532614
