target_id,prot_ps,prot_acf,prot_cs,e_prot_ps,E_prot_ps,e_prot_acf,E_prot_acf,e_prot_cs,E_prot_cs,sph_ps,sph_acf,sph_cs,h_ps,fa_prob_ps,hacf,gacf,hcs
12206157,73.04919462789407,27.830629876814783,37.48604706390996,1.8475048550797197,1.9469723811678534,-1.0,-1.0,0.7021621367989889,0.7021621367989889,449.5355103961639,440.88111679837255,445.73966173812306,0.10161534945638394,0.0,0.00015425381777006697,-0.5681117371221898,0.10001966795921699
