target_id,prot_ps,prot_acf,prot_cs,e_prot_ps,E_prot_ps,e_prot_acf,E_prot_acf,e_prot_cs,E_prot_cs,sph_ps,sph_acf,sph_cs,h_ps,fa_prob_ps,hacf,gacf,hcs
12267213,91.31167166949447,8.663883939385414,91.44962602297409,2.452268543515416,2.5929330087684264,-1.0,-1.0,3.3223022423478,3.3223022423478,1135.3761130718005,1058.806572903993,1134.8368567460311,0.06491887283315237,0.0,0.004236753603812735,0.03388717489424572,3.87041758666934
