target_id,prot_ps,prot_acf,prot_cs,e_prot_ps,E_prot_ps,e_prot_acf,E_prot_acf,e_prot_cs,E_prot_cs,sph_ps,sph_acf,sph_cs,h_ps,fa_prob_ps,hacf,gacf,hcs
12265176,73.04940745364941,2.881152906920761,73.58354372023612,3.9600722652494085,4.444297961260958,-1.0,-1.0,4.826254332194724,4.826254332194724,450.5330410553952,345.3156850630904,449.6904754317852,0.08229719368369884,0.0,0.4570734589362838,0.5976232118731002,0.31664957652963316
