target_id,prot_ps,prot_acf,prot_cs,e_prot_ps,E_prot_ps,e_prot_acf,E_prot_acf,e_prot_cs,E_prot_cs,sph_ps,sph_acf,sph_cs,h_ps,fa_prob_ps,hacf,gacf,hcs
12217805,72.74167310313918,1.2055804254487157,68.77404348095557,13.526933904441464,21.410079631170916,-1.0,-1.0,8.319985897359002,8.319985897359002,740.0970557678297,577.8096713689707,740.0970557678297,0.2197761766793346,0.0,0.007409975785583001,0.8984914718872418,0.21676622773965393
