target_id,prot_ps,prot_acf,prot_cs,e_prot_ps,E_prot_ps,e_prot_acf,E_prot_acf,e_prot_cs,E_prot_cs,sph_ps,sph_acf,sph_cs,h_ps,fa_prob_ps,hacf,gacf,hcs
12207328,22.476669882230077,22.722211942076683,45.69528215597981,3.8345900841454146,5.790631843917463,-1.0,-1.0,2.6274767180964944,2.6274767180964944,3690.4678376493725,3652.141383756234,3871.7425408740996,0.07814712728706615,0.0,0.40958487870388516,0.05765123678230132,1.6096630495943025
