target_id,prot_ps,prot_acf,prot_cs,e_prot_ps,E_prot_ps,e_prot_acf,E_prot_acf,e_prot_cs,E_prot_cs,sph_ps,sph_acf,sph_cs,h_ps,fa_prob_ps,hacf,gacf,hcs
12251852,32.509219056212025,14.099580855108798,14.075468528429045,10.210944690334454,27.934590849656466,-1.0,-1.0,1.2758845217176908,1.2758845217176908,3784.6709373319477,3862.1193432001505,3864.357642225149,0.19579063961731594,4.151614312943447e-222,0.00039763126839786195,-0.11289586047649379,0.41290646483391263
