target_id,prot_ps,prot_acf,prot_cs,e_prot_ps,E_prot_ps,e_prot_acf,E_prot_acf,e_prot_cs,E_prot_cs,sph_ps,sph_acf,sph_cs,h_ps,fa_prob_ps,hacf,gacf,hcs
12268502,89.96626055448846,16.591846926137805,102.31816026463174,8.158872331836463,9.969388763058305,-1.0,-1.0,18.866151110806367,18.866151110806367,1165.2956523016653,1126.9022583876908,1165.2956523016653,0.2435267143550616,0.0,0.04500034644435134,0.1687832542903126,0.8749013757478384
