target_id,prot_ps,prot_acf,prot_cs,e_prot_ps,E_prot_ps,e_prot_acf,E_prot_acf,e_prot_cs,E_prot_cs,sph_ps,sph_acf,sph_cs,h_ps,fa_prob_ps,hacf,gacf,hcs
12301013,91.31153645418236,27.401535737793893,28.646825318111347,1.3277755724019045,1.367558817306005,-1.0,-1.0,0.36523778583151423,0.36523778583151423,795.1278361460877,782.9349254586173,775.3863956875923,0.06314313420687302,0.0,0.0024154371074424086,-0.515696863383605,0.22373712555735453
