target_id,prot_ps,prot_acf,prot_cs,e_prot_ps,E_prot_ps,e_prot_acf,E_prot_acf,e_prot_cs,E_prot_cs,sph_ps,sph_acf,sph_cs,h_ps,fa_prob_ps,hacf,gacf,hcs
12306142,25.631301669748005,25.705535071901977,25.557382929972082,2.594166062164149,3.244319603235965,-1.0,-1.0,0.41493459476885985,0.41493459476885985,1481.1434985570754,1498.4324378284336,1534.5601861537755,0.14331408828359193,0.0,0.7498446372929046,0.37895599288670895,0.9884151566396591
