target_id,prot_ps,prot_acf,prot_cs,e_prot_ps,E_prot_ps,e_prot_acf,E_prot_acf,e_prot_cs,E_prot_cs,sph_ps,sph_acf,sph_cs,h_ps,fa_prob_ps,hacf,gacf,hcs
12300406,32.509191823365136,17.450777228921652,45.935172719631154,2.3475811237708335,2.7419402791593086,-1.0,-1.0,2.1792616886502882,2.1792616886502882,4237.971859791833,3768.149965221945,4237.971859791833,0.5832343645598879,0.0,0.0004055501102825376,-0.34243773130147537,0.1320534669287696
