target_id,prot_ps,prot_acf,prot_cs,e_prot_ps,E_prot_ps,e_prot_acf,E_prot_acf,e_prot_cs,E_prot_cs,sph_ps,sph_acf,sph_cs,h_ps,fa_prob_ps,hacf,gacf,hcs
12301792,14.908015329065,14.610074651427567,14.747184582771736,0.6491911860033124,0.7118042142237027,-1.0,-1.0,0.40561323745419675,0.40561323745419675,6221.599612719917,6290.30864065293,6258.6731588509865,0.17112358005370212,0.0,1.1913195687756721,0.615000198989923,0.9774508757588637
