target_id,prot_ps,prot_acf,prot_cs,e_prot_ps,E_prot_ps,e_prot_acf,E_prot_acf,e_prot_cs,E_prot_cs,sph_ps,sph_acf,sph_cs,h_ps,fa_prob_ps,hacf,gacf,hcs
12302305,91.31152723401375,33.59293036535382,37.44924197974204,0.9225141962331378,0.9415385653129107,-1.0,-1.0,0.7852916364395663,0.7852916364395663,787.0044206987463,789.1596092487677,788.7845160356579,0.1338532072112539,0.0,0.0005657770505043958,-0.45811563704131697,0.12745245139309905
