target_id,prot_ps,prot_acf,prot_cs,e_prot_ps,E_prot_ps,e_prot_acf,E_prot_acf,e_prot_cs,E_prot_cs,sph_ps,sph_acf,sph_cs,h_ps,fa_prob_ps,hacf,gacf,hcs
12302918,9.246759120420991,9.338186935987324,9.349016780792734,0.2017835633084708,0.2108958958680578,-1.0,-1.0,0.2210260112456476,0.2210260112456476,5188.079148538204,5188.575419881325,5184.914813262536,0.10646155465181487,0.0,1.1456790203930343,0.6876675568435496,0.9408299355272917
