target_id,prot_ps,prot_acf,prot_cs,e_prot_ps,E_prot_ps,e_prot_acf,E_prot_acf,e_prot_cs,E_prot_cs,sph_ps,sph_acf,sph_cs,h_ps,fa_prob_ps,hacf,gacf,hcs
12365337,73.59775751065769,5.721451956778765,5.842534455232824,12.176719045838368,18.10907418282241,-1.0,-1.0,0.037385337600561876,0.037385337600561876,424.4790874081265,355.420657939368,357.8007600273175,0.114112145676912,0.0,0.5144191388873564,0.763551607428758,0.6472422081007501
