target_id,prot_ps,prot_acf,prot_cs,e_prot_ps,E_prot_ps,e_prot_acf,E_prot_acf,e_prot_cs,E_prot_cs,sph_ps,sph_acf,sph_cs,h_ps,fa_prob_ps,hacf,gacf,hcs
12417486,73.04932338382618,37.046269718091935,41.52161627096506,2.318942660260703,2.474475522708076,-1.0,-1.0,1.1930736928940218,1.1930736928940218,882.5093415879464,868.0031205644796,882.565351470745,0.13002814399218476,0.0,0.0007241540883534126,-0.45931787146678144,0.24623154971049532
