target_id,prot_ps,prot_acf,prot_cs,e_prot_ps,E_prot_ps,e_prot_acf,E_prot_acf,e_prot_cs,E_prot_cs,sph_ps,sph_acf,sph_cs,h_ps,fa_prob_ps,hacf,gacf,hcs
12402593,73.04923782879996,28.055416638497263,28.934472737339192,0.8886300751682938,0.9107975592786204,-1.0,-1.0,5.632898624190998,5.632898624190998,963.9250673292403,961.015853743941,956.9364152251159,0.053528536366109415,0.0,0.0004616441705826979,-0.3610532829472825,0.23923457553984764
