target_id,prot_ps,prot_acf,prot_cs,e_prot_ps,E_prot_ps,e_prot_acf,E_prot_acf,e_prot_cs,E_prot_cs,sph_ps,sph_acf,sph_cs,h_ps,fa_prob_ps,hacf,gacf,hcs
12454853,18.730548623514753,18.512872030958533,18.768601318579165,1.1245472176432827,1.2762725883046961,-1.0,-1.0,0.3857268699084699,0.3857268699084699,5242.9266276337685,5214.496759478244,5243.479579983796,0.17099451163169688,0.0,0.9228963867381851,0.500597666207524,0.9789428724273015
