target_id,prot_ps,prot_acf,prot_cs,e_prot_ps,E_prot_ps,e_prot_acf,E_prot_acf,e_prot_cs,E_prot_cs,sph_ps,sph_acf,sph_cs,h_ps,fa_prob_ps,hacf,gacf,hcs
12401377,91.31020497326116,30.527868756093085,45.21250923906919,1.3991385105943408,1.4432537262270273,-1.0,-1.0,7.959769597649618,7.959769597649618,1005.9928449496477,989.9749381127691,993.6973877457841,0.06611718772580738,0.0,0.00011557187681193737,-0.4544448321195523,0.1409079820881858
