target_id,prot_ps,prot_acf,prot_cs,e_prot_ps,E_prot_ps,e_prot_acf,E_prot_acf,e_prot_cs,E_prot_cs,sph_ps,sph_acf,sph_cs,h_ps,fa_prob_ps,hacf,gacf,hcs
12454674,73.04919105554627,29.26098397001624,46.125895366421894,24.513977489421485,76.10086836495013,-1.0,-1.0,1.5372023153957592,1.5372023153957592,795.7429366716376,785.4291683715621,796.1714894187822,0.11434705853730391,0.0,0.002818689703045385,-0.5356723162772279,0.1082562666956378
