target_id,prot_ps,prot_acf,prot_cs,e_prot_ps,E_prot_ps,e_prot_acf,E_prot_acf,e_prot_cs,E_prot_cs,sph_ps,sph_acf,sph_cs,h_ps,fa_prob_ps,hacf,gacf,hcs
12417766,91.31059758545,31.10014411713928,30.750727254850787,1.3043395007458258,1.3427623280089875,-1.0,-1.0,0.7807071121891196,0.7807071121891196,1057.5400447332358,1043.526744795753,1020.7536932231633,0.07776536870652874,0.0,0.0005578498653427688,-0.4787395918970394,0.10914706877698925
