target_id,prot_ps,prot_acf,prot_cs,e_prot_ps,E_prot_ps,e_prot_acf,E_prot_acf,e_prot_cs,E_prot_cs,sph_ps,sph_acf,sph_cs,h_ps,fa_prob_ps,hacf,gacf,hcs
12406326,47.128535830599425,17.838584074750543,19.650606561646793,19.067295512780557,104.33711481804477,-1.0,-1.0,1.0105819215911689,1.0105819215911689,1246.5577608143058,1228.6466350939975,1217.6015924936353,0.04926916313899849,0.0,0.0015159950865704375,-0.3062267130298672,0.4407458581470119
