target_id,prot_ps,prot_acf,prot_cs,e_prot_ps,E_prot_ps,e_prot_acf,E_prot_acf,e_prot_cs,E_prot_cs,sph_ps,sph_acf,sph_cs,h_ps,fa_prob_ps,hacf,gacf,hcs
12405321,81.16578442541187,64.30470205424353,80.35084009973333,9.442095178498107,12.34242379444872,-1.0,-1.0,9.272001427875557,9.272001427875557,2779.124589807647,2682.249196720398,2780.386729678795,0.07281716413001693,0.0,0.3125613926055988,0.11694833545015296,1.9339755028229508
