target_id,prot_ps,prot_acf,prot_cs,e_prot_ps,E_prot_ps,e_prot_acf,E_prot_acf,e_prot_cs,E_prot_cs,sph_ps,sph_acf,sph_cs,h_ps,fa_prob_ps,hacf,gacf,hcs
12406784,74.8786188875948,32.85731126368046,45.95528691314403,26.321038729842847,90.78176299664341,-1.0,-1.0,1.1383015656635205,1.1383015656635205,413.13519533031166,409.4020769465004,408.76050296379907,0.09277554396951339,0.0,0.00030645630729123075,-0.4692934655012984,0.261232549027212
