target_id,prot_ps,prot_acf,prot_cs,e_prot_ps,E_prot_ps,e_prot_acf,E_prot_acf,e_prot_cs,E_prot_cs,sph_ps,sph_acf,sph_cs,h_ps,fa_prob_ps,hacf,gacf,hcs
12598744,46.76833407413323,17.572954520583153,73.27063821025199,4.251659052636327,5.1964711819698906,-1.0,-1.0,6.206194563209191,6.206194563209191,454.96523743129745,461.3255859577198,454.96523743129745,0.35618693282708513,0.0,0.0827940012088661,-0.3274445308138249,0.21322283361767613
