target_id,prot_ps,prot_acf,prot_cs,e_prot_ps,E_prot_ps,e_prot_acf,E_prot_acf,e_prot_cs,E_prot_cs,sph_ps,sph_acf,sph_cs,h_ps,fa_prob_ps,hacf,gacf,hcs
12506035,91.3117252221692,28.1575907189399,37.08035932506435,1.3193252966105717,1.3585804237882542,-1.0,-1.0,3.751537022579729,3.751537022579729,516.6635113413513,511.7816339896237,514.3204347184392,0.10741797703373653,0.0,0.000784254340511048,-0.5325986556353446,0.0778664345141056
