target_id,prot_ps,prot_acf,prot_cs,e_prot_ps,E_prot_ps,e_prot_acf,E_prot_acf,e_prot_cs,E_prot_cs,sph_ps,sph_acf,sph_cs,h_ps,fa_prob_ps,hacf,gacf,hcs
12553312,21.805735343658835,13.486211383715272,21.801600263113638,1.0977264633250599,1.2219895887068404,-1.0,-1.0,0.2525071260560466,0.2525071260560466,2021.765840806801,1928.1576124583646,2022.029373115314,0.0975979793473246,0.0,0.00011034427009383452,-0.18060581187361002,0.7427902561243723
