target_id,prot_ps,prot_acf,prot_cs,e_prot_ps,E_prot_ps,e_prot_acf,E_prot_acf,e_prot_cs,E_prot_cs,sph_ps,sph_acf,sph_cs,h_ps,fa_prob_ps,hacf,gacf,hcs
12602592,6.2108468455484465,6.314009757712483,6.273911453887883,0.3188218187854881,0.3548929513892487,-1.0,-1.0,0.16032405167831484,0.16032405167831484,2891.4964437986596,2867.5616040245536,2891.387959504796,0.10219875103614172,0.0,1.2151623514189498,0.7211005925209375,0.9814643720402249
