target_id,prot_ps,prot_acf,prot_cs,e_prot_ps,E_prot_ps,e_prot_acf,E_prot_acf,e_prot_cs,E_prot_cs,sph_ps,sph_acf,sph_cs,h_ps,fa_prob_ps,hacf,gacf,hcs
12601514,54.11053103419617,28.954488487448543,26.829388414975252,10.526724601079962,17.121955858414054,-1.0,-1.0,3.8540563688232763,3.8540563688232763,834.2238277631047,828.5143768748339,829.2322185005619,0.08165311835573104,0.0,0.0012316413928205594,-0.5352369649716627,0.09744491396031399
