target_id,prot_ps,prot_acf,prot_cs,e_prot_ps,E_prot_ps,e_prot_acf,E_prot_acf,e_prot_cs,E_prot_cs,sph_ps,sph_acf,sph_cs,h_ps,fa_prob_ps,hacf,gacf,hcs
12737258,40.58293061119072,48.816039639525115,40.528881117722854,4.159245812416621,5.218138578227759,-1.0,-1.0,0.874930602460817,0.874930602460817,2135.4959939366513,2138.1643873850608,2138.3977415514946,0.14686104121726173,0.0,0.23571625768374616,-0.05272222328085235,3.079142823087127
