target_id,prot_ps,prot_acf,prot_cs,e_prot_ps,E_prot_ps,e_prot_acf,E_prot_acf,e_prot_cs,E_prot_cs,sph_ps,sph_acf,sph_cs,h_ps,fa_prob_ps,hacf,gacf,hcs
12834663,89.96611993722145,12.34170233644545,103.06649614262862,8.1788054414817,9.996326461683253,-1.0,-1.0,13.31631101966213,13.31631101966213,1084.6710349116906,1022.0853799035998,1084.6710349116906,0.2802461541223589,0.0,0.007079299340394404,0.17887420349071137,1.3946336898527756
