{
    "model": {
        "accuracy": 0.956140350877193,
        "balanced_accuracy": 0.9414294314956566,
        "f1_score": 0.9675324675324676
    },
    "majority_baseline": {
        "accuracy": 0.6622807017543859,
        "balanced_accuracy": 0.5,
        "f1_score": 0.7968337730870712
    }
}